PLAYER_ID,COHORT_PLAYER_NAME,DRAFT_YEAR,season_num,season_string,games_with_shots,shot_attempts,shot_makes,avg_shot_distance,median_shot_distance,std_shot_distance,avg_loc_x,median_loc_x,avg_abs_loc_x,std_loc_x,avg_loc_y,median_loc_y,std_loc_y,avg_minutes_remaining,avg_seconds_remaining,avg_total_seconds_remaining,unique_action_types,fg_pct,attempts_per_game,makes_per_game,is_2pt_attempts,is_3pt_attempts,q1_flag_attempts,q2_flag_attempts,q3_flag_attempts,q4_flag_attempts,ot_flag_attempts,early_period_flag_attempts,late_period_flag_attempts,last_minute_flag_attempts,clutch_flag_attempts,zone_restricted_area_attempts,zone_paint_non_ra_attempts,zone_all_paint_attempts,zone_midrange_attempts,zone_left_corner3_attempts,zone_right_corner3_attempts,zone_corner3_attempts,zone_above_break3_attempts,zone_backcourt_attempts,range_lt8_attempts,range_8_16_attempts,range_16_24_attempts,range_24_plus_attempts,range_backcourt_attempts,side_left_attempts,side_right_attempts,side_center_attempts,side_backcourt_attempts,is_2pt_makes,is_3pt_makes,q1_flag_makes,q2_flag_makes,q3_flag_makes,q4_flag_makes,ot_flag_makes,early_period_flag_makes,late_period_flag_makes,last_minute_flag_makes,clutch_flag_makes,zone_restricted_area_makes,zone_paint_non_ra_makes,zone_all_paint_makes,zone_midrange_makes,zone_left_corner3_makes,zone_right_corner3_makes,zone_corner3_makes,zone_above_break3_makes,zone_backcourt_makes,range_lt8_makes,range_8_16_makes,range_16_24_makes,range_24_plus_makes,range_backcourt_makes,side_left_makes,side_right_makes,side_center_makes,side_backcourt_makes,is_2pt_share,is_2pt_fg_pct,is_3pt_share,is_3pt_fg_pct,q1_flag_share,q1_flag_fg_pct,q2_flag_share,q2_flag_fg_pct,q3_flag_share,q3_flag_fg_pct,q4_flag_share,q4_flag_fg_pct,ot_flag_share,ot_flag_fg_pct,early_period_flag_share,early_period_flag_fg_pct,late_period_flag_share,late_period_flag_fg_pct,last_minute_flag_share,last_minute_flag_fg_pct,clutch_flag_share,clutch_flag_fg_pct,zone_restricted_area_share,zone_restricted_area_fg_pct,zone_paint_non_ra_share,zone_paint_non_ra_fg_pct,zone_all_paint_share,zone_all_paint_fg_pct,zone_midrange_share,zone_midrange_fg_pct,zone_left_corner3_share,zone_left_corner3_fg_pct,zone_right_corner3_share,zone_right_corner3_fg_pct,zone_corner3_share,zone_corner3_fg_pct,zone_above_break3_share,zone_above_break3_fg_pct,zone_backcourt_share,zone_backcourt_fg_pct,range_lt8_share,range_lt8_fg_pct,range_8_16_share,range_8_16_fg_pct,range_16_24_share,range_16_24_fg_pct,range_24_plus_share,range_24_plus_fg_pct,range_backcourt_share,range_backcourt_fg_pct,side_left_share,side_left_fg_pct,side_right_share,side_right_fg_pct,side_center_share,side_center_fg_pct,side_backcourt_share,side_backcourt_fg_pct,two_pt_attempts,two_pt_makes,two_pt_pct,three_pt_attempts,three_pt_makes,three_pt_pct,three_share,q1_share,q2_share,q3_share,q4_share,ot_share,early_period_share,late_period_share,last_minute_share,clutch_share,action_jump_attempts,action_layup_attempts,action_dunk_attempts,action_hook_attempts,action_tip_attempts,action_fadeaway_attempts,action_pullup_attempts,action_stepback_attempts,action_turnaround_attempts,action_floating_attempts,action_bank_attempts,action_alley_oop_attempts,action_driving_attempts,action_running_attempts,action_reverse_attempts,action_putback_attempts,action_jump_share,action_layup_share,action_dunk_share,action_hook_share,action_tip_share,action_fadeaway_share,action_pullup_share,action_stepback_share,action_turnaround_share,action_floating_share,action_bank_share,action_alley_oop_share,action_driving_share,action_running_share,action_reverse_share,action_putback_share,low_volume_lt50_flag,low_volume_lt100_flag
947,Allen Iverson,1996,1,1996-97,76,1504,625,10.94215425531915,10.0,10.916972308202135,-12.138297872340425,0.0,70.27127659574468,104.31033600256382,71.82180851063829,10.0,93.7986413878235,5.060505319148936,28.18617021276596,331.8164893617021,9,0.41555851063829785,19.789473684210527,8.223684210526315,1049,455,442,323,364,366,9,438,327,186,191,652,97,749,435,29,11,40,276,4,713,188,283,315,5,375,277,1202,5,470,155,181,132,141,167,4.0,176,125,68,85,314,49,363,162,16.0,5.0,21,79,0.0,342,66,117,100,0.0,140,85,522,0.0,0.6974734042553191,0.44804575786463297,0.3025265957446808,0.34065934065934067,0.29388297872340424,0.4095022624434389,0.21476063829787234,0.4086687306501548,0.24202127659574468,0.3873626373626374,0.24335106382978725,0.4562841530054645,0.005984042553191489,0.4444444444444444,0.2912234042553192,0.4018264840182648,0.21742021276595744,0.382262996941896,0.12367021276595745,0.3655913978494624,0.12699468085106383,0.44502617801047123,0.43351063829787234,0.4815950920245399,0.06449468085106383,0.5051546391752577,0.49800531914893614,0.48464619492656874,0.2892287234042553,0.3724137931034483,0.01928191489361702,0.5517241379310345,0.007313829787234043,0.45454545454545453,0.026595744680851064,0.525,0.18351063829787234,0.286231884057971,0.0026595744680851063,0.0,0.4740691489361702,0.4796633941093969,0.125,0.35106382978723405,0.18816489361702127,0.4134275618374558,0.20944148936170212,0.31746031746031744,0.003324468085106383,0.0,0.24933510638297873,0.37333333333333335,0.1841755319148936,0.30685920577617326,0.7992021276595744,0.43427620632279534,0.003324468085106383,0.0,1049,470,0.44804575786463297,455,155,0.34065934065934067,0.3025265957446808,0.29388297872340424,0.21476063829787234,0.24202127659574468,0.24335106382978725,0.005984042553191489,0.2912234042553192,0.21742021276595744,0.12367021276595745,0.12699468085106383,859,601,34,4,6,0,0,0,0,0,0,0,231,51,0,0,0.5711436170212766,0.3996010638297872,0.022606382978723406,0.0026595744680851063,0.003989361702127659,0.0,0.0,0.0,0.0,0.0,0.0,0.0,0.1535904255319149,0.0339095744680851,0.0,0.0,0,0
947,Allen Iverson,1996,2,1997-98,80,1407,649,10.69225302061123,10.0,9.575029222270976,-11.764747690120824,0.0,71.26723525230987,101.79763741849212,65.81876332622602,27.0,82.62358210036304,5.233120113717129,28.35323383084577,342.3404406538735,9,0.4612651030561478,17.5875,8.1125,1172,235,433,306,356,307,5,437,280,172,145,505,194,699,475,13,6,19,214,0,627,268,279,232,1,363,265,1047,1,579,70,203,133,162,150,1.0,180,135,79,69,297,75,372,207,7.0,4.0,11,59,0.0,342,109,128,70,0.0,146,102,494,0.0,0.8329779673063256,0.49402730375426623,0.1670220326936745,0.2978723404255319,0.30774697938877044,0.46882217090069284,0.21748400852878466,0.434640522875817,0.25302061122956643,0.4550561797752809,0.21819474058280028,0.48859934853420195,0.0035536602700781805,0.2,0.31058990760483296,0.41189931350114417,0.19900497512437812,0.48214285714285715,0.12224591329068941,0.45930232558139533,0.10305614783226724,0.47586206896551725,0.35891968727789625,0.5881188118811881,0.1378820184790334,0.3865979381443299,0.4968017057569296,0.5321888412017167,0.33759772565742713,0.4357894736842105,0.00923951670220327,0.5384615384615384,0.0042643923240938165,0.6666666666666666,0.013503909026297086,0.5789473684210527,0.15209665955934612,0.2757009345794392,0.0,,0.44562899786780386,0.5454545454545454,0.19047619047619047,0.40671641791044777,0.19829424307036247,0.45878136200716846,0.1648898365316276,0.3017241379310345,0.0007107320540156361,0.0,0.2579957356076759,0.4022038567493113,0.18834399431414356,0.3849056603773585,0.744136460554371,0.47182425978987586,0.0007107320540156361,0.0,1172,579,0.49402730375426623,235,70,0.2978723404255319,0.1670220326936745,0.30774697938877044,0.21748400852878466,0.25302061122956643,0.21819474058280028,0.0035536602700781805,0.31058990760483296,0.19900497512437812,0.12224591329068941,0.10305614783226724,906,454,36,2,9,0,0,0,0,0,0,0,244,72,0,0,0.6439232409381663,0.3226723525230988,0.0255863539445629,0.0014214641080312722,0.006396588486140725,0.0,0.0,0.0,0.0,0.0,0.0,0.0,0.1734186211798152,0.0511727078891258,0.0,0.0,0,0
947,Allen Iverson,1996,3,1998-99,48,1056,435,12.344696969696969,14.0,9.479762945374882,-6.798295454545454,0.0,94.01041666666667,122.32400467739167,64.78219696969697,32.0,79.35924620126634,5.3039772727272725,28.21780303030303,346.4564393939394,7,0.4119318181818182,22.0,9.0625,857,199,318,229,266,227,16,317,187,108,118,308,118,426,431,23,17,40,159,0,385,205,267,199,0,318,275,680,0,377,58,137,86,112,96,4.0,134,75,40,36,185,26,211,166,14.0,7.0,21,37,0.0,196,71,110,58,0.0,124,96,285,0.0,0.8115530303030303,0.43990665110851807,0.1884469696969697,0.2914572864321608,0.30113636363636365,0.4308176100628931,0.2168560606060606,0.37554585152838427,0.2518939393939394,0.42105263157894735,0.21496212121212122,0.42290748898678415,0.015151515151515152,0.25,0.3001893939393939,0.4227129337539432,0.17708333333333334,0.40106951871657753,0.10227272727272728,0.37037037037037035,0.11174242424242424,0.3050847457627119,0.2916666666666667,0.6006493506493507,0.11174242424242424,0.22033898305084745,0.4034090909090909,0.4953051643192488,0.4081439393939394,0.3851508120649652,0.021780303030303032,0.6086956521739131,0.016098484848484848,0.4117647058823529,0.03787878787878788,0.525,0.15056818181818182,0.23270440251572327,0.0,,0.3645833333333333,0.509090909090909,0.19412878787878787,0.3463414634146341,0.2528409090909091,0.41198501872659177,0.1884469696969697,0.2914572864321608,0.0,,0.30113636363636365,0.389937106918239,0.2604166666666667,0.3490909090909091,0.6439393939393939,0.41911764705882354,0.0,,857,377,0.43990665110851807,199,58,0.2914572864321608,0.1884469696969697,0.30113636363636365,0.2168560606060606,0.2518939393939394,0.21496212121212122,0.015151515151515152,0.3001893939393939,0.17708333333333334,0.10227272727272728,0.11174242424242424,763,278,3,1,11,0,0,0,0,0,0,0,149,51,0,0,0.7225378787878788,0.26325757575757575,0.002840909090909091,0.000946969696969697,0.010416666666666666,0.0,0.0,0.0,0.0,0.0,0.0,0.0,0.14109848484848486,0.048295454545454544,0.0,0.0,0,0
947,Allen Iverson,1996,4,1999-00,70,1733,729,11.689555683785343,13.0,9.070132855800338,-19.852279284477785,0.0,89.1875360646278,115.75809017437199,60.328332371609925,29.0,75.14311279951899,4.988459319099827,28.51009809578765,327.8176572417773,9,0.42065781881130987,24.757142857142856,10.414285714285715,1472,261,523,360,471,362,17,447,320,176,194,490,263,753,720,30,13,43,217,0,663,358,452,260,0,556,391,1103,0,640,89,232,166,180,146,5.0,182,126,62,74,326,53,379,262,14.0,6.0,20,68,0.0,356,111,174,88,0.0,206,129,500,0.0,0.8493941142527409,0.43478260869565216,0.15060588574725908,0.34099616858237547,0.3017888055395268,0.4435946462715105,0.20773225620311597,0.46111111111111114,0.27178303519907676,0.3821656050955414,0.2088863242931333,0.40331491712707185,0.009809578765147143,0.29411764705882354,0.257934218118869,0.407158836689038,0.18465089440276977,0.39375,0.10155799192152337,0.3522727272727273,0.11194460473167916,0.38144329896907214,0.2827466820542412,0.6653061224489796,0.1517599538372764,0.20152091254752852,0.4345066358915176,0.5033200531208499,0.41546451240623195,0.3638888888888889,0.017311021350259664,0.4666666666666667,0.0075014425851125215,0.46153846153846156,0.024812463935372186,0.46511627906976744,0.12521638776687824,0.31336405529953915,0.0,,0.3825735718407386,0.5369532428355958,0.20657818811309867,0.3100558659217877,0.2608193883439123,0.38495575221238937,0.15002885170225044,0.3384615384615385,0.0,,0.3208309290248125,0.37050359712230213,0.2256203115983843,0.329923273657289,0.6364685516445471,0.45330915684496825,0.0,,1472,640,0.43478260869565216,261,89,0.34099616858237547,0.15060588574725908,0.3017888055395268,0.20773225620311597,0.27178303519907676,0.2088863242931333,0.009809578765147143,0.257934218118869,0.18465089440276977,0.10155799192152337,0.11194460473167916,1258,453,15,3,4,0,0,0,0,0,0,0,294,89,0,0,0.7259088286208887,0.26139642238892097,0.008655510675129832,0.0017311021350259665,0.002308136180034622,0.0,0.0,0.0,0.0,0.0,0.0,0.0,0.16964800923254472,0.05135603000577034,0.0,0.0,0,0
951,Ray Allen,1996,1,1996-97,82,908,390,13.071585903083701,14.0,9.876991344096416,0.32819383259911894,0.0,88.26431718061674,118.22332406540492,77.51101321585904,52.0,90.5491691210925,5.66409691629956,28.20374449339207,368.0495594713656,8,0.42951541850220265,11.073170731707316,4.7560975609756095,610,298,295,155,277,179,2,344,159,95,103,244,105,349,347,24,31,55,154,3,295,202,199,209,3,252,244,624,3,273,117,141,60,114,74,1.0,157,65,35,44,114,48,162,147,11.0,15.0,26,54,1.0,137,87,85,80,1.0,112,102,258,1.0,0.6718061674008811,0.44754098360655736,0.32819383259911894,0.3926174496644295,0.3248898678414097,0.47796610169491527,0.17070484581497797,0.3870967741935484,0.30506607929515417,0.41155234657039713,0.197136563876652,0.4134078212290503,0.0022026431718061676,0.5,0.3788546255506608,0.4563953488372093,0.1751101321585903,0.4088050314465409,0.10462555066079295,0.3684210526315789,0.11343612334801761,0.42718446601941745,0.2687224669603524,0.4672131147540984,0.11563876651982379,0.45714285714285713,0.3843612334801762,0.46418338108882523,0.38215859030837,0.42363112391930835,0.02643171806167401,0.4583333333333333,0.034140969162995596,0.4838709677419355,0.0605726872246696,0.4727272727272727,0.1696035242290749,0.35064935064935066,0.003303964757709251,0.3333333333333333,0.3248898678414097,0.46440677966101696,0.22246696035242292,0.4306930693069307,0.21916299559471367,0.4271356783919598,0.2301762114537445,0.3827751196172249,0.003303964757709251,0.3333333333333333,0.2775330396475771,0.4444444444444444,0.2687224669603524,0.4180327868852459,0.6872246696035242,0.41346153846153844,0.003303964757709251,0.3333333333333333,610,273,0.44754098360655736,298,117,0.3926174496644295,0.32819383259911894,0.3248898678414097,0.17070484581497797,0.30506607929515417,0.197136563876652,0.0022026431718061676,0.3788546255506608,0.1751101321585903,0.10462555066079295,0.11343612334801761,672,207,23,0,6,0,0,0,0,0,0,0,33,18,0,0,0.7400881057268722,0.22797356828193832,0.025330396475770924,0.0,0.006607929515418502,0.0,0.0,0.0,0.0,0.0,0.0,0.0,0.03634361233480176,0.019823788546255508,0.0,0.0,0,0
951,Ray Allen,1996,2,1997-98,82,1315,563,14.492015209125475,15.0,10.448491700362975,-3.617490494296578,0.0,101.1231939163498,125.28879454220008,82.6106463878327,51.0,103.96327595867598,5.243346007604563,28.51634980988593,343.11711026615967,9,0.4281368821292776,16.036585365853657,6.865853658536586,947,368,426,253,342,271,23,433,273,161,139,265,144,409,543,37,27,64,285,14,350,322,280,348,15,444,401,815,15,429,134,177,113,153,109,11.0,191,110,55,52,161,50,211,220,15.0,10.0,25,106,1.0,183,134,114,131,1.0,174,165,367,1.0,0.7201520912547529,0.4530095036958817,0.2798479087452472,0.3641304347826087,0.3239543726235741,0.4154929577464789,0.19239543726235742,0.44664031620553357,0.2600760456273764,0.4473684210526316,0.20608365019011407,0.4022140221402214,0.01749049429657795,0.4782608695652174,0.32927756653992396,0.44110854503464203,0.20760456273764258,0.40293040293040294,0.12243346007604562,0.3416149068322981,0.10570342205323194,0.37410071942446044,0.20152091254752852,0.6075471698113207,0.10950570342205324,0.3472222222222222,0.31102661596958175,0.5158924205378973,0.4129277566539924,0.40515653775322286,0.028136882129277566,0.40540540540540543,0.02053231939163498,0.37037037037037035,0.048669201520912544,0.390625,0.21673003802281368,0.3719298245614035,0.01064638783269962,0.07142857142857142,0.2661596958174905,0.5228571428571429,0.24486692015209124,0.4161490683229814,0.21292775665399238,0.40714285714285714,0.264638783269962,0.3764367816091954,0.011406844106463879,0.06666666666666667,0.3376425855513308,0.3918918918918919,0.30494296577946767,0.4114713216957606,0.6197718631178707,0.4503067484662577,0.011406844106463879,0.06666666666666667,947,429,0.4530095036958817,368,134,0.3641304347826087,0.2798479087452472,0.3239543726235741,0.19239543726235742,0.2600760456273764,0.20608365019011407,0.01749049429657795,0.32927756653992396,0.20760456273764258,0.12243346007604562,0.10570342205323194,1052,214,40,2,7,0,0,0,0,0,0,0,78,32,0,0,0.8,0.16273764258555132,0.030418250950570342,0.001520912547528517,0.00532319391634981,0.0,0.0,0.0,0.0,0.0,0.0,0.0,0.05931558935361217,0.024334600760456272,0.0,0.0,0,0
951,Ray Allen,1996,3,1998-99,50,673,303,13.827637444279347,15.0,10.121729773435618,15.514115898959881,0.0,101.98068350668647,129.66089079225134,73.70876671619614,38.0,90.86835485526166,5.118870728083209,29.090638930163447,336.22288261515604,9,0.45022288261515603,13.46,6.06,465,208,218,125,184,138,8,189,120,68,94,164,67,231,235,33,27,60,145,2,203,147,116,203,4,165,249,429,4,229,74,96,53,84,67,3.0,91,46,23,46,107,32,139,91,13.0,13.0,26,47,0.0,128,60,42,73,0.0,62,98,203,0.0,0.6909361069836553,0.4924731182795699,0.30906389301634474,0.3557692307692308,0.32392273402674593,0.44036697247706424,0.18573551263001487,0.424,0.27340267459138184,0.45652173913043476,0.2050520059435364,0.4855072463768116,0.01188707280832095,0.375,0.28083209509658247,0.48148148148148145,0.17830609212481427,0.38333333333333336,0.10104011887072809,0.3382352941176471,0.13967310549777118,0.48936170212765956,0.2436849925705795,0.6524390243902439,0.09955423476968796,0.47761194029850745,0.34323922734026746,0.6017316017316018,0.3491827637444279,0.3872340425531915,0.04903417533432392,0.3939393939393939,0.04011887072808321,0.48148148148148145,0.08915304606240713,0.43333333333333335,0.21545319465081725,0.32413793103448274,0.0029717682020802376,0.0,0.3016344725111441,0.6305418719211823,0.21842496285289748,0.40816326530612246,0.1723625557206538,0.3620689655172414,0.3016344725111441,0.35960591133004927,0.005943536404160475,0.0,0.2451708766716196,0.37575757575757573,0.3699851411589896,0.39357429718875503,0.637444279346211,0.4731934731934732,0.005943536404160475,0.0,465,229,0.4924731182795699,208,74,0.3557692307692308,0.30906389301634474,0.32392273402674593,0.18573551263001487,0.27340267459138184,0.2050520059435364,0.01188707280832095,0.28083209509658247,0.17830609212481427,0.10104011887072809,0.13967310549777118,518,121,32,1,1,0,0,0,0,0,0,0,44,17,0,0,0.7696879643387816,0.17979197622585438,0.0475482912332838,0.0014858841010401188,0.0014858841010401188,0.0,0.0,0.0,0.0,0.0,0.0,0.0,0.06537890044576523,0.02526002971768202,0.0,0.0,0,0
951,Ray Allen,1996,4,1999-00,82,1411,642,13.82636428065202,14.0,10.154077518285327,10.3756201275691,0.0,100.35152374202693,125.96508837891014,74.83982990786676,42.0,96.23288021850098,5.261516654854713,27.81785967399008,343.50885896527285,8,0.45499645641389086,17.20731707317073,7.829268292682927,1004,407,443,293,380,285,10,436,255,148,159,298,194,492,513,57,62,119,275,12,401,381,223,394,12,392,482,837,12,470,172,203,143,174,121,1.0,206,104,59,67,174,88,262,209,27.0,27.0,54,117,0.0,219,163,89,171,0.0,180,186,403,0.0,0.7115520907158044,0.4681274900398406,0.2884479092841956,0.4226044226044226,0.31396172927002125,0.4582392776523702,0.2076541459957477,0.4880546075085324,0.2693125442948264,0.45789473684210524,0.20198440822111977,0.4245614035087719,0.007087172218284904,0.1,0.30900070871722185,0.4724770642201835,0.18072289156626506,0.40784313725490196,0.10489014883061658,0.39864864864864863,0.11268603827072998,0.42138364779874216,0.21119773210489015,0.5838926174496645,0.13749114103472715,0.4536082474226804,0.3486888731396173,0.532520325203252,0.3635719347980156,0.4074074074074074,0.040396881644223954,0.47368421052631576,0.04394046775336641,0.43548387096774194,0.08433734939759036,0.453781512605042,0.19489723600283487,0.4254545454545455,0.008504606661941885,0.0,0.2841956059532247,0.5461346633416458,0.27002126151665484,0.42782152230971127,0.15804394046775336,0.3991031390134529,0.27923458540042523,0.434010152284264,0.008504606661941885,0.0,0.27781715095676823,0.45918367346938777,0.3416017009213324,0.38589211618257263,0.5931963146704465,0.48148148148148145,0.008504606661941885,0.0,1004,470,0.4681274900398406,407,172,0.4226044226044226,0.2884479092841956,0.31396172927002125,0.2076541459957477,0.2693125442948264,0.20198440822111977,0.007087172218284904,0.30900070871722185,0.18072289156626506,0.10489014883061658,0.11268603827072998,1116,230,60,0,5,0,0,0,0,0,0,0,75,51,0,0,0.7909284195605953,0.1630049610205528,0.042523033309709427,0.0,0.003543586109142452,0.0,0.0,0.0,0.0,0.0,0.0,0.0,0.05315379163713678,0.03614457831325301,0.0,0.0,0,0
959,Steve Nash,1996,1,1996-97,55,175,74,13.662857142857144,15.0,8.836675329006898,0.7085714285714285,0.0,82.91428571428571,111.05740819330391,96.33714285714285,97.0,79.73818899933246,4.508571428571429,27.302857142857142,297.81714285714287,4,0.4228571428571429,3.1818181818181817,1.3454545454545455,120,55,14,52,19,87,3,45,49,29,52,39,19,58,92,3,5,8,17,0,48,41,61,25,0,45,50,132,0,51,23,8,19,11,36,0.0,16,23,14,19,13,8,21,44,2.0,2.0,4,5,0.0,17,18,30,9,0.0,19,24,55,0.0,0.6857142857142857,0.425,0.3142857142857143,0.41818181818181815,0.08,0.5714285714285714,0.29714285714285715,0.36538461538461536,0.10857142857142857,0.5789473684210527,0.49714285714285716,0.41379310344827586,0.017142857142857144,0.0,0.2571428571428571,0.35555555555555557,0.28,0.46938775510204084,0.1657142857142857,0.4827586206896552,0.29714285714285715,0.36538461538461536,0.22285714285714286,0.3333333333333333,0.10857142857142857,0.42105263157894735,0.3314285714285714,0.3620689655172414,0.5257142857142857,0.4782608695652174,0.017142857142857144,0.6666666666666666,0.02857142857142857,0.4,0.045714285714285714,0.5,0.09714285714285714,0.29411764705882354,0.0,,0.2742857142857143,0.3541666666666667,0.2342857142857143,0.43902439024390244,0.3485714285714286,0.4918032786885246,0.14285714285714285,0.36,0.0,,0.2571428571428571,0.4222222222222222,0.2857142857142857,0.48,0.7542857142857143,0.4166666666666667,0.0,,120,51,0.425,55,23,0.41818181818181815,0.3142857142857143,0.08,0.29714285714285715,0.10857142857142857,0.49714285714285716,0.017142857142857144,0.2571428571428571,0.28,0.1657142857142857,0.29714285714285715,136,39,0,0,0,0,0,0,0,0,0,0,14,4,0,0,0.7771428571428571,0.22285714285714286,0.0,0.0,0.0,0.0,0.0,0.0,0.0,0.0,0.0,0.0,0.08,0.022857142857142857,0.0,0.0,0,0
959,Steve Nash,1996,2,1997-98,73,584,268,15.931506849315069,18.0,8.335303854681436,2.5736301369863015,0.0,100.03938356164383,123.57895396310109,107.9777397260274,117.0,83.4952439624597,5.065068493150685,27.54794520547945,331.45205479452056,6,0.4589041095890411,8.0,3.671232876712329,389,195,79,201,106,195,3,200,145,95,74,86,46,132,262,15,21,36,154,0,109,122,163,190,0,181,203,427,0,187,81,32,103,47,86,0.0,90,57,34,30,49,22,71,120,8.0,8.0,16,61,0.0,59,52,80,77,0.0,75,87,204,0.0,0.666095890410959,0.480719794344473,0.3339041095890411,0.4153846153846154,0.13527397260273974,0.4050632911392405,0.3441780821917808,0.5124378109452736,0.1815068493150685,0.44339622641509435,0.3339041095890411,0.441025641025641,0.005136986301369863,0.0,0.3424657534246575,0.45,0.2482876712328767,0.3931034482758621,0.16267123287671234,0.35789473684210527,0.1267123287671233,0.40540540540540543,0.14726027397260275,0.5697674418604651,0.07876712328767123,0.4782608695652174,0.22602739726027396,0.5378787878787878,0.4486301369863014,0.4580152671755725,0.025684931506849314,0.5333333333333333,0.03595890410958904,0.38095238095238093,0.06164383561643835,0.4444444444444444,0.2636986301369863,0.3961038961038961,0.0,,0.18664383561643835,0.5412844036697247,0.2089041095890411,0.4262295081967213,0.2791095890410959,0.49079754601226994,0.3253424657534247,0.4052631578947368,0.0,,0.3099315068493151,0.4143646408839779,0.3476027397260274,0.42857142857142855,0.7311643835616438,0.477751756440281,0.0,,389,187,0.480719794344473,195,81,0.4153846153846154,0.3339041095890411,0.13527397260273974,0.3441780821917808,0.1815068493150685,0.3339041095890411,0.005136986301369863,0.3424657534246575,0.2482876712328767,0.16267123287671234,0.1267123287671233,499,82,0,1,2,0,0,0,0,0,0,0,25,12,0,0,0.8544520547945206,0.1404109589041096,0.0,0.0017123287671232876,0.003424657534246575,0.0,0.0,0.0,0.0,0.0,0.0,0.0,0.04280821917808219,0.02054794520547945,0.0,0.0,0,0
959,Steve Nash,1996,3,1998-99,40,314,114,16.961783439490446,18.5,8.509258517359315,-1.9363057324840764,0.0,105.80254777070064,129.45744148914667,113.0828025477707,118.0,91.09503949653148,5.560509554140127,26.53184713375796,360.1624203821656,4,0.3630573248407643,7.85,2.85,183,131,119,48,84,58,5,104,47,25,36,43,21,64,119,9,9,18,113,0,49,61,73,131,0,108,111,220,0,65,49,44,17,32,21,0.0,30,9,5,12,16,7,23,42,4.0,1.0,5,44,0.0,17,25,23,49,0.0,40,40,78,0.0,0.5828025477707006,0.3551912568306011,0.4171974522292994,0.37404580152671757,0.37898089171974525,0.3697478991596639,0.15286624203821655,0.3541666666666667,0.267515923566879,0.38095238095238093,0.18471337579617833,0.3620689655172414,0.01592356687898089,0.0,0.33121019108280253,0.28846153846153844,0.14968152866242038,0.19148936170212766,0.07961783439490445,0.2,0.11464968152866242,0.3333333333333333,0.13694267515923567,0.37209302325581395,0.06687898089171974,0.3333333333333333,0.20382165605095542,0.359375,0.37898089171974525,0.35294117647058826,0.028662420382165606,0.4444444444444444,0.028662420382165606,0.1111111111111111,0.05732484076433121,0.2777777777777778,0.35987261146496813,0.3893805309734513,0.0,,0.15605095541401273,0.3469387755102041,0.1942675159235669,0.4098360655737705,0.23248407643312102,0.3150684931506849,0.4171974522292994,0.37404580152671757,0.0,,0.34394904458598724,0.37037037037037035,0.3535031847133758,0.36036036036036034,0.7006369426751592,0.35454545454545455,0.0,,183,65,0.3551912568306011,131,49,0.37404580152671757,0.4171974522292994,0.37898089171974525,0.15286624203821655,0.267515923566879,0.18471337579617833,0.01592356687898089,0.33121019108280253,0.14968152866242038,0.07961783439490445,0.11464968152866242,272,42,0,0,0,0,0,0,0,0,0,0,32,7,0,0,0.8662420382165605,0.1337579617834395,0.0,0.0,0.0,0.0,0.0,0.0,0.0,0.0,0.0,0.0,0.10191082802547771,0.022292993630573247,0.0,0.0,0,0
959,Steve Nash,1996,4,1999-00,56,363,173,16.735537190082646,18.0,8.294078892149095,-13.454545454545455,-8.0,115.31129476584022,136.6238737297701,101.54820936639119,98.0,85.73716591836326,4.873278236914601,27.614325068870524,320.0110192837466,5,0.4765840220385675,6.482142857142857,3.0892857142857144,214,149,77,107,82,97,0,98,84,54,44,39,50,89,125,13,20,33,116,0,59,85,70,147,2,144,108,233,2,113,60,34,49,44,46,0.0,47,31,21,17,28,24,52,61,7.0,6.0,13,47,0.0,37,39,37,60,0.0,76,37,119,0.0,0.5895316804407713,0.5280373831775701,0.41046831955922863,0.40268456375838924,0.21212121212121213,0.44155844155844154,0.29476584022038566,0.45794392523364486,0.22589531680440772,0.5365853658536586,0.26721763085399447,0.4742268041237113,0.0,,0.2699724517906336,0.47959183673469385,0.23140495867768596,0.36904761904761907,0.1487603305785124,0.3888888888888889,0.12121212121212122,0.38636363636363635,0.10743801652892562,0.717948717948718,0.13774104683195593,0.48,0.24517906336088155,0.5842696629213483,0.3443526170798898,0.488,0.03581267217630854,0.5384615384615384,0.05509641873278237,0.3,0.09090909090909091,0.3939393939393939,0.31955922865013775,0.4051724137931034,0.0,,0.162534435261708,0.6271186440677966,0.23415977961432508,0.4588235294117647,0.1928374655647383,0.5285714285714286,0.4049586776859504,0.40816326530612246,0.005509641873278237,0.0,0.39669421487603307,0.5277777777777778,0.2975206611570248,0.3425925925925926,0.6418732782369146,0.5107296137339056,0.005509641873278237,0.0,214,113,0.5280373831775701,149,60,0.40268456375838924,0.41046831955922863,0.21212121212121213,0.29476584022038566,0.22589531680440772,0.26721763085399447,0.0,0.2699724517906336,0.23140495867768596,0.1487603305785124,0.12121212121212122,327,35,0,0,1,0,0,0,0,0,0,0,17,9,0,0,0.9008264462809917,0.09641873278236915,0.0,0.0,0.0027548209366391185,0.0,0.0,0.0,0.0,0.0,0.0,0.0,0.046831955922865015,0.024793388429752067,0.0,0.0,0,0
977,Kobe Bryant,1996,1,1996-97,67,422,176,11.5,13.0,10.2627592794776,0.04739336492890995,0.0,73.02369668246446,103.09473829661829,80.09715639810426,45.0,88.53077643787397,4.850710900473934,27.07345971563981,318.11611374407585,8,0.41706161137440756,6.298507462686567,2.626865671641791,286,136,61,147,57,151,6,129,115,72,78,161,39,200,146,5,4,9,67,0,183,59,104,76,0,99,105,339,0,125,51,25,67,26,56,2.0,51,49,28,31,75,17,92,58,3.0,0.0,3,23,0.0,84,23,43,26,0.0,42,34,147,0.0,0.6777251184834123,0.4370629370629371,0.3222748815165877,0.375,0.14454976303317535,0.4098360655737705,0.34834123222748814,0.4557823129251701,0.13507109004739337,0.45614035087719296,0.3578199052132701,0.3708609271523179,0.014218009478672985,0.3333333333333333,0.3056872037914692,0.3953488372093023,0.2725118483412322,0.4260869565217391,0.17061611374407584,0.3888888888888889,0.1848341232227488,0.3974358974358974,0.3815165876777251,0.4658385093167702,0.0924170616113744,0.4358974358974359,0.47393364928909953,0.46,0.3459715639810427,0.3972602739726027,0.011848341232227487,0.6,0.009478672985781991,0.0,0.02132701421800948,0.3333333333333333,0.15876777251184834,0.34328358208955223,0.0,,0.43364928909952605,0.45901639344262296,0.13981042654028436,0.3898305084745763,0.24644549763033174,0.41346153846153844,0.18009478672985782,0.34210526315789475,0.0,,0.23459715639810427,0.42424242424242425,0.24881516587677724,0.3238095238095238,0.8033175355450237,0.4336283185840708,0.0,,286,125,0.4370629370629371,136,51,0.375,0.3222748815165877,0.14454976303317535,0.34834123222748814,0.13507109004739337,0.3578199052132701,0.014218009478672985,0.3056872037914692,0.2725118483412322,0.17061611374407584,0.1848341232227488,263,134,18,0,7,0,0,0,0,0,0,0,42,18,0,0,0.6232227488151659,0.3175355450236967,0.04265402843601896,0.0,0.016587677725118485,0.0,0.0,0.0,0.0,0.0,0.0,0.0,0.0995260663507109,0.04265402843601896,0.0,0.0,0,0
977,Kobe Bryant,1996,2,1997-98,79,913,391,11.700985761226725,11.0,10.479269903548618,-5.455640744797371,0.0,68.81161007667032,98.2082042112425,83.29791894852136,46.0,96.05267975091138,4.4884994523548745,27.350492880613363,296.6604600219058,9,0.42825848849945236,11.556962025316455,4.949367088607595,693,220,173,258,185,290,7,245,268,158,103,309,128,437,256,8,5,13,204,3,383,183,127,216,4,216,195,711,4,316,75,71,120,75,124,1.0,108,103,54,40,189,44,233,83,1.0,2.0,3,72,0.0,214,63,39,75,0.0,72,70,326,0.0,0.7590361445783133,0.455988455988456,0.24096385542168675,0.3409090909090909,0.18948521358159912,0.41040462427745666,0.28258488499452356,0.46511627906976744,0.20262869660460023,0.40540540540540543,0.3176341730558598,0.42758620689655175,0.007667031763417305,0.14285714285714285,0.2683461117196057,0.44081632653061226,0.29353778751369114,0.3843283582089552,0.17305585980284777,0.34177215189873417,0.11281489594742607,0.3883495145631068,0.3384446878422782,0.6116504854368932,0.140197152245345,0.34375,0.4786418400876232,0.5331807780320366,0.28039430449069,0.32421875,0.008762322015334063,0.125,0.00547645125958379,0.4,0.014238773274917854,0.23076923076923078,0.22343921139101863,0.35294117647058826,0.0032858707557502738,0.0,0.4194961664841183,0.5587467362924282,0.2004381161007667,0.3442622950819672,0.13910186199342825,0.30708661417322836,0.23658269441401972,0.3472222222222222,0.004381161007667032,0.0,0.23658269441401972,0.3333333333333333,0.21358159912376778,0.358974358974359,0.778751369112815,0.45850914205344584,0.004381161007667032,0.0,693,316,0.455988455988456,220,75,0.3409090909090909,0.24096385542168675,0.18948521358159912,0.28258488499452356,0.20262869660460023,0.3176341730558598,0.007667031763417305,0.2683461117196057,0.29353778751369114,0.17305585980284777,0.11281489594742607,603,218,76,5,11,0,0,0,0,0,0,0,161,52,0,0,0.660460021905805,0.23877327491785322,0.0832420591456736,0.00547645125958379,0.012048192771084338,0.0,0.0,0.0,0.0,0.0,0.0,0.0,0.17634173055859803,0.056955093099671415,0.0,0.0,0,0
977,Kobe Bryant,1996,3,1998-99,50,779,362,11.79204107830552,13.0,9.092944145448362,11.220795892169448,0.0,78.74069319640564,103.33914778121229,73.39409499358152,46.0,84.60570891204826,5.220795892169448,28.450577663671375,341.69833119383827,9,0.46469833119383824,15.58,7.24,678,101,212,163,211,187,6,236,148,92,106,212,113,325,353,0,4,4,96,1,279,206,193,100,1,175,240,532,1,335,27,88,75,106,90,3.0,117,59,33,48,154,46,200,135,0.0,2.0,2,25,0.0,183,85,67,27,0.0,56,92,267,0.0,0.8703465982028241,0.4941002949852507,0.12965340179717585,0.26732673267326734,0.27214377406931967,0.41509433962264153,0.2092426187419769,0.4601226993865031,0.27086007702182285,0.5023696682464455,0.24005134788189988,0.48128342245989303,0.007702182284980745,0.5,0.3029525032092426,0.4957627118644068,0.18998716302952504,0.39864864864864863,0.11810012836970475,0.358695652173913,0.13607188703465983,0.4528301886792453,0.27214377406931967,0.7264150943396226,0.14505776636713735,0.40707964601769914,0.417201540436457,0.6153846153846154,0.45314505776636715,0.38243626062322944,0.0,,0.005134788189987163,0.5,0.005134788189987163,0.5,0.12323491655969192,0.2604166666666667,0.0012836970474967907,0.0,0.3581514762516046,0.6559139784946236,0.2644415917843389,0.41262135922330095,0.24775353016688062,0.3471502590673575,0.12836970474967907,0.27,0.0012836970474967907,0.0,0.2246469833119384,0.32,0.3080872913992298,0.38333333333333336,0.6829268292682927,0.5018796992481203,0.0012836970474967907,0.0,678,335,0.4941002949852507,101,27,0.26732673267326734,0.12965340179717585,0.27214377406931967,0.2092426187419769,0.27086007702182285,0.24005134788189988,0.007702182284980745,0.3029525032092426,0.18998716302952504,0.11810012836970475,0.13607188703465983,566,142,57,7,7,0,0,0,0,0,0,0,98,39,0,0,0.7265725288831836,0.1822849807445443,0.07317073170731707,0.008985879332477536,0.008985879332477536,0.0,0.0,0.0,0.0,0.0,0.0,0.0,0.1258023106546855,0.05006418485237484,0.0,0.0,0,0
977,Kobe Bryant,1996,4,1999-00,66,1183,554,11.467455621301776,12.0,9.021430447043647,2.741335587489434,0.0,69.00845308537616,93.20124891453932,78.90701606086222,51.0,86.49982527767486,5.0667793744716825,28.19695688926458,332.2037193575655,9,0.46830092983939137,17.924242424242426,8.393939393939394,1039,144,349,277,305,240,12,359,262,160,107,325,208,533,506,5,6,11,131,2,437,302,300,141,3,279,292,864,3,508,46,177,115,143,113,6.0,171,102,59,48,222,85,307,201,2.0,1.0,3,43,0.0,267,118,123,46,0.0,106,108,443,0.0,0.8782755705832629,0.48893166506256014,0.12172442941673711,0.3194444444444444,0.29501267962806427,0.5071633237822349,0.23415046491969568,0.4151624548736462,0.2578191039729501,0.46885245901639344,0.2028740490278952,0.4708333333333333,0.01014370245139476,0.5,0.30346576500422656,0.4763231197771588,0.22147083685545224,0.3893129770992366,0.1352493660185968,0.36875,0.0904480135249366,0.4485981308411215,0.27472527472527475,0.683076923076923,0.17582417582417584,0.40865384615384615,0.45054945054945056,0.575984990619137,0.42772612003381233,0.39723320158102765,0.00422654268808115,0.4,0.00507185122569738,0.16666666666666666,0.009298393913778529,0.2727272727272727,0.11073541842772612,0.3282442748091603,0.0016906170752324597,0.0,0.3693998309382925,0.6109839816933639,0.25528317836010145,0.39072847682119205,0.25359256128486896,0.41,0.11918850380388842,0.3262411347517731,0.00253592561284869,0.0,0.23584108199492815,0.37992831541218636,0.24683009298393913,0.3698630136986301,0.7303465765004227,0.5127314814814815,0.00253592561284869,0.0,1039,508,0.48893166506256014,144,46,0.3194444444444444,0.12172442941673711,0.29501267962806427,0.23415046491969568,0.2578191039729501,0.2028740490278952,0.01014370245139476,0.30346576500422656,0.22147083685545224,0.1352493660185968,0.0904480135249366,851,218,85,8,21,0,0,0,0,0,0,0,155,80,0,0,0.7193575655114116,0.18427726120033813,0.07185122569737955,0.006762468300929839,0.01775147928994083,0.0,0.0,0.0,0.0,0.0,0.0,0.0,0.13102282333051563,0.0676246830092984,0.0,0.0,0,0
1495,Tim Duncan,1997,1,1997-98,82,1287,706,5.737373737373737,4.0,6.222496706236422,-4.01010101010101,0.0,45.464646464646464,68.5770891823263,27.797202797202797,10.0,47.48322180495212,5.591297591297591,29.219114219114218,364.6969696969697,9,0.5485625485625486,15.695121951219512,8.609756097560975,1277,10,395,280,346,262,4,448,222,111,104,604,282,886,391,0,1,1,8,1,839,362,76,8,2,215,171,920,2,706,0,211,157,196,140,2.0,244,119,61,51,405,134,539,167,0.0,0.0,0,0,0.0,519,156,31,0,0.0,95,66,552,0.0,0.9922299922299922,0.552858261550509,0.00777000777000777,0.0,0.30691530691530694,0.5341772151898734,0.21756021756021757,0.5607142857142857,0.26884226884226886,0.5664739884393064,0.20357420357420358,0.5343511450381679,0.003108003108003108,0.5,0.3480963480963481,0.5446428571428571,0.17249417249417248,0.536036036036036,0.08624708624708624,0.5495495495495496,0.08080808080808081,0.49038461538461536,0.4693084693084693,0.6705298013245033,0.2191142191142191,0.475177304964539,0.6884226884226884,0.608352144469526,0.3038073038073038,0.42710997442455245,0.0,,0.000777000777000777,0.0,0.000777000777000777,0.0,0.006216006216006216,0.0,0.000777000777000777,0.0,0.6519036519036518,0.6185935637663885,0.2812742812742813,0.430939226519337,0.059052059052059055,0.40789473684210525,0.006216006216006216,0.0,0.001554001554001554,0.0,0.16705516705516704,0.4418604651162791,0.13286713286713286,0.38596491228070173,0.7148407148407149,0.6,0.001554001554001554,0.0,1277,706,0.552858261550509,10,0,0.0,0.00777000777000777,0.30691530691530694,0.21756021756021757,0.26884226884226886,0.20357420357420358,0.003108003108003108,0.3480963480963481,0.17249417249417248,0.08624708624708624,0.08080808080808081,655,328,154,113,37,0,0,0,0,0,0,0,66,6,0,0,0.508935508935509,0.25485625485625485,0.11965811965811966,0.08780108780108781,0.028749028749028748,0.0,0.0,0.0,0.0,0.0,0.0,0.0,0.05128205128205128,0.004662004662004662,0.0,0.0,0,0
1495,Tim Duncan,1997,2,1998-99,50,845,418,6.906508875739645,6.0,6.422119488282764,-7.472189349112426,0.0,50.73609467455621,71.61192972686749,37.47455621301775,18.0,54.97113312857098,5.372781065088757,29.25680473372781,351.6236686390533,9,0.49467455621301776,16.9,8.36,838,7,268,161,247,161,8,293,153,82,73,302,245,547,291,1,0,1,4,2,492,273,73,5,2,167,122,580,2,417,1,133,86,125,68,6.0,155,70,33,34,199,108,307,110,1.0,0.0,1,0,0.0,282,103,32,1,0.0,58,50,321,0.0,0.991715976331361,0.49761336515513127,0.008284023668639054,0.14285714285714285,0.31715976331360946,0.4962686567164179,0.19053254437869824,0.5341614906832298,0.2923076923076923,0.5060728744939271,0.19053254437869824,0.422360248447205,0.009467455621301775,0.75,0.3467455621301775,0.5290102389078498,0.18106508875739644,0.45751633986928103,0.0970414201183432,0.4024390243902439,0.0863905325443787,0.4657534246575342,0.357396449704142,0.6589403973509934,0.28994082840236685,0.44081632653061226,0.6473372781065089,0.5612431444241316,0.34437869822485206,0.37800687285223367,0.001183431952662722,1.0,0.0,,0.001183431952662722,1.0,0.004733727810650888,0.0,0.002366863905325444,0.0,0.5822485207100592,0.573170731707317,0.3230769230769231,0.3772893772893773,0.0863905325443787,0.4383561643835616,0.005917159763313609,0.2,0.002366863905325444,0.0,0.19763313609467456,0.3473053892215569,0.14437869822485208,0.4098360655737705,0.6863905325443787,0.553448275862069,0.002366863905325444,0.0,838,417,0.49761336515513127,7,1,0.14285714285714285,0.008284023668639054,0.31715976331360946,0.19053254437869824,0.2923076923076923,0.19053254437869824,0.009467455621301775,0.3467455621301775,0.18106508875739644,0.0970414201183432,0.0863905325443787,523,172,88,45,17,0,0,0,0,0,0,0,23,5,0,0,0.6189349112426036,0.20355029585798817,0.10414201183431952,0.05325443786982249,0.020118343195266272,0.0,0.0,0.0,0.0,0.0,0.0,0.0,0.027218934911242602,0.005917159763313609,0.0,0.0,0,0
1495,Tim Duncan,1997,3,1999-00,74,1281,628,7.674473067915691,7.0,6.745325654047907,-13.342701014832162,0.0,56.42466822794692,76.47526435398126,42.20686963309914,27.0,58.49435188777865,5.48711943793911,29.620608899297423,358.847775175644,9,0.49024199843871974,17.31081081081081,8.486486486486486,1270,11,380,258,356,270,17,432,205,112,131,401,371,772,498,2,0,2,6,3,695,427,148,8,3,300,190,840,3,627,1,181,147,170,122,8.0,208,98,54,64,250,156,406,221,1.0,0.0,1,0,0.0,368,198,61,1,0.0,132,91,433,0.0,0.9914129586260734,0.4937007874015748,0.00858704137392662,0.09090909090909091,0.2966432474629196,0.4763157894736842,0.20140515222482436,0.5697674418604651,0.2779078844652615,0.47752808988764045,0.2107728337236534,0.45185185185185184,0.01327088212334114,0.47058823529411764,0.3372365339578454,0.48148148148148145,0.1600312256049961,0.47804878048780486,0.08743169398907104,0.48214285714285715,0.10226385636221702,0.48854961832061067,0.31303669008587043,0.6234413965087282,0.2896174863387978,0.42048517520215634,0.6026541764246682,0.5259067357512953,0.38875878220140514,0.44377510040160645,0.00156128024980484,0.5,0.0,,0.00156128024980484,0.5,0.00468384074941452,0.0,0.00234192037470726,0.0,0.5425448868071819,0.5294964028776978,0.3333333333333333,0.4637002341920375,0.11553473848555816,0.41216216216216217,0.00624512099921936,0.125,0.00234192037470726,0.0,0.234192037470726,0.44,0.1483216237314598,0.4789473684210526,0.6557377049180327,0.5154761904761904,0.00234192037470726,0.0,1270,627,0.4937007874015748,11,1,0.09090909090909091,0.00858704137392662,0.2966432474629196,0.20140515222482436,0.2779078844652615,0.2107728337236534,0.01327088212334114,0.3372365339578454,0.1600312256049961,0.08743169398907104,0.10226385636221702,809,231,86,105,50,0,0,0,0,0,0,0,35,12,0,0,0.6315378610460578,0.18032786885245902,0.06713505074160812,0.08196721311475409,0.039032006245121,0.0,0.0,0.0,0.0,0.0,0.0,0.0,0.0273224043715847,0.00936768149882904,0.0,0.0,0,0
1495,Tim Duncan,1997,4,2000-01,82,1406,702,8.317923186344238,8.0,6.581159798688586,-7.71194879089616,0.0,58.420341394025606,79.41135902711922,48.472972972972975,30.0,58.19287156558249,5.572546230440968,29.87837837837838,364.2311522048364,20,0.4992887624466572,17.146341463414632,8.560975609756097,1379,27,449,309,357,278,13,485,218,130,111,392,441,833,546,0,3,3,23,1,684,516,179,26,1,330,241,909,1,695,7,224,164,181,125,8.0,239,117,66,55,266,202,468,227,0.0,0.0,0,7,0.0,399,219,77,7,0.0,137,96,498,0.0,0.980796586059744,0.5039883973894126,0.019203413940256046,0.25925925925925924,0.31934566145092463,0.49888641425389757,0.2197724039829303,0.5307443365695793,0.25391180654338547,0.5070028011204482,0.19772403982930298,0.44964028776978415,0.009246088193456615,0.6153846153846154,0.344950213371266,0.4927835051546392,0.155049786628734,0.536697247706422,0.09246088193456614,0.5076923076923077,0.07894736842105263,0.4954954954954955,0.27880512091038406,0.6785714285714286,0.3136557610241821,0.4580498866213152,0.5924608819345661,0.5618247298919568,0.3883357041251778,0.4157509157509158,0.0,,0.0021337126600284497,0.0,0.0021337126600284497,0.0,0.016358463726884778,0.30434782608695654,0.0007112375533428165,0.0,0.4864864864864865,0.5833333333333334,0.3669985775248933,0.42441860465116277,0.12731152204836416,0.4301675977653631,0.01849217638691323,0.2692307692307692,0.0007112375533428165,0.0,0.23470839260312945,0.41515151515151516,0.17140825035561877,0.3983402489626556,0.6465149359886202,0.5478547854785478,0.0007112375533428165,0.0,1379,695,0.5039883973894126,27,7,0.25925925925925924,0.019203413940256046,0.31934566145092463,0.2197724039829303,0.25391180654338547,0.19772403982930298,0.009246088193456615,0.344950213371266,0.155049786628734,0.09246088193456614,0.07894736842105263,956,231,89,88,38,0,0,0,71,0,0,8,26,27,1,0,0.6799431009957326,0.1642958748221906,0.06330014224751067,0.06258890469416785,0.02702702702702703,0.0,0.0,0.0,0.050497866287339974,0.0,0.0,0.005689900426742532,0.01849217638691323,0.019203413940256046,0.0007112375533428165,0.0,0,0
1497,Chauncey Billups,1997,1,1997-98,80,749,280,14.012016021361816,16.0,10.558779443507728,22.72630173564753,1.0,79.17757009345794,107.19891857753157,104.74632843791723,81.0,95.75796557533621,5.630173564753004,29.813084112149532,367.62349799732976,9,0.37383177570093457,9.3625,3.5,424,325,216,146,184,191,12,274,135,84,103,217,99,316,108,9,17,26,299,0,280,94,50,325,0,120,230,644,0,173,107,86,47,78,65,4.0,100,42,27,31,100,38,138,35,4.0,3.0,7,100,0.0,121,36,16,107,0.0,42,79,242,0.0,0.5660881174899867,0.4080188679245283,0.43391188251001334,0.3292307692307692,0.2883845126835781,0.39814814814814814,0.19492656875834447,0.3219178082191781,0.24566088117489987,0.42391304347826086,0.25500667556742324,0.3403141361256545,0.01602136181575434,0.3333333333333333,0.3658210947930574,0.36496350364963503,0.1802403204272363,0.3111111111111111,0.11214953271028037,0.32142857142857145,0.1375166889185581,0.30097087378640774,0.2897196261682243,0.4608294930875576,0.1321762349799733,0.3838383838383838,0.4218958611481976,0.43670886075949367,0.14419225634178906,0.32407407407407407,0.012016021361815754,0.4444444444444444,0.022696929238985315,0.17647058823529413,0.03471295060080107,0.2692307692307692,0.3991989319092123,0.33444816053511706,0.0,,0.37383177570093457,0.43214285714285716,0.12550066755674233,0.3829787234042553,0.06675567423230974,0.32,0.43391188251001334,0.3292307692307692,0.0,,0.1602136181575434,0.35,0.30707610146862485,0.34347826086956523,0.8598130841121495,0.37577639751552794,0.0,,424,173,0.4080188679245283,325,107,0.3292307692307692,0.43391188251001334,0.2883845126835781,0.19492656875834447,0.24566088117489987,0.25500667556742324,0.01602136181575434,0.3658210947930574,0.1802403204272363,0.11214953271028037,0.1375166889185581,543,194,8,1,3,0,0,0,0,0,0,0,96,33,0,0,0.7249666221628839,0.2590120160213618,0.010680907877169559,0.0013351134846461949,0.004005340453938585,0.0,0.0,0.0,0.0,0.0,0.0,0.0,0.12817089452603472,0.044058744993324434,0.0,0.0,0,0
1497,Chauncey Billups,1997,2,1998-99,45,495,191,15.404040404040405,21.0,10.662013231665506,-2.0383838383838384,0.0,102.78989898989899,135.09899107726633,97.38181818181818,76.0,94.95237285106599,5.711111111111111,30.204040404040406,372.87070707070706,6,0.38585858585858585,11.0,4.2444444444444445,260,235,150,103,133,109,0,177,89,50,50,138,28,166,96,27,20,47,186,0,157,35,70,233,0,138,144,387,0,106,85,64,31,51,45,0.0,70,33,21,22,62,7,69,38,10.0,11.0,21,63,0.0,67,9,31,84,0.0,43,55,147,0.0,0.5252525252525253,0.4076923076923077,0.47474747474747475,0.3617021276595745,0.30303030303030304,0.4266666666666667,0.2080808080808081,0.30097087378640774,0.2686868686868687,0.38345864661654133,0.2202020202020202,0.41284403669724773,0.0,,0.3575757575757576,0.3954802259887006,0.1797979797979798,0.3707865168539326,0.10101010101010101,0.42,0.10101010101010101,0.44,0.2787878787878788,0.4492753623188406,0.05656565656565657,0.25,0.33535353535353535,0.41566265060240964,0.19393939393939394,0.3958333333333333,0.05454545454545454,0.37037037037037035,0.04040404040404041,0.55,0.09494949494949495,0.44680851063829785,0.37575757575757573,0.3387096774193548,0.0,,0.31717171717171716,0.4267515923566879,0.0707070707070707,0.2571428571428571,0.1414141414141414,0.44285714285714284,0.4707070707070707,0.3605150214592275,0.0,,0.2787878787878788,0.3115942028985507,0.2909090909090909,0.3819444444444444,0.7818181818181819,0.3798449612403101,0.0,,260,106,0.4076923076923077,235,85,0.3617021276595745,0.47474747474747475,0.30303030303030304,0.2080808080808081,0.2686868686868687,0.2202020202020202,0.0,0.3575757575757576,0.1797979797979798,0.10101010101010101,0.10101010101010101,359,131,1,0,4,0,0,0,0,0,0,0,70,14,0,0,0.7252525252525253,0.26464646464646463,0.00202020202020202,0.0,0.00808080808080808,0.0,0.0,0.0,0.0,0.0,0.0,0.0,0.1414141414141414,0.028282828282828285,0.0,0.0,0,0
1497,Chauncey Billups,1997,3,1999-00,13,101,34,14.871287128712872,19.0,10.61099747086638,9.871287128712872,0.0,107.01980198019803,137.0548549571548,83.21782178217822,36.0,95.96380608962905,5.514851485148514,30.138613861386137,361.029702970297,4,0.33663366336633666,7.769230769230769,2.6153846153846154,60,41,17,30,24,30,0,37,22,13,18,27,8,35,25,5,5,10,31,0,34,10,16,41,0,26,33,72,0,27,7,3,10,7,14,0.0,6,8,7,9,15,2,17,10,1.0,1.0,2,5,0.0,17,3,7,7,0.0,6,9,25,0.0,0.594059405940594,0.45,0.40594059405940597,0.17073170731707318,0.16831683168316833,0.17647058823529413,0.297029702970297,0.3333333333333333,0.2376237623762376,0.2916666666666667,0.297029702970297,0.4666666666666667,0.0,,0.36633663366336633,0.16216216216216217,0.21782178217821782,0.36363636363636365,0.12871287128712872,0.5384615384615384,0.1782178217821782,0.5,0.26732673267326734,0.5555555555555556,0.07920792079207921,0.25,0.3465346534653465,0.4857142857142857,0.24752475247524752,0.4,0.04950495049504951,0.2,0.04950495049504951,0.2,0.09900990099009901,0.2,0.3069306930693069,0.16129032258064516,0.0,,0.33663366336633666,0.5,0.09900990099009901,0.3,0.15841584158415842,0.4375,0.40594059405940597,0.17073170731707318,0.0,,0.25742574257425743,0.23076923076923078,0.32673267326732675,0.2727272727272727,0.7128712871287128,0.3472222222222222,0.0,,60,27,0.45,41,7,0.17073170731707318,0.40594059405940597,0.16831683168316833,0.297029702970297,0.2376237623762376,0.297029702970297,0.0,0.36633663366336633,0.21782178217821782,0.12871287128712872,0.1782178217821782,76,25,0,0,0,0,0,0,0,0,0,0,14,4,0,0,0.7524752475247525,0.24752475247524752,0.0,0.0,0.0,0.0,0.0,0.0,0.0,0.0,0.0,0.0,0.13861386138613863,0.039603960396039604,0.0,0.0,0,0
1497,Chauncey Billups,1997,4,2000-01,75,587,248,14.708688245315162,18.0,10.253542273952712,3.2282793867120954,0.0,96.69335604770016,126.33083638922983,90.50596252129472,63.0,97.45830235632096,5.522998296422487,28.761499148211243,360.1413969335605,11,0.42248722316865417,7.826666666666667,3.3066666666666666,393,194,148,165,118,154,2,215,114,77,60,145,53,198,195,29,36,65,126,3,178,61,154,191,3,161,177,428,3,175,73,66,78,40,62,2.0,92,37,25,20,70,17,87,88,12.0,13.0,25,48,0.0,76,22,77,73,0.0,58,83,187,0.0,0.6695059625212947,0.44529262086513993,0.33049403747870526,0.37628865979381443,0.252129471890971,0.44594594594594594,0.28109028960817717,0.4727272727272727,0.2010221465076661,0.3389830508474576,0.262350936967632,0.4025974025974026,0.0034071550255536627,1.0,0.36626916524701875,0.42790697674418604,0.19420783645655879,0.32456140350877194,0.131175468483816,0.3246753246753247,0.10221465076660988,0.3333333333333333,0.24701873935264054,0.4827586206896552,0.09028960817717206,0.32075471698113206,0.3373083475298126,0.4393939393939394,0.3321976149914821,0.4512820512820513,0.049403747870528106,0.41379310344827586,0.06132879045996593,0.3611111111111111,0.11073253833049404,0.38461538461538464,0.21465076660988075,0.38095238095238093,0.005110732538330494,0.0,0.303236797274276,0.42696629213483145,0.10391822827938671,0.36065573770491804,0.262350936967632,0.5,0.32538330494037476,0.38219895287958117,0.005110732538330494,0.0,0.27427597955706984,0.36024844720496896,0.30153321976149916,0.4689265536723164,0.7291311754684838,0.4369158878504673,0.005110732538330494,0.0,393,175,0.44529262086513993,194,73,0.37628865979381443,0.33049403747870526,0.252129471890971,0.28109028960817717,0.2010221465076661,0.262350936967632,0.0034071550255536627,0.36626916524701875,0.19420783645655879,0.131175468483816,0.10221465076660988,448,132,6,0,1,0,0,0,1,0,0,0,62,31,2,0,0.7632027257240205,0.22487223168654175,0.010221465076660987,0.0,0.0017035775127768314,0.0,0.0,0.0,0.0017035775127768314,0.0,0.0,0.0,0.10562180579216354,0.05281090289608177,0.0034071550255536627,0.0,0,0
1503,Tracy McGrady,1997,1,1997-98,59,398,179,8.203517587939698,5.0,9.03484927651325,-6.949748743718593,0.0,58.185929648241206,91.90671257344381,45.71105527638191,1.0,71.04307011934256,4.63819095477387,26.811557788944725,305.1030150753769,9,0.44974874371859297,6.745762711864407,3.0338983050847457,357,41,87,111,76,124,0,105,113,76,49,190,46,236,123,4,6,10,29,0,215,81,63,38,1,89,62,292,1,165,14,41,50,33,55,0.0,51,48,28,24,112,14,126,39,2.0,3.0,5,9,0.0,120,26,19,14,0.0,31,20,141,0.0,0.8969849246231156,0.46218487394957986,0.10301507537688442,0.34146341463414637,0.2185929648241206,0.47126436781609193,0.27889447236180903,0.45045045045045046,0.19095477386934673,0.4342105263157895,0.31155778894472363,0.4435483870967742,0.0,,0.2638190954773869,0.4857142857142857,0.28391959798994976,0.4247787610619469,0.19095477386934673,0.3684210526315789,0.12311557788944724,0.4897959183673469,0.47738693467336685,0.5894736842105263,0.11557788944723618,0.30434782608695654,0.592964824120603,0.5338983050847458,0.30904522613065327,0.3170731707317073,0.010050251256281407,0.5,0.01507537688442211,0.5,0.02512562814070352,0.5,0.0728643216080402,0.3103448275862069,0.0,,0.5402010050251256,0.5581395348837209,0.20351758793969849,0.32098765432098764,0.15829145728643215,0.30158730158730157,0.09547738693467336,0.3684210526315789,0.002512562814070352,0.0,0.2236180904522613,0.34831460674157305,0.15577889447236182,0.3225806451612903,0.7336683417085427,0.4828767123287671,0.002512562814070352,0.0,357,165,0.46218487394957986,41,14,0.34146341463414637,0.10301507537688442,0.2185929648241206,0.27889447236180903,0.19095477386934673,0.31155778894472363,0.0,0.2638190954773869,0.28391959798994976,0.19095477386934673,0.12311557788944724,212,89,58,2,37,0,0,0,0,0,0,0,27,19,0,0,0.5326633165829145,0.2236180904522613,0.1457286432160804,0.005025125628140704,0.09296482412060302,0.0,0.0,0.0,0.0,0.0,0.0,0.0,0.0678391959798995,0.04773869346733668,0.0,0.0,0,0
1503,Tracy McGrady,1997,2,1998-99,47,385,168,7.644155844155844,4.0,9.292448960526102,0.5194805194805194,0.0,49.16883116883117,81.7173116332321,48.04155844155844,10.0,78.87455980900897,4.602597402597403,27.59220779220779,303.74805194805197,9,0.43636363636363634,8.191489361702128,3.574468085106383,350,35,73,118,80,114,0,111,120,75,39,186,67,253,97,2,8,10,24,1,237,62,51,32,3,60,56,301,3,160,8,27,52,36,53,0.0,53,47,23,20,101,24,125,35,1.0,3.0,4,4,0.0,116,23,21,8,0.0,19,23,140,0.0,0.9090909090909091,0.45714285714285713,0.09090909090909091,0.22857142857142856,0.18961038961038962,0.3698630136986301,0.3064935064935065,0.4406779661016949,0.2077922077922078,0.45,0.2961038961038961,0.4649122807017544,0.0,,0.2883116883116883,0.4774774774774775,0.3116883116883117,0.39166666666666666,0.19480519480519481,0.30666666666666664,0.1012987012987013,0.5128205128205128,0.4831168831168831,0.543010752688172,0.17402597402597403,0.3582089552238806,0.6571428571428571,0.49407114624505927,0.2519480519480519,0.36082474226804123,0.005194805194805195,0.5,0.02077922077922078,0.375,0.025974025974025976,0.4,0.06233766233766234,0.16666666666666666,0.0025974025974025974,0.0,0.6155844155844156,0.48945147679324896,0.16103896103896104,0.3709677419354839,0.13246753246753246,0.4117647058823529,0.08311688311688312,0.25,0.007792207792207792,0.0,0.15584415584415584,0.31666666666666665,0.14545454545454545,0.4107142857142857,0.7818181818181819,0.46511627906976744,0.007792207792207792,0.0,350,160,0.45714285714285713,35,8,0.22857142857142856,0.09090909090909091,0.18961038961038962,0.3064935064935065,0.2077922077922078,0.2961038961038961,0.0,0.2883116883116883,0.3116883116883117,0.19480519480519481,0.1012987012987013,195,92,55,5,38,0,0,0,0,0,0,0,39,23,0,0,0.5064935064935064,0.23896103896103896,0.14285714285714285,0.012987012987012988,0.0987012987012987,0.0,0.0,0.0,0.0,0.0,0.0,0.0,0.1012987012987013,0.05974025974025974,0.0,0.0,0,0
1503,Tracy McGrady,1997,3,1999-00,79,1018,459,9.991159135559922,11.0,8.755665137959696,-2.8772102161100195,0.0,75.36836935166994,104.39157266625283,50.31335952848723,16.0,72.42033590380039,5.203339882121807,29.092337917485267,341.2927308447937,9,0.45088408644400785,12.886075949367088,5.810126582278481,953,65,259,284,216,256,3,319,198,107,99,358,117,475,478,7,2,9,54,2,437,235,281,62,3,255,244,635,3,441,18,125,130,93,110,1.0,150,78,40,36,214,43,257,184,4.0,0.0,4,14,0.0,244,85,112,18,0.0,95,89,315,0.0,0.9361493123772102,0.4627492130115425,0.06385068762278978,0.27692307692307694,0.2544204322200393,0.4826254826254826,0.27897838899803534,0.45774647887323944,0.21218074656188604,0.4305555555555556,0.25147347740667975,0.4296875,0.0029469548133595285,0.3333333333333333,0.31335952848722987,0.4702194357366771,0.1944990176817289,0.3939393939393939,0.10510805500982318,0.37383177570093457,0.09724950884086445,0.36363636363636365,0.3516699410609037,0.5977653631284916,0.11493123772102161,0.36752136752136755,0.46660117878192536,0.5410526315789473,0.46954813359528486,0.38493723849372385,0.0068762278978389,0.5714285714285714,0.0019646365422396855,0.0,0.008840864440078585,0.4444444444444444,0.05304518664047151,0.25925925925925924,0.0019646365422396855,0.0,0.4292730844793713,0.5583524027459954,0.23084479371316308,0.3617021276595745,0.27603143418467585,0.398576512455516,0.060903732809430254,0.2903225806451613,0.0029469548133595285,0.0,0.2504911591355599,0.37254901960784315,0.23968565815324164,0.36475409836065575,0.6237721021611002,0.49606299212598426,0.0029469548133595285,0.0,953,441,0.4627492130115425,65,18,0.27692307692307694,0.06385068762278978,0.2544204322200393,0.27897838899803534,0.21218074656188604,0.25147347740667975,0.0029469548133595285,0.31335952848722987,0.1944990176817289,0.10510805500982318,0.09724950884086445,657,198,109,5,49,0,0,0,0,0,0,0,91,59,0,0,0.6453831041257367,0.1944990176817289,0.10707269155206287,0.004911591355599214,0.0481335952848723,0.0,0.0,0.0,0.0,0.0,0.0,0.0,0.0893909626719057,0.05795677799607073,0.0,0.0,0,0
1503,Tracy McGrady,1997,4,2000-01,77,1724,788,11.084106728538282,13.0,8.827317533493536,-15.256380510440835,0.0,82.67749419953596,108.34022601652043,60.46925754060325,34.0,74.722894431394,5.297563805104408,28.99477958236659,346.8486078886311,21,0.45707656612529,22.38961038961039,10.233766233766234,1558,166,511,350,464,372,27,519,304,153,189,528,222,750,808,4,11,15,149,2,681,395,482,162,4,547,379,1100,4,729,59,241,163,212,163,9.0,241,130,58,75,300,93,393,336,2.0,5.0,7,52,0.0,360,164,205,59,0.0,221,162,525,0.0,0.9037122969837587,0.46790757381258025,0.0962877030162413,0.35542168674698793,0.29640371229698376,0.47162426614481406,0.20301624129930396,0.4657142857142857,0.2691415313225058,0.45689655172413796,0.21577726218097448,0.4381720430107527,0.015661252900232018,0.3333333333333333,0.30104408352668216,0.464354527938343,0.17633410672853828,0.4276315789473684,0.08874709976798144,0.3790849673202614,0.10962877030162413,0.3968253968253968,0.3062645011600928,0.5681818181818182,0.12877030162412992,0.4189189189189189,0.43503480278422274,0.524,0.46867749419953597,0.4158415841584158,0.002320185614849188,0.5,0.0063805104408352666,0.45454545454545453,0.008700696055684454,0.4666666666666667,0.08642691415313225,0.348993288590604,0.001160092807424594,0.0,0.39501160092807425,0.5286343612334802,0.2291183294663573,0.4151898734177215,0.27958236658932717,0.42531120331950206,0.09396751740139211,0.36419753086419754,0.002320185614849188,0.0,0.31728538283062646,0.4040219378427788,0.21983758700696054,0.42744063324538256,0.6380510440835266,0.4772727272727273,0.002320185614849188,0.0,1558,729,0.46790757381258025,166,59,0.35542168674698793,0.0962877030162413,0.29640371229698376,0.20301624129930396,0.2691415313225058,0.21577726218097448,0.015661252900232018,0.30104408352668216,0.17633410672853828,0.08874709976798144,0.10962877030162413,1216,278,127,27,41,0,0,0,112,0,0,6,145,117,21,0,0.7053364269141531,0.16125290023201855,0.07366589327146171,0.015661252900232018,0.023781902552204175,0.0,0.0,0.0,0.06496519721577726,0.0,0.0,0.0034802784222737818,0.08410672853828306,0.06786542923433875,0.012180974477958236,0.0,0,0
1713,Vince Carter,1998,1,1998-99,50,766,345,10.007832898172325,10.0,8.69241672379696,-7.68668407310705,0.0,74.65013054830287,101.2256962143916,55.005221932114885,31.0,72.8792893925907,5.510443864229765,29.43211488250653,360.05874673629245,9,0.45039164490861616,15.32,6.9,700,66,223,165,186,188,4,268,154,93,103,231,135,366,334,7,2,9,55,2,326,217,157,64,2,216,170,487,2,326,19,99,76,84,86,0.0,124,70,36,46,138,63,201,125,2.0,1.0,3,16,0.0,188,78,60,19,0.0,74,62,250,0.0,0.9138381201044387,0.4657142857142857,0.08616187989556136,0.2878787878787879,0.29112271540469975,0.4439461883408072,0.2154046997389034,0.46060606060606063,0.24281984334203655,0.45161290322580644,0.2454308093994778,0.4574468085106383,0.005221932114882507,0.0,0.34986945169712796,0.4626865671641791,0.2010443864229765,0.45454545454545453,0.12140992167101827,0.3870967741935484,0.13446475195822455,0.44660194174757284,0.30156657963446476,0.5974025974025974,0.1762402088772846,0.4666666666666667,0.47780678851174935,0.5491803278688525,0.4360313315926893,0.37425149700598803,0.009138381201044387,0.2857142857142857,0.0026109660574412533,0.5,0.01174934725848564,0.3333333333333333,0.07180156657963446,0.2909090909090909,0.0026109660574412533,0.0,0.4255874673629243,0.5766871165644172,0.283289817232376,0.35944700460829493,0.20496083550913838,0.3821656050955414,0.0835509138381201,0.296875,0.0026109660574412533,0.0,0.2819843342036554,0.3425925925925926,0.22193211488250653,0.36470588235294116,0.6357702349869452,0.5133470225872689,0.0026109660574412533,0.0,700,326,0.4657142857142857,66,19,0.2878787878787879,0.08616187989556136,0.29112271540469975,0.2154046997389034,0.24281984334203655,0.2454308093994778,0.005221932114882507,0.34986945169712796,0.2010443864229765,0.12140992167101827,0.13446475195822455,535,126,74,4,27,0,0,0,0,0,0,0,77,46,0,0,0.6984334203655352,0.16449086161879894,0.09660574412532637,0.005221932114882507,0.03524804177545692,0.0,0.0,0.0,0.0,0.0,0.0,0.0,0.10052219321148825,0.06005221932114883,0.0,0.0,0,0
1713,Vince Carter,1998,2,1999-00,82,1696,788,12.315448113207546,14.0,8.980484750154007,0.3767688679245283,0.0,97.39563679245283,122.30686356834322,60.287146226415096,31.0,76.66022478946644,5.244103773584905,28.993514150943398,343.63974056603774,9,0.46462264150943394,20.682926829268293,9.609756097560975,1460,236,489,318,497,375,17,547,351,202,201,421,177,598,863,17,14,31,199,5,542,443,476,229,6,517,535,929,6,693,95,231,143,228,178,8.0,260,155,83,92,271,74,345,348,8.0,8.0,16,79,0.0,315,186,192,95,0.0,213,224,462,0.0,0.8608490566037735,0.47465753424657536,0.1391509433962264,0.4025423728813559,0.28832547169811323,0.4723926380368098,0.1875,0.449685534591195,0.2930424528301887,0.45875251509054327,0.22110849056603774,0.4746666666666667,0.010023584905660377,0.47058823529411764,0.32252358490566035,0.4753199268738574,0.20695754716981132,0.4415954415954416,0.11910377358490566,0.41089108910891087,0.11851415094339622,0.4577114427860697,0.2482311320754717,0.6437054631828979,0.10436320754716981,0.4180790960451977,0.35259433962264153,0.5769230769230769,0.5088443396226415,0.40324449594438005,0.010023584905660377,0.47058823529411764,0.008254716981132075,0.5714285714285714,0.018278301886792452,0.5161290322580645,0.11733490566037735,0.3969849246231156,0.00294811320754717,0.0,0.31957547169811323,0.5811808118081181,0.26120283018867924,0.4198645598194131,0.2806603773584906,0.40336134453781514,0.13502358490566038,0.4148471615720524,0.003537735849056604,0.0,0.30483490566037735,0.4119922630560928,0.3154481132075472,0.41869158878504675,0.5477594339622641,0.49730893433799783,0.003537735849056604,0.0,1460,693,0.47465753424657536,236,95,0.4025423728813559,0.1391509433962264,0.28832547169811323,0.1875,0.2930424528301887,0.22110849056603774,0.010023584905660377,0.32252358490566035,0.20695754716981132,0.11910377358490566,0.11851415094339622,1268,240,139,13,36,0,0,0,0,0,0,0,134,94,0,0,0.7476415094339622,0.14150943396226415,0.08195754716981132,0.0076650943396226415,0.02122641509433962,0.0,0.0,0.0,0.0,0.0,0.0,0.0,0.07900943396226415,0.055424528301886794,0.0,0.0,0,0
1713,Vince Carter,1998,3,2000-01,75,1656,762,13.684782608695652,16.0,9.630059199942874,3.5368357487922704,0.0,100.8701690821256,128.44255949426446,76.42874396135265,45.0,83.97418532908945,5.388285024154589,28.26207729468599,351.55917874396135,23,0.4601449275362319,22.08,10.16,1259,397,502,320,457,348,29,563,327,184,184,420,141,561,698,31,40,71,325,1,514,264,481,396,1,492,532,1086,1,600,162,249,135,218,148,12.0,253,142,78,78,255,50,305,295,12.0,17.0,29,133,0.0,290,104,206,162,0.0,209,211,537,0.0,0.7602657004830918,0.4765687053216839,0.23973429951690822,0.4080604534005038,0.3031400966183575,0.4960159362549801,0.1932367149758454,0.421875,0.27596618357487923,0.47702407002188185,0.21014492753623187,0.42528735632183906,0.017512077294685992,0.41379310344827586,0.33997584541062803,0.4493783303730018,0.19746376811594202,0.43425076452599387,0.1111111111111111,0.42391304347826086,0.1111111111111111,0.42391304347826086,0.2536231884057971,0.6071428571428571,0.08514492753623189,0.3546099290780142,0.338768115942029,0.5436720142602496,0.4214975845410628,0.42263610315186245,0.018719806763285024,0.3870967741935484,0.024154589371980676,0.425,0.042874396135265704,0.4084507042253521,0.196256038647343,0.40923076923076923,0.0006038647342995169,0.0,0.3103864734299517,0.5642023346303502,0.15942028985507245,0.3939393939393939,0.29045893719806765,0.4282744282744283,0.2391304347826087,0.4090909090909091,0.0006038647342995169,0.0,0.2971014492753623,0.4247967479674797,0.321256038647343,0.3966165413533835,0.6557971014492754,0.494475138121547,0.0006038647342995169,0.0,1259,600,0.4765687053216839,397,162,0.4080604534005038,0.23973429951690822,0.3031400966183575,0.1932367149758454,0.27596618357487923,0.21014492753623187,0.017512077294685992,0.33997584541062803,0.19746376811594202,0.1111111111111111,0.1111111111111111,1218,226,110,22,49,0,0,0,80,0,0,33,143,113,23,0,0.7355072463768116,0.13647342995169082,0.06642512077294686,0.013285024154589372,0.029589371980676328,0.0,0.0,0.0,0.04830917874396135,0.0,0.0,0.019927536231884056,0.08635265700483091,0.06823671497584541,0.013888888888888888,0.0,0,0
1713,Vince Carter,1998,4,2001-02,60,1307,559,13.649579188982402,16.0,9.202815471904168,-5.41698546289212,0.0,97.90206579954094,124.99991958013554,79.14001530221883,57.0,81.08398165205672,5.516449885233359,28.92195868400918,359.9089517980107,24,0.42769701606732974,21.783333333333335,9.316666666666666,994,313,409,256,349,287,6,448,216,124,139,289,175,464,531,37,19,56,255,1,393,242,360,310,2,413,384,858,2,438,121,182,105,153,115,4.0,184,84,45,59,162,75,237,201,16.0,8.0,24,97,0.0,209,94,135,121,0.0,161,142,387,0.0,0.7605202754399388,0.44064386317907445,0.2394797245600612,0.3865814696485623,0.31293037490436115,0.4449877750611247,0.19586840091813312,0.41015625,0.26702371843917366,0.4383954154727794,0.2195868400918133,0.40069686411149824,0.0045906656465187455,0.6666666666666666,0.342769701606733,0.4107142857142857,0.16526396327467482,0.3888888888888889,0.09487375669472073,0.3629032258064516,0.1063504208110176,0.4244604316546763,0.22111706197398623,0.5605536332179931,0.13389441469013008,0.42857142857142855,0.3550114766641163,0.5107758620689655,0.40627390971690897,0.3785310734463277,0.028309104820198928,0.43243243243243246,0.014537107880642693,0.42105263157894735,0.04284621270084162,0.42857142857142855,0.19510328997704668,0.3803921568627451,0.0007651109410864575,0.0,0.3006885998469778,0.5318066157760815,0.18515684774292274,0.3884297520661157,0.2754399387911247,0.375,0.23718439173680184,0.3903225806451613,0.001530221882172915,0.0,0.315990818668707,0.3898305084745763,0.2938026013771997,0.3697916666666667,0.6564651874521805,0.45104895104895104,0.001530221882172915,0.0,994,438,0.44064386317907445,313,121,0.3865814696485623,0.2394797245600612,0.31293037490436115,0.19586840091813312,0.26702371843917366,0.2195868400918133,0.0045906656465187455,0.342769701606733,0.16526396327467482,0.09487375669472073,0.1063504208110176,991,163,67,32,38,77,0,0,49,0,0,13,98,129,17,0,0.7582249426166794,0.12471308339709258,0.051262433052792655,0.02448355011476664,0.029074215761285386,0.05891354246365723,0.0,0.0,0.03749043611323642,0.0,0.0,0.009946442234123947,0.07498087222647284,0.09869931140015302,0.013006885998469778,0.0,0,0
1717,Dirk Nowitzki,1998,1,1998-99,47,336,136,13.074404761904763,15.0,9.083877776892942,4.538690476190476,0.0,93.05059523809524,117.35263222281516,76.53869047619048,53.0,84.15042496010697,5.717261904761905,30.419642857142858,373.45535714285717,9,0.40476190476190477,7.148936170212766,2.893617021276596,268,68,93,89,77,77,0,124,54,35,31,80,36,116,151,3,5,8,61,0,103,85,79,68,1,101,103,216,1,122,14,39,39,28,30,0.0,58,15,10,10,48,17,65,57,0.0,1.0,1,13,0.0,58,33,31,14,0.0,31,38,94,0.0,0.7976190476190477,0.4552238805970149,0.20238095238095238,0.20588235294117646,0.2767857142857143,0.41935483870967744,0.2648809523809524,0.43820224719101125,0.22916666666666666,0.36363636363636365,0.22916666666666666,0.38961038961038963,0.0,,0.36904761904761907,0.46774193548387094,0.16071428571428573,0.2777777777777778,0.10416666666666667,0.2857142857142857,0.09226190476190477,0.3225806451612903,0.23809523809523808,0.6,0.10714285714285714,0.4722222222222222,0.34523809523809523,0.5603448275862069,0.4494047619047619,0.37748344370860926,0.008928571428571428,0.0,0.01488095238095238,0.2,0.023809523809523808,0.125,0.18154761904761904,0.21311475409836064,0.0,,0.30654761904761907,0.5631067961165048,0.25297619047619047,0.38823529411764707,0.23511904761904762,0.3924050632911392,0.20238095238095238,0.20588235294117646,0.002976190476190476,0.0,0.3005952380952381,0.3069306930693069,0.30654761904761907,0.36893203883495146,0.6428571428571429,0.4351851851851852,0.002976190476190476,0.0,268,122,0.4552238805970149,68,14,0.20588235294117646,0.20238095238095238,0.2767857142857143,0.2648809523809524,0.22916666666666666,0.22916666666666666,0.0,0.36904761904761907,0.16071428571428573,0.10416666666666667,0.09226190476190477,252,69,9,3,3,0,0,0,0,0,0,0,29,2,0,0,0.75,0.20535714285714285,0.026785714285714284,0.008928571428571428,0.008928571428571428,0.0,0.0,0.0,0.0,0.0,0.0,0.0,0.08630952380952381,0.005952380952380952,0.0,0.0,0,0
1717,Dirk Nowitzki,1998,2,1999-00,82,1118,515,14.805903398926654,16.0,8.339531740372024,17.358676207513415,0.0,101.67173524150269,124.99849657409504,86.06976744186046,61.0,83.50527116100938,5.759391771019678,30.032200357781754,375.5957066189624,9,0.4606440071556351,13.634146341463415,6.280487804878049,812,306,357,211,315,231,4,404,165,91,110,188,103,291,522,12,63,75,230,0,247,268,298,305,0,310,411,711,0,399,116,157,95,157,104,2.0,181,75,38,53,123,36,159,240,6.0,28.0,34,82,0.0,144,117,138,116,0.0,124,181,339,0.0,0.7262969588550984,0.49137931034482757,0.2737030411449016,0.3790849673202614,0.31932021466905186,0.43977591036414565,0.1887298747763864,0.45023696682464454,0.2817531305903399,0.4984126984126984,0.20661896243291591,0.45021645021645024,0.0035778175313059034,0.5,0.3613595706618962,0.44801980198019803,0.1475849731663685,0.45454545454545453,0.08139534883720931,0.4175824175824176,0.09838998211091235,0.4818181818181818,0.16815742397137745,0.6542553191489362,0.09212880143112702,0.34951456310679613,0.26028622540250446,0.5463917525773195,0.4669051878354204,0.45977011494252873,0.01073345259391771,0.5,0.05635062611806798,0.4444444444444444,0.06708407871198568,0.4533333333333333,0.20572450805008943,0.3565217391304348,0.0,,0.22093023255813954,0.582995951417004,0.23971377459749552,0.43656716417910446,0.26654740608228983,0.46308724832214765,0.27280858676207514,0.380327868852459,0.0,,0.2772808586762075,0.4,0.3676207513416816,0.44038929440389296,0.6359570661896243,0.4767932489451477,0.0,,812,399,0.49137931034482757,306,116,0.3790849673202614,0.2737030411449016,0.31932021466905186,0.1887298747763864,0.2817531305903399,0.20661896243291591,0.0035778175313059034,0.3613595706618962,0.1475849731663685,0.08139534883720931,0.09838998211091235,929,143,33,5,8,0,0,0,0,0,0,0,77,9,0,0,0.830948121645796,0.12790697674418605,0.029516994633273702,0.004472271914132379,0.007155635062611807,0.0,0.0,0.0,0.0,0.0,0.0,0.0,0.06887298747763863,0.008050089445438283,0.0,0.0,0,0
1717,Dirk Nowitzki,1998,3,2000-01,82,1247,591,14.261427425821973,16.0,9.639687503642573,24.079390537289495,0.0,94.13712910986368,119.31849396416071,88.3055332798717,63.0,92.04098549609184,5.429029671210906,29.12028869286287,354.86206896551727,15,0.4739374498797113,15.207317073170731,7.2073170731707314,857,390,361,270,358,243,15,405,205,107,125,270,163,433,424,16,102,118,268,4,346,247,264,384,6,278,437,851,6,440,151,174,134,165,111,7.0,189,97,45,57,186,63,249,191,5.0,44.0,49,102,0.0,206,115,119,151,0.0,129,178,415,0.0,0.6872493985565357,0.5134189031505251,0.31275060144346434,0.3871794871794872,0.2894947874899759,0.481994459833795,0.2165196471531676,0.4962962962962963,0.28708901363271855,0.46089385474860334,0.19486768243785085,0.4567901234567901,0.012028869286287089,0.4666666666666667,0.3247794707297514,0.4666666666666667,0.16439454691259023,0.47317073170731705,0.08580593424218123,0.4205607476635514,0.10024057738572574,0.456,0.2165196471531676,0.6888888888888889,0.13071371291098638,0.38650306748466257,0.34723336006415395,0.5750577367205543,0.3400160384923817,0.45047169811320753,0.012830793905372895,0.3125,0.0817963111467522,0.43137254901960786,0.0946271050521251,0.4152542372881356,0.214915797914996,0.3805970149253731,0.0032076984763432237,0.0,0.2774659182036889,0.5953757225433526,0.19807538091419408,0.46558704453441296,0.21170809943865276,0.45075757575757575,0.3079390537289495,0.3932291666666667,0.0048115477145148355,0.0,0.22293504410585405,0.46402877697841727,0.3504410585404972,0.4073226544622426,0.6824378508420208,0.48766157461809634,0.0048115477145148355,0.0,857,440,0.5134189031505251,390,151,0.3871794871794872,0.31275060144346434,0.2894947874899759,0.2165196471531676,0.28708901363271855,0.19486768243785085,0.012028869286287089,0.3247794707297514,0.16439454691259023,0.08580593424218123,0.10024057738572574,973,199,55,7,13,0,0,0,21,0,0,2,82,16,2,0,0.7802726543704892,0.1595829991980754,0.044105854049719326,0.0056134723336006415,0.010425020048115477,0.0,0.0,0.0,0.016840417000801924,0.0,0.0,0.0016038492381716118,0.06575781876503609,0.012830793905372895,0.0016038492381716118,0.0,0,0
1717,Dirk Nowitzki,1998,4,2001-02,76,1258,600,13.79014308426073,16.0,9.310373414740843,19.38235294117647,0.0,85.58108108108108,110.01322365093681,94.34181240063593,80.0,87.360321611693,5.6947535771065185,29.542925278219396,371.2281399046105,16,0.4769475357710652,16.55263157894737,7.894736842105263,908,350,394,279,311,259,15,445,185,96,111,311,122,433,477,6,32,38,310,0,364,231,315,348,0,286,433,930,0,461,139,200,128,147,118,7.0,227,87,48,53,189,46,235,228,4.0,9.0,13,124,0.0,207,97,159,137,0.0,120,199,455,0.0,0.7217806041335453,0.5077092511013216,0.27821939586645467,0.39714285714285713,0.31319554848966613,0.5076142131979695,0.2217806041335453,0.45878136200716846,0.24721780604133545,0.47266881028938906,0.20588235294117646,0.4555984555984556,0.01192368839427663,0.4666666666666667,0.3537360890302067,0.5101123595505618,0.14705882352941177,0.4702702702702703,0.07631160572337042,0.5,0.08823529411764706,0.4774774774774775,0.24721780604133545,0.6077170418006431,0.09697933227344992,0.3770491803278688,0.3441971383147854,0.5427251732101617,0.37917329093799684,0.4779874213836478,0.0047694753577106515,0.6666666666666666,0.025437201907790145,0.28125,0.030206677265500796,0.34210526315789475,0.246422893481717,0.4,0.0,,0.2893481717011129,0.5686813186813187,0.1836248012718601,0.4199134199134199,0.2503974562798092,0.5047619047619047,0.2766295707472178,0.3936781609195402,0.0,,0.2273449920508744,0.4195804195804196,0.3441971383147854,0.45958429561200925,0.739268680445151,0.489247311827957,0.0,,908,461,0.5077092511013216,350,139,0.39714285714285713,0.27821939586645467,0.31319554848966613,0.2217806041335453,0.24721780604133545,0.20588235294117646,0.01192368839427663,0.3537360890302067,0.14705882352941177,0.07631160572337042,0.08823529411764706,945,242,49,7,12,17,0,0,33,0,0,2,90,11,8,0,0.7511923688394276,0.19236883942766295,0.038950715421303655,0.005564387917329093,0.009538950715421303,0.013513513513513514,0.0,0.0,0.026232114467408585,0.0,0.0,0.001589825119236884,0.07154213036565978,0.008744038155802861,0.006359300476947536,0.0,0,0
1718,Paul Pierce,1998,1,1998-99,48,647,284,11.516228748068006,10.0,10.050613369307168,-37.590417310664606,-6.0,89.19783616692426,118.3421631796906,61.89489953632148,27.0,72.67235148623868,5.833075734157651,29.394126738794437,379.3786707882535,9,0.43894899536321486,13.479166666666666,5.916666666666667,443,204,172,157,144,162,12,241,86,44,91,244,72,316,129,52,16,68,134,0,303,81,61,202,0,218,88,486,0,200,84,82,72,59,68,3.0,110,30,18,37,127,24,151,49,28.0,8.0,36,48,0.0,144,29,27,84,0.0,91,32,215,0.0,0.6846986089644513,0.45146726862302483,0.31530139103554866,0.4117647058823529,0.26584234930448225,0.47674418604651164,0.2426584234930448,0.4585987261146497,0.22256568778979907,0.4097222222222222,0.250386398763524,0.41975308641975306,0.01854714064914992,0.25,0.37248840803709427,0.45643153526970953,0.13292117465224113,0.3488372093023256,0.06800618238021638,0.4090909090909091,0.14064914992272023,0.4065934065934066,0.37712519319938176,0.5204918032786885,0.11128284389489954,0.3333333333333333,0.4884080370942813,0.4778481012658228,0.19938176197836166,0.3798449612403101,0.080370942812983,0.5384615384615384,0.02472952086553323,0.5,0.10510046367851623,0.5294117647058824,0.2071097372488408,0.3582089552238806,0.0,,0.46831530139103555,0.4752475247524752,0.125193199381762,0.35802469135802467,0.09428129829984544,0.4426229508196721,0.312210200927357,0.4158415841584158,0.0,,0.3369397217928903,0.41743119266055045,0.13601236476043277,0.36363636363636365,0.7511591962905718,0.44238683127572015,0.0,,443,200,0.45146726862302483,204,84,0.4117647058823529,0.31530139103554866,0.26584234930448225,0.2426584234930448,0.22256568778979907,0.250386398763524,0.01854714064914992,0.37248840803709427,0.13292117465224113,0.06800618238021638,0.14064914992272023,411,182,33,9,12,0,0,0,0,0,0,0,76,12,0,0,0.6352395672333848,0.28129829984544047,0.05100463678516229,0.013910355486862442,0.01854714064914992,0.0,0.0,0.0,0.0,0.0,0.0,0.0,0.11746522411128284,0.01854714064914992,0.0,0.0,0,0
1718,Paul Pierce,1998,2,1999-00,73,1099,486,13.101910828025478,15.0,9.24285703565064,-8.846223839854414,0.0,93.60509554140127,120.3987342210458,78.47315741583257,48.0,79.48556110727876,5.670609645131938,29.18926296633303,369.42584167424934,9,0.4422202001819836,15.054794520547945,6.657534246575342,819,280,290,237,279,286,7,373,156,72,136,301,124,425,395,28,40,68,211,0,379,195,246,278,1,342,283,770,1,390,96,143,109,115,117,2.0,176,59,26,56,186,40,226,164,8.0,13.0,21,75,0.0,210,80,100,96,0.0,135,108,353,0.0,0.7452229299363057,0.47619047619047616,0.25477707006369427,0.34285714285714286,0.26387625113739765,0.49310344827586206,0.2156505914467698,0.459915611814346,0.2538671519563239,0.4121863799283154,0.2602365787079163,0.4090909090909091,0.006369426751592357,0.2857142857142857,0.3393994540491356,0.4718498659517426,0.14194722474977253,0.3782051282051282,0.06551410373066424,0.3611111111111111,0.12374886260236578,0.4117647058823529,0.27388535031847133,0.6179401993355482,0.11282984531392175,0.3225806451612903,0.3867151956323931,0.5317647058823529,0.359417652411283,0.4151898734177215,0.025477707006369428,0.2857142857142857,0.036396724294813464,0.325,0.06187443130118289,0.3088235294117647,0.19199272065514103,0.35545023696682465,0.0,,0.3448589626933576,0.554089709762533,0.17743403093721566,0.41025641025641024,0.22383985441310283,0.4065040650406504,0.2529572338489536,0.34532374100719426,0.0009099181073703367,0.0,0.3111919927206551,0.39473684210526316,0.2575068243858053,0.38162544169611307,0.7006369426751592,0.4584415584415584,0.0009099181073703367,0.0,819,390,0.47619047619047616,280,96,0.34285714285714286,0.25477707006369427,0.26387625113739765,0.2156505914467698,0.2538671519563239,0.2602365787079163,0.006369426751592357,0.3393994540491356,0.14194722474977253,0.06551410373066424,0.12374886260236578,793,229,60,9,8,0,0,0,0,0,0,0,108,17,0,0,0.721565059144677,0.2083712465878071,0.0545950864422202,0.00818926296633303,0.007279344858962694,0.0,0.0,0.0,0.0,0.0,0.0,0.0,0.09827115559599636,0.015468607825295723,0.0,0.0,0,0
1718,Paul Pierce,1998,3,2000-01,82,1513,687,13.014540647719762,15.0,9.580682176620376,-12.097818902842036,0.0,92.7666886979511,118.52695852013298,79.76272306675479,47.0,82.59266007582094,5.577660277594184,29.209517514871116,363.86913417052216,19,0.4540647719762062,18.451219512195124,8.378048780487806,1129,384,373,338,364,423,15,508,235,118,205,452,145,597,532,35,40,75,307,2,541,250,338,382,2,493,370,1078,2,540,147,160,171,164,185,7.0,225,109,56,90,258,54,312,228,12.0,19.0,31,116,0.0,287,106,147,147,0.0,198,158,501,0.0,0.7461996034368804,0.4782993799822852,0.25380039656311965,0.3828125,0.2465300727032386,0.4289544235924933,0.2233972240581626,0.5059171597633136,0.24058162590879048,0.45054945054945056,0.2795769993390615,0.4373522458628842,0.00991407799074686,0.4666666666666667,0.33575677461996034,0.44291338582677164,0.1553205551883675,0.46382978723404256,0.07799074686054197,0.4745762711864407,0.13549239920687375,0.43902439024390244,0.29874421678783875,0.5707964601769911,0.09583608724388631,0.3724137931034483,0.39458030403172506,0.5226130653266332,0.3516192994051553,0.42857142857142855,0.023132848645076007,0.34285714285714286,0.026437541308658295,0.475,0.0495703899537343,0.41333333333333333,0.2029081295439524,0.3778501628664495,0.0013218770654329147,0.0,0.35756774619960346,0.5304990757855823,0.16523463317911435,0.424,0.2233972240581626,0.4349112426035503,0.25247851949768674,0.38481675392670156,0.0013218770654329147,0.0,0.3258426966292135,0.40162271805273836,0.24454725710508923,0.42702702702702705,0.712491738268341,0.4647495361781076,0.0013218770654329147,0.0,1129,540,0.4782993799822852,384,147,0.3828125,0.25380039656311965,0.2465300727032386,0.2233972240581626,0.24058162590879048,0.2795769993390615,0.00991407799074686,0.33575677461996034,0.1553205551883675,0.07799074686054197,0.13549239920687375,1057,394,41,12,7,0,0,0,16,0,0,3,123,21,22,0,0.6986120290812955,0.2604097818902842,0.027098479841374753,0.007931262392597489,0.004626569729015202,0.0,0.0,0.0,0.010575016523463317,0.0,0.0,0.0019828155981493722,0.08129543952412426,0.013879709187045605,0.014540647719762063,0.0,0,0
1718,Paul Pierce,1998,4,2001-02,82,1598,707,14.419274092615769,16.0,10.144204040509843,-14.183979974968711,0.0,95.53066332916146,120.73914478416111,96.49061326658322,79.0,91.69922847517535,5.428035043804756,28.45118898623279,354.13329161451816,19,0.44242803504380473,19.48780487804878,8.621951219512194,1078,520,405,364,425,386,18,506,260,141,173,437,110,547,532,22,40,62,451,6,500,218,361,510,9,548,399,1183,9,497,210,185,162,193,157,10.0,235,108,49,71,255,35,290,208,4.0,15.0,19,189,1.0,275,74,149,207,2.0,214,161,555,2.0,0.6745932415519399,0.461038961038961,0.32540675844806005,0.40384615384615385,0.25344180225281604,0.4567901234567901,0.22778473091364204,0.44505494505494503,0.26595744680851063,0.4541176470588235,0.24155193992490614,0.4067357512953368,0.011264080100125156,0.5555555555555556,0.3166458072590738,0.4644268774703557,0.16270337922403003,0.4153846153846154,0.08823529411764706,0.3475177304964539,0.10826032540675845,0.41040462427745666,0.2734668335419274,0.5835240274599542,0.0688360450563204,0.3181818181818182,0.3423028785982478,0.5301645338208409,0.33291614518147683,0.39097744360902253,0.01376720901126408,0.18181818181818182,0.025031289111389236,0.375,0.03879849812265332,0.3064516129032258,0.28222778473091364,0.4190687361419069,0.0037546933667083854,0.16666666666666666,0.31289111389236546,0.55,0.13642052565707133,0.3394495412844037,0.22590738423028786,0.41274238227146814,0.3191489361702128,0.40588235294117647,0.005632040050062578,0.2222222222222222,0.3429286608260325,0.3905109489051095,0.24968710888610762,0.40350877192982454,0.7403003754693367,0.4691462383770076,0.005632040050062578,0.2222222222222222,1078,497,0.461038961038961,520,210,0.40384615384615385,0.32540675844806005,0.25344180225281604,0.22778473091364204,0.26595744680851063,0.24155193992490614,0.011264080100125156,0.3166458072590738,0.16270337922403003,0.08823529411764706,0.10826032540675845,1164,356,53,11,6,30,0,0,20,0,0,3,139,25,21,0,0.7284105131414268,0.2227784730913642,0.03316645807259074,0.00688360450563204,0.0037546933667083854,0.01877346683354193,0.0,0.0,0.012515644555694618,0.0,0.0,0.0018773466833541927,0.0869837296620776,0.015644555694618274,0.013141426783479349,0.0,0,0
1938,Manu Ginobili,1999,2,2003-04,77,789,330,11.946768060836503,9.0,11.04396866995457,-10.902408111533587,0.0,85.52851711026616,119.21616614722763,68.81242078580482,25.0,92.64540114405307,5.250950570342205,27.515842839036754,342.57287705956907,24,0.41825095057034223,10.246753246753247,4.285714285714286,544,245,185,196,203,197,8,255,164,87,74,290,99,389,155,46,25,71,168,6,371,92,81,239,6,202,163,603,6,242,88,73,84,75,97,1.0,119,63,28,32,161,30,191,51,18.0,8.0,26,62,0.0,187,27,28,88,0.0,68,62,270,0.0,0.6894803548795945,0.44485294117647056,0.3105196451204056,0.35918367346938773,0.23447401774397972,0.3945945945945946,0.24841571609632446,0.42857142857142855,0.2572877059569075,0.3694581280788177,0.24968314321926488,0.49238578680203043,0.010139416983523447,0.125,0.3231939163498099,0.4666666666666667,0.20785804816223066,0.38414634146341464,0.11026615969581749,0.3218390804597701,0.09378960709759189,0.43243243243243246,0.36755386565272496,0.5551724137931034,0.12547528517110265,0.30303030303030304,0.49302915082382764,0.4910025706940874,0.1964512040557668,0.32903225806451614,0.058301647655259824,0.391304347826087,0.031685678073510776,0.32,0.08998732572877059,0.36619718309859156,0.21292775665399238,0.36904761904761907,0.0076045627376425855,0.0,0.47021546261089986,0.5040431266846361,0.11660329531051965,0.29347826086956524,0.10266159695817491,0.345679012345679,0.302915082382763,0.3682008368200837,0.0076045627376425855,0.0,0.25602027883396705,0.33663366336633666,0.20659062103929024,0.3803680981595092,0.7642585551330798,0.44776119402985076,0.0076045627376425855,0.0,544,242,0.44485294117647056,245,88,0.35918367346938773,0.3105196451204056,0.23447401774397972,0.24841571609632446,0.2572877059569075,0.24968314321926488,0.010139416983523447,0.3231939163498099,0.20785804816223066,0.11026615969581749,0.09378960709759189,483,248,24,11,7,33,0,0,4,0,8,3,119,47,26,0,0.6121673003802282,0.31432192648922685,0.030418250950570342,0.01394169835234474,0.008871989860583017,0.04182509505703422,0.0,0.0,0.005069708491761723,0.0,0.010139416983523447,0.0038022813688212928,0.15082382762991128,0.059569074778200254,0.032953105196451206,0.0,0,0
1938,Manu Ginobili,1999,3,2004-05,74,780,367,11.087179487179487,7.0,10.421173752562309,-3.678205128205128,0.0,79.92435897435898,116.69593499573075,62.684615384615384,20.0,82.31116339376878,6.07051282051282,29.475641025641025,393.70641025641027,23,0.4705128205128205,10.54054054054054,4.95945945945946,522,258,202,189,201,179,9,335,151,97,81,324,102,426,99,53,42,95,159,1,398,74,53,253,2,161,165,607,2,270,97,94,96,86,87,4.0,154,65,39,42,193,45,238,34,20.0,17.0,37,58,0.0,228,29,15,95,0.0,54,65,301,0.0,0.6692307692307692,0.5172413793103449,0.33076923076923076,0.375968992248062,0.258974358974359,0.46534653465346537,0.2423076923076923,0.5079365079365079,0.25769230769230766,0.42786069651741293,0.22948717948717948,0.4860335195530726,0.011538461538461539,0.4444444444444444,0.42948717948717946,0.4597014925373134,0.1935897435897436,0.4304635761589404,0.12435897435897436,0.4020618556701031,0.10384615384615385,0.5185185185185185,0.4153846153846154,0.595679012345679,0.13076923076923078,0.4411764705882353,0.5461538461538461,0.5586854460093896,0.12692307692307692,0.3434343434343434,0.06794871794871794,0.37735849056603776,0.05384615384615385,0.40476190476190477,0.12179487179487179,0.3894736842105263,0.20384615384615384,0.36477987421383645,0.001282051282051282,0.0,0.5102564102564102,0.5728643216080402,0.09487179487179487,0.3918918918918919,0.06794871794871794,0.2830188679245283,0.3243589743589744,0.37549407114624506,0.002564102564102564,0.0,0.2064102564102564,0.33540372670807456,0.21153846153846154,0.3939393939393939,0.7782051282051282,0.4958813838550247,0.002564102564102564,0.0,522,270,0.5172413793103449,258,97,0.375968992248062,0.33076923076923076,0.258974358974359,0.2423076923076923,0.25769230769230766,0.22948717948717948,0.011538461538461539,0.42948717948717946,0.1935897435897436,0.12435897435897436,0.10384615384615385,443,268,22,12,9,15,0,0,4,0,8,2,132,43,22,0,0.5679487179487179,0.3435897435897436,0.028205128205128206,0.015384615384615385,0.011538461538461539,0.019230769230769232,0.0,0.0,0.005128205128205128,0.0,0.010256410256410256,0.002564102564102564,0.16923076923076924,0.05512820512820513,0.028205128205128206,0.0,0,0
