PLAYER_ID,SEASON_ID,LEAGUE_ID,TEAM_ID,TEAM_ABBREVIATION,PLAYER_AGE,GP,GS,MIN,FGM,FGA,FG_PCT,FG3M,FG3A,FG3_PCT,FTM,FTA,FT_PCT,OREB,DREB,REB,AST,STL,BLK,TOV,PF,PTS,PLAYER_NAME
2547,2003-04,00,1610612761,TOR,20.0,75,63,2512,327,712,0.459,5,14,0.357,202,288,0.701,191,366,557,78,59,106,107,215,861,Chris Bosh
2547,2004-05,00,1610612761,TOR,21.0,81,81,3015,473,1005,0.471,3,10,0.3,412,542,0.76,194,524,718,153,76,113,187,226,1361,Chris Bosh
2547,2005-06,00,1610612761,TOR,22.0,70,70,2751,549,1087,0.505,0,13,0.0,474,581,0.816,204,443,647,181,50,79,157,209,1572,Chris Bosh
2547,2006-07,00,1610612761,TOR,23.0,69,69,2658,543,1094,0.496,12,35,0.343,463,590,0.785,186,555,741,175,39,90,179,163,1561,Chris Bosh
2547,2007-08,00,1610612761,TOR,24.0,67,67,2425,507,1027,0.494,10,25,0.4,472,559,0.844,174,409,583,171,63,67,153,157,1496,Chris Bosh
2547,2008-09,00,1610612761,TOR,25.0,77,77,2928,615,1263,0.487,12,49,0.245,504,617,0.817,215,556,771,191,67,77,174,189,1746,Chris Bosh
2547,2009-10,00,1610612761,TOR,26.0,70,70,2526,600,1158,0.518,8,22,0.364,470,590,0.797,205,554,759,166,43,68,169,170,1678,Chris Bosh
2547,2010-11,00,1610612748,MIA,27.0,77,77,2795,524,1056,0.496,6,25,0.24,384,471,0.815,141,500,641,144,59,49,138,172,1438,Chris Bosh
2547,2011-12,00,1610612748,MIA,28.0,57,57,2007,393,807,0.487,10,35,0.286,229,279,0.821,94,358,452,103,51,45,117,128,1025,Chris Bosh
2547,2012-13,00,1610612748,MIA,29.0,74,74,2454,485,907,0.535,21,74,0.284,241,302,0.798,131,370,501,123,66,101,128,168,1232,Chris Bosh
2547,2013-14,00,1610612748,MIA,30.0,79,79,2531,492,953,0.516,74,218,0.339,223,272,0.82,98,424,522,87,80,78,125,192,1281,Chris Bosh
2547,2014-15,00,1610612748,MIA,31.0,44,44,1556,343,745,0.46,63,168,0.375,179,232,0.772,46,264,310,95,41,25,95,69,928,Chris Bosh
2547,2015-16,00,1610612748,MIA,32.0,53,53,1778,358,767,0.467,81,222,0.365,213,268,0.795,48,342,390,128,36,34,78,101,1010,Chris Bosh
2548,2003-04,00,1610612748,MIA,22.0,61,56,2130,371,798,0.465,16,53,0.302,233,312,0.747,85,162,247,275,86,34,196,140,991,Dwyane Wade
2548,2004-05,00,1610612748,MIA,23.0,77,77,2974,630,1318,0.478,13,45,0.289,581,762,0.762,110,287,397,520,121,82,321,230,1854,Dwyane Wade
2548,2005-06,00,1610612748,MIA,24.0,75,75,2892,699,1413,0.495,13,76,0.171,629,803,0.783,107,323,430,503,146,58,268,217,2040,Dwyane Wade
2548,2006-07,00,1610612748,MIA,25.0,51,50,1931,472,962,0.491,21,79,0.266,432,535,0.807,51,188,239,384,107,62,216,117,1397,Dwyane Wade
2548,2007-08,00,1610612748,MIA,26.0,51,49,1954,439,937,0.469,22,77,0.286,354,467,0.758,45,169,214,354,87,37,224,137,1254,Dwyane Wade
2548,2008-09,00,1610612748,MIA,27.0,79,79,3048,854,1739,0.491,88,278,0.317,590,771,0.765,89,309,398,589,173,106,272,178,2386,Dwyane Wade
2548,2009-10,00,1610612748,MIA,28.0,77,77,2792,719,1511,0.476,73,243,0.3,534,702,0.761,107,266,373,501,142,82,252,181,2045,Dwyane Wade
2548,2010-11,00,1610612748,MIA,29.0,76,76,2823,692,1384,0.5,63,206,0.306,494,652,0.758,123,362,485,346,111,87,237,197,1941,Dwyane Wade
2548,2011-12,00,1610612748,MIA,30.0,49,49,1625,416,837,0.497,15,56,0.268,235,297,0.791,73,164,237,225,82,63,129,110,1082,Dwyane Wade
2548,2012-13,00,1610612748,MIA,31.0,69,69,2391,569,1093,0.521,17,66,0.258,308,425,0.725,86,258,344,352,128,56,194,140,1463,Dwyane Wade
2548,2013-14,00,1610612748,MIA,32.0,54,53,1775,415,761,0.545,9,32,0.281,189,258,0.733,60,181,241,252,79,29,161,106,1028,Dwyane Wade
2548,2014-15,00,1610612748,MIA,33.0,62,62,1971,509,1084,0.47,29,102,0.284,284,370,0.768,58,161,219,299,73,21,209,105,1331,Dwyane Wade
2548,2015-16,00,1610612748,MIA,34.0,74,73,2258,540,1183,0.456,7,44,0.159,322,406,0.793,82,220,302,344,79,42,203,116,1409,Dwyane Wade
2548,2016-17,00,1610612741,CHI,35.0,60,59,1792,414,955,0.434,45,145,0.31,223,281,0.794,63,207,270,228,86,41,138,112,1096,Dwyane Wade
2548,2017-18,00,1610612739,CLE,36.0,46,3,1069,198,435,0.455,23,70,0.329,94,134,0.701,39,142,181,163,42,32,92,84,513,Dwyane Wade
2548,2017-18,00,1610612748,MIA,36.0,21,0,467,101,247,0.409,9,41,0.22,41,55,0.745,11,60,71,65,19,15,48,40,252,Dwyane Wade
2548,2017-18,00,0,TOT,36.0,67,3,1536,299,682,0.438,32,111,0.288,135,189,0.714,50,202,252,228,61,47,140,124,765,Dwyane Wade
2548,2018-19,00,1610612748,MIA,37.0,72,2,1885,416,960,0.433,86,261,0.33,165,233,0.708,69,216,285,301,59,38,166,118,1083,Dwyane Wade
2397,2002-03,00,1610612745,HOU,22.0,82,72,2382,401,805,0.498,1,2,0.5,301,371,0.811,196,479,675,137,31,147,173,230,1104,Yao Ming
2397,2003-04,00,1610612745,HOU,23.0,82,82,2693,535,1025,0.522,0,2,0.0,361,446,0.809,197,538,735,122,22,156,204,273,1431,Yao Ming
2397,2004-05,00,1610612745,HOU,24.0,80,80,2447,538,975,0.552,0,0,0.0,389,497,0.783,208,461,669,61,34,160,196,298,1465,Yao Ming
2397,2005-06,00,1610612745,HOU,25.0,57,57,1949,467,900,0.519,0,1,0.0,337,395,0.853,148,433,581,85,30,94,147,195,1271,Yao Ming
2397,2006-07,00,1610612745,HOU,26.0,48,48,1624,423,819,0.516,0,2,0.0,356,413,0.862,101,351,452,94,17,94,167,159,1202,Yao Ming
2397,2007-08,00,1610612745,HOU,27.0,55,55,2044,432,852,0.507,0,2,0.0,345,406,0.85,172,422,594,129,25,111,183,171,1209,Yao Ming
2397,2008-09,00,1610612745,HOU,28.0,77,77,2589,566,1032,0.548,1,1,1.0,381,440,0.866,204,557,761,137,30,150,234,257,1514,Yao Ming
2397,2010-11,00,1610612745,HOU,30.0,5,5,91,18,37,0.486,0,0,0.0,15,16,0.938,7,20,27,4,0,8,7,13,51,Yao Ming
2200,2001-02,00,1610612763,MEM,21.0,82,79,3007,551,1064,0.518,1,5,0.2,338,477,0.709,238,492,730,223,41,169,224,195,1441,Pau Gasol
2200,2002-03,00,1610612763,MEM,22.0,82,82,2948,569,1116,0.51,1,10,0.1,416,565,0.736,192,528,720,229,34,148,213,220,1555,Pau Gasol
2200,2003-04,00,1610612763,MEM,23.0,78,78,2458,506,1049,0.482,4,15,0.267,365,511,0.714,206,394,600,198,44,132,187,185,1381,Pau Gasol
2200,2004-05,00,1610612763,MEM,24.0,56,53,1790,357,695,0.514,1,6,0.167,282,367,0.768,130,280,410,135,37,93,137,146,997,Pau Gasol
2200,2005-06,00,1610612763,MEM,25.0,80,80,3135,600,1194,0.503,3,12,0.25,425,617,0.689,191,522,713,371,46,153,235,184,1628,Pau Gasol
2200,2006-07,00,1610612763,MEM,26.0,59,59,2133,462,858,0.538,3,11,0.273,299,400,0.748,149,432,581,201,29,126,162,137,1226,Pau Gasol
2200,2007-08,00,1610612763,MEM,27.0,39,39,1433,279,557,0.501,4,15,0.267,176,215,0.819,94,248,342,116,16,56,80,85,738,Pau Gasol
2200,2007-08,00,1610612747,LAL,27.0,27,27,918,196,333,0.589,0,1,0.0,116,147,0.789,61,150,211,95,14,42,44,54,508,Pau Gasol
2200,2007-08,00,0,TOT,27.0,66,66,2351,475,890,0.534,4,16,0.25,292,362,0.807,155,398,553,211,30,98,124,139,1246,Pau Gasol
2200,2008-09,00,1610612747,LAL,28.0,81,81,2999,592,1045,0.567,1,2,0.5,343,439,0.781,262,518,780,284,52,81,157,172,1528,Pau Gasol
2200,2009-10,00,1610612747,LAL,29.0,65,65,2403,452,844,0.536,0,5,0.0,286,362,0.79,243,491,734,218,37,113,143,152,1190,Pau Gasol
2200,2010-11,00,1610612747,LAL,30.0,82,82,3037,593,1120,0.529,1,3,0.333,354,430,0.823,268,568,836,273,48,130,142,203,1541,Pau Gasol
2200,2011-12,00,1610612747,LAL,31.0,65,65,2430,459,917,0.501,7,27,0.259,204,261,0.782,183,495,678,237,37,88,142,127,1129,Pau Gasol
2200,2012-13,00,1610612747,LAL,32.0,49,42,1655,270,579,0.466,8,28,0.286,125,178,0.702,111,310,421,200,24,61,104,93,673,Pau Gasol
2200,2013-14,00,1610612747,LAL,33.0,60,60,1884,425,885,0.48,4,14,0.286,187,254,0.736,124,456,580,201,27,92,141,124,1041,Pau Gasol
2200,2014-15,00,1610612741,CHI,34.0,78,78,2681,570,1153,0.494,12,26,0.462,294,366,0.803,220,699,919,210,25,147,158,147,1446,Pau Gasol
2200,2015-16,00,1610612741,CHI,35.0,72,72,2291,467,995,0.469,24,69,0.348,229,289,0.792,155,638,793,294,42,146,164,148,1187,Pau Gasol
2200,2016-17,00,1610612759,SAS,36.0,64,39,1627,303,604,0.502,56,104,0.538,130,184,0.707,107,394,501,150,24,70,81,110,792,Pau Gasol
2200,2017-18,00,1610612759,SAS,37.0,77,63,1812,287,627,0.458,43,120,0.358,158,209,0.756,129,490,619,238,24,79,108,121,775,Pau Gasol
2200,2018-19,00,1610612759,SAS,38.0,27,6,330,41,88,0.466,5,10,0.5,27,38,0.711,22,105,127,50,5,14,14,28,114,Pau Gasol
2200,2018-19,00,1610612749,MIL,38.0,3,0,30,1,6,0.167,1,3,0.333,1,2,0.5,0,10,10,2,0,1,2,1,4,Pau Gasol
2200,2018-19,00,0,TOT,38.0,30,6,361,42,94,0.447,6,13,0.462,28,40,0.7,22,115,137,52,5,15,16,29,118,Pau Gasol
2225,2001-02,00,1610612759,SAS,20.0,77,72,2267,268,639,0.419,61,189,0.323,108,160,0.675,33,164,197,334,89,7,151,166,705,Tony Parker
2225,2002-03,00,1610612759,SAS,21.0,82,82,2774,484,1043,0.464,82,243,0.337,219,290,0.755,33,183,216,432,71,4,198,174,1269,Tony Parker
2225,2003-04,00,1610612759,SAS,22.0,75,75,2577,423,946,0.447,62,199,0.312,191,272,0.702,43,194,237,411,61,7,179,148,1099,Tony Parker
2225,2004-05,00,1610612759,SAS,23.0,80,80,2735,539,1118,0.482,43,156,0.276,210,323,0.65,47,251,298,491,98,4,215,167,1331,Tony Parker
2225,2005-06,00,1610612759,SAS,24.0,80,80,2715,623,1136,0.548,11,36,0.306,253,358,0.707,38,223,261,460,83,4,249,161,1510,Tony Parker
2225,2006-07,00,1610612759,SAS,25.0,77,77,2499,570,1096,0.52,15,38,0.395,274,350,0.783,34,216,250,420,82,6,191,137,1429,Tony Parker
2225,2007-08,00,1610612759,SAS,26.0,69,68,2312,515,1043,0.494,17,66,0.258,248,347,0.715,30,191,221,411,55,8,164,93,1295,Tony Parker
2225,2008-09,00,1610612759,SAS,27.0,72,71,2456,639,1263,0.506,19,65,0.292,284,363,0.782,27,196,223,496,67,4,186,110,1581,Tony Parker
2225,2009-10,00,1610612759,SAS,28.0,56,50,1728,349,716,0.487,10,34,0.294,186,246,0.756,7,128,135,317,29,8,149,96,894,Tony Parker
2225,2010-11,00,1610612759,SAS,29.0,78,78,2528,555,1069,0.519,25,70,0.357,233,303,0.769,30,208,238,513,90,3,200,135,1368,Tony Parker
2225,2011-12,00,1610612759,SAS,30.0,60,60,1923,427,890,0.48,14,61,0.23,227,284,0.799,22,149,171,463,57,5,153,75,1095,Tony Parker
2225,2012-13,00,1610612759,SAS,31.0,66,66,2174,519,995,0.522,24,68,0.353,279,330,0.845,18,180,198,499,54,6,170,92,1341,Tony Parker
2225,2013-14,00,1610612759,SAS,32.0,68,68,1997,456,914,0.499,25,67,0.373,197,243,0.811,17,138,155,388,36,9,151,86,1134,Tony Parker
2225,2014-15,00,1610612759,SAS,33.0,68,68,1953,404,832,0.486,38,89,0.427,130,166,0.783,15,114,129,335,44,2,146,108,976,Tony Parker
2225,2015-16,00,1610612759,SAS,34.0,72,72,1980,350,710,0.493,27,65,0.415,130,171,0.76,17,159,176,379,54,11,131,114,857,Tony Parker
2225,2016-17,00,1610612759,SAS,35.0,63,63,1587,265,569,0.466,23,69,0.333,85,117,0.726,9,104,113,285,34,2,89,92,638,Tony Parker
2225,2017-18,00,1610612759,SAS,36.0,55,21,1071,178,388,0.459,10,37,0.27,55,78,0.705,7,88,95,195,28,1,68,52,421,Tony Parker
2225,2018-19,00,1610612766,CHA,37.0,56,0,1003,213,463,0.46,13,51,0.255,91,124,0.734,14,69,83,207,21,7,75,53,530,Tony Parker
1938,2002-03,00,1610612759,SAS,25.0,69,5,1431,174,397,0.438,51,148,0.345,126,171,0.737,47,114,161,138,96,17,100,170,525,Manu Ginobili
1938,2003-04,00,1610612759,SAS,26.0,77,38,2258,330,789,0.418,88,245,0.359,239,298,0.802,86,258,344,291,136,16,161,181,987,Manu Ginobili
1938,2004-05,00,1610612759,SAS,27.0,74,74,2193,367,780,0.471,97,258,0.376,355,442,0.803,75,254,329,288,119,27,172,190,1186,Manu Ginobili
1938,2005-06,00,1610612759,SAS,28.0,65,56,1813,309,669,0.462,83,217,0.382,280,360,0.778,42,188,230,235,101,26,121,156,981,Manu Ginobili
1938,2006-07,00,1610612759,SAS,29.0,75,36,2060,396,854,0.464,128,323,0.396,320,372,0.86,59,268,327,263,109,27,157,155,1240,Manu Ginobili
1938,2007-08,00,1610612759,SAS,30.0,74,23,2299,453,984,0.46,156,389,0.401,380,442,0.86,63,291,354,332,109,33,200,173,1442,Manu Ginobili
1938,2008-09,00,1610612759,SAS,31.0,44,7,1181,223,491,0.454,69,209,0.33,168,190,0.884,24,174,198,157,64,16,88,90,683,Manu Ginobili
1938,2009-10,00,1610612759,SAS,32.0,75,21,2150,398,903,0.441,132,350,0.377,309,355,0.87,68,216,284,370,103,24,154,154,1237,Manu Ginobili
1938,2010-11,00,1610612759,SAS,33.0,80,79,2426,441,1018,0.433,154,441,0.349,357,410,0.871,42,253,295,393,123,28,174,163,1393,Manu Ginobili
1938,2011-12,00,1610612759,SAS,34.0,34,7,792,150,285,0.526,52,126,0.413,88,101,0.871,18,98,116,151,24,12,64,56,440,Manu Ginobili
1938,2012-13,00,1610612759,SAS,35.0,60,0,1393,229,539,0.425,83,235,0.353,164,206,0.796,30,171,201,274,80,13,132,114,705,Manu Ginobili
1938,2013-14,00,1610612759,SAS,36.0,68,3,1550,294,627,0.469,90,258,0.349,160,188,0.851,30,172,202,293,70,17,139,128,838,Manu Ginobili
1938,2014-15,00,1610612759,SAS,37.0,70,0,1587,251,589,0.426,89,258,0.345,147,204,0.721,28,183,211,293,67,20,154,138,738,Manu Ginobili
1938,2015-16,00,1610612759,SAS,38.0,58,0,1134,197,435,0.453,70,179,0.391,91,112,0.813,26,120,146,177,66,11,99,99,555,Manu Ginobili
1938,2016-17,00,1610612759,SAS,39.0,69,0,1291,171,439,0.39,89,227,0.392,86,107,0.804,28,129,157,183,82,16,96,119,517,Manu Ginobili
1938,2017-18,00,1610612759,SAS,40.0,65,0,1299,201,463,0.434,64,192,0.333,110,131,0.84,19,123,142,163,43,16,105,126,576,Manu Ginobili
1713,1998-99,00,1610612761,TOR,22.0,50,49,1760,345,766,0.45,19,66,0.288,204,268,0.761,94,189,283,149,55,77,110,140,913,Vince Carter
1713,1999-00,00,1610612761,TOR,23.0,82,82,3126,788,1696,0.465,95,236,0.403,436,551,0.791,150,326,476,322,110,92,178,263,2107,Vince Carter
1713,2000-01,00,1610612761,TOR,24.0,75,75,2979,762,1656,0.46,162,397,0.408,384,502,0.765,176,240,416,291,114,82,167,205,2070,Vince Carter
1713,2001-02,00,1610612761,TOR,25.0,60,60,2386,559,1307,0.428,121,313,0.387,245,307,0.798,138,175,313,239,94,43,154,191,1484,Vince Carter
1713,2002-03,00,1610612761,TOR,26.0,43,42,1471,355,760,0.467,45,131,0.344,129,160,0.806,59,129,188,143,48,41,74,121,884,Vince Carter
1713,2003-04,00,1610612761,TOR,27.0,73,73,2786,608,1457,0.417,93,243,0.383,336,417,0.806,95,254,349,348,88,65,223,212,1645,Vince Carter
1713,2004-05,00,1610612761,TOR,28.0,20,20,608,124,302,0.411,19,59,0.322,50,72,0.694,28,38,66,61,25,15,22,56,317,Vince Carter
1713,2004-05,00,1610612751,NJN,28.0,57,56,2220,572,1239,0.462,108,254,0.425,317,388,0.817,78,257,335,266,84,33,146,187,1569,Vince Carter
1713,2004-05,00,0,TOT,28.0,77,76,2828,696,1541,0.452,127,313,0.406,367,460,0.798,106,295,401,327,109,48,168,243,1886,Vince Carter
1713,2005-06,00,1610612751,NJN,29.0,79,79,2906,653,1518,0.43,125,367,0.341,480,601,0.799,135,327,462,338,94,53,213,235,1911,Vince Carter
1713,2006-07,00,1610612751,NJN,30.0,82,82,3126,726,1598,0.454,156,437,0.357,462,576,0.802,114,378,492,393,82,30,217,266,2070,Vince Carter
1713,2007-08,00,1610612751,NJN,31.0,76,72,2959,587,1287,0.456,98,273,0.359,350,429,0.816,112,341,453,389,93,33,181,241,1622,Vince Carter
1713,2008-09,00,1610612751,NJN,32.0,80,80,2946,588,1345,0.437,151,392,0.385,335,410,0.817,74,336,410,376,82,38,166,234,1662,Vince Carter
1713,2009-10,00,1610612753,ORL,33.0,75,74,2310,434,1015,0.428,119,324,0.367,257,306,0.84,33,260,293,236,53,18,106,189,1244,Vince Carter
1713,2010-11,00,1610612753,ORL,34.0,22,22,664,125,266,0.47,27,78,0.346,56,75,0.747,11,79,90,64,20,3,36,70,333,Vince Carter
1713,2010-11,00,1610612756,PHX,34.0,51,41,1387,264,625,0.422,89,243,0.366,72,98,0.735,43,142,185,82,47,17,54,123,689,Vince Carter
1713,2010-11,00,0,TOT,34.0,73,63,2052,389,891,0.437,116,321,0.361,128,173,0.74,54,221,275,146,67,20,90,193,1022,Vince Carter
1713,2011-12,00,1610612742,DAL,35.0,61,40,1542,223,542,0.411,74,205,0.361,95,115,0.826,32,173,205,139,56,25,84,134,615,Vince Carter
1713,2012-13,00,1610612742,DAL,36.0,81,3,2093,372,855,0.435,162,399,0.406,182,223,0.816,58,276,334,194,74,44,106,226,1088,Vince Carter
1713,2013-14,00,1610612742,DAL,37.0,81,0,1973,330,811,0.407,146,371,0.394,161,196,0.821,67,217,284,212,61,35,108,209,967,Vince Carter
1713,2014-15,00,1610612763,MEM,38.0,66,1,1091,135,406,0.333,69,232,0.297,45,57,0.789,27,106,133,79,43,14,43,102,384,Vince Carter
1713,2015-16,00,1610612763,MEM,39.0,60,3,1005,133,343,0.388,59,169,0.349,70,84,0.833,31,115,146,56,38,16,35,101,395,Vince Carter
1713,2016-17,00,1610612763,MEM,40.0,73,15,1800,193,490,0.394,112,296,0.378,88,115,0.765,36,191,227,133,60,36,50,163,586,Vince Carter
1713,2017-18,00,1610612758,SAC,41.0,58,4,1026,114,283,0.403,57,165,0.345,28,37,0.757,18,130,148,69,42,26,36,96,313,Vince Carter
1713,2018-19,00,1610612737,ATL,42.0,76,9,1330,196,468,0.419,123,316,0.389,47,66,0.712,31,163,194,87,44,27,48,141,562,Vince Carter
1713,2019-20,00,1610612737,ATL,43.0,60,0,876,107,304,0.352,61,202,0.302,23,29,0.793,18,106,124,48,23,25,33,90,298,Vince Carter
1717,1998-99,00,1610612742,DAL,21.0,47,24,958,136,336,0.405,14,68,0.206,99,128,0.773,41,121,162,47,29,27,73,105,385,Dirk Nowitzki
1717,1999-00,00,1610612742,DAL,22.0,82,81,2938,515,1118,0.461,116,306,0.379,289,348,0.83,102,430,532,203,63,68,141,256,1435,Dirk Nowitzki
1717,2000-01,00,1610612742,DAL,23.0,82,82,3125,591,1247,0.474,151,390,0.387,451,538,0.838,119,635,754,173,79,101,156,245,1784,Dirk Nowitzki
1717,2001-02,00,1610612742,DAL,24.0,76,76,2891,600,1258,0.477,139,350,0.397,440,516,0.853,120,635,755,186,83,77,145,222,1779,Dirk Nowitzki
1717,2002-03,00,1610612742,DAL,25.0,80,80,3117,690,1489,0.463,148,390,0.379,483,548,0.881,81,710,791,239,111,82,152,206,2011,Dirk Nowitzki
1717,2003-04,00,1610612742,DAL,26.0,77,77,2914,605,1310,0.462,99,290,0.341,371,423,0.877,90,580,670,207,92,104,135,216,1680,Dirk Nowitzki
1717,2004-05,00,1610612742,DAL,27.0,78,78,3020,663,1445,0.459,91,228,0.399,615,708,0.869,96,661,757,240,97,119,176,219,2032,Dirk Nowitzki
1717,2005-06,00,1610612742,DAL,28.0,81,81,3089,751,1564,0.48,110,271,0.406,539,598,0.901,115,613,728,226,58,83,156,164,2151,Dirk Nowitzki
1717,2006-07,00,1610612742,DAL,29.0,78,78,2820,673,1341,0.502,72,173,0.416,498,551,0.904,122,571,693,263,52,62,167,171,1916,Dirk Nowitzki
1717,2007-08,00,1610612742,DAL,30.0,77,77,2769,630,1314,0.479,79,220,0.359,478,544,0.879,95,564,659,266,51,71,160,198,1817,Dirk Nowitzki
1717,2008-09,00,1610612742,DAL,31.0,81,81,3050,774,1616,0.479,61,170,0.359,485,545,0.89,88,593,681,197,61,63,157,176,2094,Dirk Nowitzki
1717,2009-10,00,1610612742,DAL,32.0,81,80,3039,720,1496,0.481,51,121,0.421,536,586,0.915,80,540,620,218,70,79,149,208,2027,Dirk Nowitzki
1717,2010-11,00,1610612742,DAL,33.0,73,73,2504,610,1179,0.517,66,168,0.393,395,443,0.892,50,463,513,190,38,47,137,172,1681,Dirk Nowitzki
1717,2011-12,00,1610612742,DAL,34.0,62,62,2079,473,1034,0.457,78,212,0.368,318,355,0.896,46,372,418,136,42,30,117,129,1342,Dirk Nowitzki
1717,2012-13,00,1610612742,DAL,35.0,53,47,1661,343,728,0.471,65,157,0.414,166,193,0.86,37,326,363,132,38,37,70,93,917,Dirk Nowitzki
1717,2013-14,00,1610612742,DAL,36.0,80,80,2628,633,1273,0.497,131,329,0.398,338,376,0.899,40,458,498,216,73,45,117,165,1735,Dirk Nowitzki
1717,2014-15,00,1610612742,DAL,37.0,77,77,2282,487,1062,0.459,104,274,0.38,255,289,0.882,44,413,457,143,39,33,82,160,1333,Dirk Nowitzki
1717,2015-16,00,1610612742,DAL,38.0,75,75,2364,498,1112,0.448,126,342,0.368,250,280,0.893,52,437,489,132,52,52,84,161,1372,Dirk Nowitzki
1717,2016-17,00,1610612742,DAL,39.0,54,54,1424,296,678,0.437,79,209,0.378,98,112,0.875,23,330,353,82,30,38,51,113,769,Dirk Nowitzki
1717,2017-18,00,1610612742,DAL,40.0,77,77,1900,346,758,0.456,138,337,0.409,97,108,0.898,22,416,438,120,43,45,51,146,927,Dirk Nowitzki
1717,2018-19,00,1610612742,DAL,41.0,51,20,795,135,376,0.359,64,205,0.312,39,50,0.78,5,153,158,35,9,18,18,76,373,Dirk Nowitzki
1718,1998-99,00,1610612738,BOS,21.0,48,47,1632,284,647,0.439,84,204,0.412,139,195,0.713,117,192,309,115,82,50,113,139,791,Paul Pierce
1718,1999-00,00,1610612738,BOS,22.0,73,72,2583,486,1099,0.442,96,280,0.343,359,450,0.798,83,313,396,221,152,62,178,237,1427,Paul Pierce
1718,2000-01,00,1610612738,BOS,23.0,82,82,3120,687,1513,0.454,147,384,0.383,550,738,0.745,94,428,522,253,138,69,262,251,2071,Paul Pierce
1718,2001-02,00,1610612738,BOS,24.0,82,82,3299,707,1598,0.442,210,520,0.404,520,643,0.809,81,485,566,261,154,86,241,237,2144,Paul Pierce
1718,2002-03,00,1610612738,BOS,25.0,79,79,3096,663,1592,0.416,118,391,0.302,604,753,0.802,106,472,578,349,139,62,288,227,2048,Paul Pierce
1718,2003-04,00,1610612738,BOS,26.0,80,80,3101,602,1497,0.402,115,384,0.299,517,631,0.819,69,453,522,410,131,52,303,234,1836,Paul Pierce
1718,2004-05,00,1610612738,BOS,27.0,82,82,2960,556,1223,0.455,108,292,0.37,549,668,0.822,78,461,539,348,133,39,230,255,1769,Paul Pierce
1718,2005-06,00,1610612738,BOS,28.0,79,79,3084,689,1462,0.471,111,314,0.354,627,812,0.772,77,453,530,375,107,34,273,223,2116,Paul Pierce
1718,2006-07,00,1610612738,BOS,29.0,47,46,1740,373,850,0.439,107,275,0.389,320,402,0.796,39,238,277,194,48,13,152,122,1173,Paul Pierce
1718,2007-08,00,1610612738,BOS,30.0,80,80,2874,509,1098,0.464,143,365,0.392,409,485,0.843,53,358,411,363,101,36,221,200,1570,Paul Pierce
1718,2008-09,00,1610612738,BOS,31.0,81,81,3035,540,1181,0.457,119,304,0.391,459,553,0.83,56,401,457,294,80,27,228,215,1658,Paul Pierce
1718,2009-10,00,1610612738,BOS,32.0,71,71,2411,409,867,0.472,109,263,0.414,369,433,0.852,39,271,310,218,84,31,166,196,1296,Paul Pierce
1718,2010-11,00,1610612738,BOS,33.0,80,80,2774,507,1021,0.497,111,297,0.374,386,449,0.86,34,396,430,260,80,51,171,231,1511,Paul Pierce
1718,2011-12,00,1610612738,BOS,34.0,61,61,2075,394,890,0.443,100,273,0.366,293,344,0.852,37,280,317,274,70,26,173,147,1181,Paul Pierce
1718,2012-13,00,1610612738,BOS,35.0,77,77,2575,476,1092,0.436,145,382,0.38,333,423,0.787,45,442,487,370,84,30,214,210,1430,Paul Pierce
1718,2013-14,00,1610612751,BKN,36.0,75,68,2098,321,712,0.451,112,300,0.373,256,310,0.826,26,322,348,178,86,31,153,190,1010,Paul Pierce
1718,2014-15,00,1610612764,WAS,37.0,73,73,1914,293,656,0.447,118,303,0.389,164,210,0.781,45,249,294,144,46,24,92,160,868,Paul Pierce
1718,2015-16,00,1610612746,LAC,38.0,68,38,1231,144,397,0.363,75,242,0.31,54,66,0.818,12,174,186,71,33,17,58,129,417,Paul Pierce
1718,2016-17,00,1610612746,LAC,39.0,25,7,277,28,70,0.4,15,43,0.349,10,13,0.769,1,47,48,10,4,5,16,40,81,Paul Pierce
1495,1997-98,00,1610612759,SAS,22.0,82,82,3204,706,1287,0.549,0,10,0.0,319,482,0.662,274,703,977,224,55,206,279,254,1731,Tim Duncan
1495,1998-99,00,1610612759,SAS,23.0,50,50,1963,418,845,0.495,1,7,0.143,247,358,0.69,159,412,571,121,45,126,146,147,1084,Tim Duncan
1495,1999-00,00,1610612759,SAS,24.0,74,74,2875,628,1281,0.49,1,11,0.091,459,603,0.761,262,656,918,234,66,165,242,210,1716,Tim Duncan
1495,2000-01,00,1610612759,SAS,25.0,82,82,3174,702,1406,0.499,7,27,0.259,409,662,0.618,259,738,997,245,70,192,242,247,1820,Tim Duncan
1495,2001-02,00,1610612759,SAS,26.0,82,82,3329,764,1504,0.508,1,10,0.1,560,701,0.799,268,774,1042,307,61,203,263,217,2089,Tim Duncan
1495,2002-03,00,1610612759,SAS,27.0,81,81,3181,714,1392,0.513,6,22,0.273,450,634,0.71,259,784,1043,316,55,237,248,231,1884,Tim Duncan
1495,2003-04,00,1610612759,SAS,28.0,69,68,2527,592,1181,0.501,2,12,0.167,352,588,0.599,227,632,859,213,62,185,183,164,1538,Tim Duncan
1495,2004-05,00,1610612759,SAS,29.0,66,66,2203,517,1042,0.496,3,9,0.333,305,455,0.67,202,530,732,179,45,174,127,144,1342,Tim Duncan
1495,2005-06,00,1610612759,SAS,30.0,80,80,2784,574,1185,0.484,2,5,0.4,335,533,0.629,231,650,881,253,70,162,198,219,1485,Tim Duncan
1495,2006-07,00,1610612759,SAS,31.0,80,80,2726,618,1131,0.546,1,9,0.111,362,568,0.637,213,633,846,273,66,190,224,203,1599,Tim Duncan
1495,2007-08,00,1610612759,SAS,32.0,78,78,2651,585,1178,0.497,0,4,0.0,338,463,0.73,237,644,881,218,56,152,178,185,1508,Tim Duncan
1495,2008-09,00,1610612759,SAS,33.0,75,75,2523,558,1107,0.504,0,2,0.0,334,483,0.692,201,599,800,264,38,126,165,173,1450,Tim Duncan
1495,2009-10,00,1610612759,SAS,34.0,78,77,2438,561,1082,0.518,2,11,0.182,271,374,0.725,221,567,788,246,45,117,140,152,1395,Tim Duncan
1495,2010-11,00,1610612759,SAS,35.0,76,76,2156,419,838,0.5,0,4,0.0,184,257,0.716,169,509,678,203,50,146,122,119,1022,Tim Duncan
1495,2011-12,00,1610612759,SAS,36.0,58,58,1634,361,733,0.492,0,4,0.0,173,249,0.695,110,410,520,132,38,88,97,98,895,Tim Duncan
1495,2012-13,00,1610612759,SAS,37.0,69,69,2078,490,976,0.502,2,7,0.286,245,300,0.817,124,562,686,184,50,183,147,117,1227,Tim Duncan
1495,2013-14,00,1610612759,SAS,38.0,74,74,2158,444,906,0.49,0,5,0.0,231,316,0.731,158,563,721,220,43,139,159,134,1119,Tim Duncan
1495,2014-15,00,1610612759,SAS,39.0,77,77,2227,419,819,0.512,2,7,0.286,230,311,0.74,170,534,704,230,63,151,131,165,1070,Tim Duncan
1495,2015-16,00,1610612759,SAS,40.0,61,60,1536,215,441,0.488,0,2,0.0,92,131,0.702,115,332,447,163,47,78,90,125,522,Tim Duncan
1497,1997-98,00,1610612738,BOS,21.0,51,44,1296,177,454,0.39,64,189,0.339,147,180,0.817,40,73,113,217,77,2,118,118,565,Chauncey Billups
1497,1997-98,00,1610612761,TOR,21.0,29,26,920,103,295,0.349,43,136,0.316,79,86,0.919,22,55,77,97,30,2,56,54,328,Chauncey Billups
1497,1997-98,00,0,TOT,21.0,80,70,2216,280,749,0.374,107,325,0.329,226,266,0.85,62,128,190,314,107,4,174,172,893,Chauncey Billups
1497,1998-99,00,1610612743,DEN,22.0,45,41,1488,191,495,0.386,85,235,0.362,157,172,0.913,24,72,96,173,58,14,98,115,624,Chauncey Billups
1497,1999-00,00,1610612743,DEN,23.0,13,5,305,34,101,0.337,7,41,0.171,37,44,0.841,8,26,34,39,10,2,24,27,112,Chauncey Billups
1497,2000-01,00,1610612750,MIN,24.0,77,33,1790,248,587,0.422,73,194,0.376,144,171,0.842,32,126,158,260,51,11,111,178,713,Chauncey Billups
1497,2001-02,00,1610612750,MIN,25.0,82,54,2355,348,823,0.423,124,315,0.394,207,234,0.885,35,191,226,450,66,17,138,169,1027,Chauncey Billups
1497,2002-03,00,1610612765,DET,26.0,74,74,2327,366,870,0.421,149,380,0.392,318,362,0.878,38,235,273,287,63,15,134,136,1199,Chauncey Billups
1497,2003-04,00,1610612765,DET,27.0,78,78,2758,392,996,0.394,130,335,0.388,404,460,0.878,35,241,276,446,84,8,189,177,1318,Chauncey Billups
1497,2004-05,00,1610612765,DET,28.0,80,80,2866,404,913,0.442,165,387,0.426,343,382,0.898,48,223,271,464,81,9,180,194,1316,Chauncey Billups
1497,2005-06,00,1610612765,DET,29.0,81,81,2925,423,1012,0.418,184,425,0.433,465,520,0.894,41,211,252,699,71,8,170,160,1495,Chauncey Billups
1497,2006-07,00,1610612765,DET,30.0,70,70,2533,348,815,0.427,109,316,0.345,386,437,0.883,23,214,237,502,84,17,140,161,1191,Chauncey Billups
1497,2007-08,00,1610612765,DET,31.0,78,78,2522,393,877,0.448,137,342,0.401,401,437,0.918,42,170,212,529,101,17,160,130,1324,Chauncey Billups
1497,2008-09,00,1610612765,DET,32.0,2,2,70,7,21,0.333,2,7,0.286,9,10,0.9,1,9,10,15,3,1,4,3,25,Chauncey Billups
1497,2008-09,00,1610612743,DEN,32.0,77,77,2719,403,959,0.42,160,390,0.41,409,448,0.913,31,198,229,491,90,17,173,158,1375,Chauncey Billups
1497,2008-09,00,0,TOT,32.0,79,79,2788,410,980,0.418,162,397,0.408,418,458,0.913,32,207,239,506,93,18,177,161,1400,Chauncey Billups
1497,2009-10,00,1610612743,DEN,33.0,73,73,2490,402,962,0.418,157,407,0.386,466,512,0.91,25,203,228,409,82,9,177,153,1427,Chauncey Billups
1497,2010-11,00,1610612743,DEN,34.0,51,51,1646,235,536,0.438,105,238,0.441,265,287,0.923,12,113,125,271,52,12,129,94,840,Chauncey Billups
1497,2010-11,00,1610612752,NYK,34.0,21,21,664,104,258,0.403,41,125,0.328,119,132,0.902,13,52,65,116,19,2,48,52,368,Chauncey Billups
1497,2010-11,00,0,TOT,34.0,72,72,2310,339,794,0.427,146,363,0.402,384,419,0.916,25,165,190,387,71,14,177,146,1208,Chauncey Billups
1497,2011-12,00,1610612746,LAC,35.0,20,20,607,83,228,0.364,48,125,0.384,85,95,0.895,4,46,50,80,9,3,38,40,299,Chauncey Billups
1497,2012-13,00,1610612746,LAC,36.0,22,22,418,53,132,0.402,33,90,0.367,45,48,0.938,2,30,32,49,12,1,26,25,184,Chauncey Billups
1497,2013-14,00,1610612765,DET,37.0,19,7,309,24,79,0.304,14,48,0.292,10,12,0.833,4,24,28,42,8,1,25,25,72,Chauncey Billups
1503,1997-98,00,1610612761,TOR,19.0,64,17,1179,179,398,0.45,14,41,0.341,79,111,0.712,105,164,269,98,49,61,66,86,451,Tracy McGrady
1503,1998-99,00,1610612761,TOR,20.0,49,2,1106,168,385,0.436,8,35,0.229,114,157,0.726,120,158,278,113,52,66,80,94,458,Tracy McGrady
1503,1999-00,00,1610612761,TOR,21.0,79,34,2462,459,1018,0.451,18,65,0.277,277,392,0.707,188,313,501,263,90,151,160,201,1213,Tracy McGrady
1503,2000-01,00,1610612753,ORL,22.0,77,77,3087,788,1724,0.457,59,166,0.355,430,587,0.733,192,388,580,352,116,118,198,160,2065,Tracy McGrady
1503,2001-02,00,1610612753,ORL,23.0,76,76,2912,715,1586,0.451,103,283,0.364,415,555,0.748,150,447,597,400,119,73,189,139,1948,Tracy McGrady
1503,2002-03,00,1610612753,ORL,24.0,75,74,2954,829,1813,0.457,173,448,0.386,576,726,0.793,121,367,488,411,124,59,195,156,2407,Tracy McGrady
1503,2003-04,00,1610612753,ORL,25.0,67,67,2675,653,1566,0.417,174,513,0.339,398,500,0.796,95,307,402,370,93,42,179,129,1878,Tracy McGrady
1503,2004-05,00,1610612745,HOU,26.0,78,78,3182,715,1660,0.431,142,435,0.326,431,557,0.774,71,413,484,448,135,52,201,167,2003,Tracy McGrady
1503,2005-06,00,1610612745,HOU,27.0,47,47,1745,410,1011,0.406,73,234,0.312,254,340,0.747,46,261,307,225,59,41,120,88,1147,Tracy McGrady
1503,2006-07,00,1610612745,HOU,28.0,71,71,2539,638,1480,0.431,126,381,0.331,345,488,0.707,56,322,378,458,92,36,213,136,1747,Tracy McGrady
1503,2007-08,00,1610612745,HOU,29.0,66,62,2440,548,1307,0.419,86,295,0.292,245,358,0.684,42,297,339,387,68,30,160,91,1427,Tracy McGrady
1503,2008-09,00,1610612745,HOU,30.0,35,35,1181,188,485,0.388,44,117,0.376,125,156,0.801,20,134,154,175,42,15,69,38,545,Tracy McGrady
1503,2009-10,00,1610612745,HOU,31.0,6,0,46,7,19,0.368,1,2,0.5,4,6,0.667,0,5,5,6,0,2,1,2,19,Tracy McGrady
1503,2009-10,00,1610612752,NYK,31.0,24,24,627,84,216,0.389,15,62,0.242,43,57,0.754,22,67,89,93,15,12,43,38,226,Tracy McGrady
1503,2009-10,00,0,TOT,31.0,30,24,672,91,235,0.387,16,64,0.25,47,63,0.746,22,72,94,99,15,14,44,40,245,Tracy McGrady
1503,2010-11,00,1610612765,DET,32.0,72,39,1686,227,514,0.442,30,88,0.341,90,129,0.698,49,202,251,252,66,34,102,101,574,Tracy McGrady
1503,2011-12,00,1610612737,ATL,33.0,52,0,837,101,231,0.437,15,33,0.455,56,83,0.675,23,131,154,110,16,15,53,35,273,Tracy McGrady
947,1996-97,00,1610612755,PHI,22.0,76,74,3041,625,1504,0.416,155,455,0.341,382,544,0.702,115,197,312,567,157,24,337,233,1787,Allen Iverson
947,1997-98,00,1610612755,PHI,23.0,80,80,3150,649,1407,0.461,70,235,0.298,390,535,0.729,86,210,296,494,176,25,244,200,1758,Allen Iverson
947,1998-99,00,1610612755,PHI,24.0,48,48,1990,435,1056,0.412,58,199,0.291,356,474,0.751,66,170,236,223,110,7,167,98,1284,Allen Iverson
947,1999-00,00,1610612755,PHI,25.0,70,70,2853,729,1733,0.421,89,261,0.341,442,620,0.713,71,196,267,328,144,5,230,162,1989,Allen Iverson
947,2000-01,00,1610612755,PHI,26.0,71,71,2979,762,1813,0.42,98,306,0.32,585,719,0.814,50,223,273,325,178,20,237,147,2207,Allen Iverson
947,2001-02,00,1610612755,PHI,27.0,60,59,2624,665,1669,0.398,78,268,0.291,475,585,0.812,44,225,269,331,168,13,237,102,1883,Allen Iverson
947,2002-03,00,1610612755,PHI,28.0,82,82,3485,804,1940,0.414,84,303,0.277,570,736,0.774,68,276,344,454,225,13,286,149,2262,Allen Iverson
947,2003-04,00,1610612755,PHI,29.0,48,47,2041,435,1125,0.387,57,199,0.286,339,455,0.745,34,144,178,324,115,5,209,87,1266,Allen Iverson
947,2004-05,00,1610612755,PHI,30.0,75,75,3173,771,1818,0.424,104,338,0.308,656,786,0.835,51,248,299,596,180,9,344,140,2302,Allen Iverson
947,2005-06,00,1610612755,PHI,31.0,72,72,3103,815,1822,0.447,72,223,0.323,675,829,0.814,44,188,232,532,140,10,248,121,2377,Allen Iverson
947,2006-07,00,1610612755,PHI,32.0,15,15,640,151,366,0.413,12,53,0.226,154,174,0.885,7,34,41,109,33,1,66,21,468,Allen Iverson
947,2006-07,00,1610612743,DEN,32.0,50,49,2121,430,947,0.454,50,144,0.347,331,436,0.759,16,136,152,359,90,12,202,74,1241,Allen Iverson
947,2006-07,00,0,TOT,32.0,65,64,2761,581,1313,0.442,62,197,0.315,485,610,0.795,23,170,193,468,123,13,268,95,1709,Allen Iverson
947,2007-08,00,1610612743,DEN,33.0,82,82,3424,712,1556,0.458,95,275,0.345,645,797,0.809,47,196,243,586,160,12,245,109,2164,Allen Iverson
947,2008-09,00,1610612743,DEN,34.0,3,3,123,18,40,0.45,2,8,0.25,18,25,0.72,3,5,8,20,3,1,10,3,56,Allen Iverson
947,2008-09,00,1610612765,DET,34.0,54,50,1970,330,794,0.416,26,91,0.286,253,322,0.786,27,138,165,263,85,5,136,83,939,Allen Iverson
947,2008-09,00,0,TOT,34.0,57,53,2092,348,834,0.417,28,99,0.283,271,347,0.781,30,143,173,283,88,6,146,86,995,Allen Iverson
947,2009-10,00,1610612763,MEM,35.0,3,0,67,15,26,0.577,1,1,1.0,6,12,0.5,1,3,4,11,1,0,7,5,37,Allen Iverson
947,2009-10,00,1610612755,PHI,35.0,25,24,798,121,290,0.417,8,24,0.333,98,119,0.824,15,60,75,102,18,2,57,43,348,Allen Iverson
947,2009-10,00,0,TOT,35.0,28,24,864,136,316,0.43,9,25,0.36,104,131,0.794,16,63,79,113,19,2,64,48,385,Allen Iverson
951,1996-97,00,1610612749,MIL,21.0,82,81,2538,390,908,0.43,117,298,0.393,205,249,0.823,97,229,326,210,75,10,149,218,1102,Ray Allen
951,1997-98,00,1610612749,MIL,22.0,82,82,3287,563,1315,0.428,134,368,0.364,342,391,0.875,127,278,405,356,111,12,263,244,1602,Ray Allen
951,1998-99,00,1610612749,MIL,23.0,50,50,1719,303,673,0.45,74,208,0.356,176,195,0.903,57,155,212,178,53,7,122,117,856,Ray Allen
951,1999-00,00,1610612749,MIL,24.0,82,82,3070,642,1411,0.455,172,407,0.423,353,398,0.887,83,276,359,308,110,19,183,187,1809,Ray Allen
951,2000-01,00,1610612749,MIL,25.0,82,82,3129,628,1309,0.48,202,467,0.433,348,392,0.888,101,327,428,374,124,20,204,192,1806,Ray Allen
951,2001-02,00,1610612749,MIL,26.0,69,67,2525,530,1148,0.462,229,528,0.434,214,245,0.873,81,231,312,271,88,18,159,157,1503,Ray Allen
951,2002-03,00,1610612749,MIL,27.0,47,46,1683,351,803,0.437,123,311,0.395,178,195,0.913,45,173,218,164,57,11,117,149,1003,Ray Allen
951,2002-03,00,1610612760,SEA,27.0,29,29,1197,247,560,0.441,78,222,0.351,138,150,0.92,49,114,163,170,46,3,81,71,710,Ray Allen
951,2002-03,00,0,TOT,27.0,76,75,2880,598,1363,0.439,201,533,0.377,316,345,0.916,94,287,381,334,103,14,198,220,1713,Ray Allen
951,2003-04,00,1610612760,SEA,28.0,56,56,2152,447,1017,0.44,148,378,0.392,245,271,0.904,69,217,286,268,71,11,156,132,1287,Ray Allen
951,2004-05,00,1610612760,SEA,29.0,78,78,3064,640,1494,0.428,209,556,0.376,378,428,0.883,79,268,347,289,84,5,171,167,1867,Ray Allen
951,2005-06,00,1610612760,SEA,30.0,78,78,3022,681,1500,0.454,269,653,0.412,324,359,0.903,71,261,332,286,105,16,188,151,1955,Ray Allen
951,2006-07,00,1610612760,SEA,31.0,55,55,2219,505,1153,0.438,165,443,0.372,279,309,0.903,57,190,247,228,82,11,154,113,1454,Ray Allen
951,2007-08,00,1610612738,BOS,32.0,73,73,2624,439,986,0.445,180,452,0.398,215,237,0.907,75,193,268,225,65,16,127,147,1273,Ray Allen
951,2008-09,00,1610612738,BOS,33.0,79,79,2876,499,1040,0.48,199,486,0.409,237,249,0.952,66,212,278,218,69,13,134,157,1434,Ray Allen
951,2009-10,00,1610612738,BOS,34.0,80,80,2819,464,973,0.477,145,399,0.363,231,253,0.913,45,208,253,210,64,25,129,182,1304,Ray Allen
951,2010-11,00,1610612738,BOS,35.0,80,80,2890,480,978,0.491,168,378,0.444,193,219,0.881,51,223,274,219,77,16,117,147,1321,Ray Allen
951,2011-12,00,1610612738,BOS,36.0,46,42,1565,226,493,0.458,106,234,0.453,97,106,0.915,14,128,142,109,49,8,68,83,655,Ray Allen
951,2012-13,00,1610612748,MIA,37.0,79,0,2035,292,651,0.449,139,332,0.419,140,158,0.886,40,177,217,135,67,15,103,129,863,Ray Allen
951,2013-14,00,1610612748,MIA,38.0,73,9,1936,240,543,0.442,116,309,0.375,105,116,0.905,23,182,205,143,54,8,84,115,701,Ray Allen
977,1996-97,00,1610612747,LAL,18.0,71,6,1102,176,422,0.417,51,136,0.375,136,166,0.819,47,85,132,91,49,23,112,102,539,Kobe Bryant
977,1997-98,00,1610612747,LAL,19.0,79,1,2056,391,913,0.428,75,220,0.341,363,457,0.794,79,163,242,199,74,40,157,180,1220,Kobe Bryant
977,1998-99,00,1610612747,LAL,20.0,50,50,1896,362,779,0.465,27,101,0.267,245,292,0.839,53,211,264,190,72,50,157,153,996,Kobe Bryant
977,1999-00,00,1610612747,LAL,21.0,66,62,2524,554,1183,0.468,46,144,0.319,331,403,0.821,108,308,416,323,106,62,182,220,1485,Kobe Bryant
977,2000-01,00,1610612747,LAL,22.0,68,68,2783,701,1510,0.464,61,200,0.305,475,557,0.853,104,295,399,338,114,43,220,222,1938,Kobe Bryant
977,2001-02,00,1610612747,LAL,23.0,80,80,3065,749,1597,0.469,33,132,0.25,488,589,0.829,112,329,441,438,118,35,223,228,2019,Kobe Bryant
977,2002-03,00,1610612747,LAL,24.0,82,82,3401,868,1924,0.451,124,324,0.383,601,713,0.843,106,458,564,481,181,67,288,218,2461,Kobe Bryant
977,2003-04,00,1610612747,LAL,25.0,65,64,2452,516,1178,0.438,71,217,0.327,454,533,0.852,103,256,359,330,112,28,171,176,1557,Kobe Bryant
977,2004-05,00,1610612747,LAL,26.0,66,66,2689,573,1324,0.433,131,387,0.339,542,664,0.816,95,297,392,398,86,53,270,174,1819,Kobe Bryant
977,2005-06,00,1610612747,LAL,27.0,80,80,3277,978,2173,0.45,180,518,0.347,696,819,0.85,71,354,425,360,147,30,250,233,2832,Kobe Bryant
977,2006-07,00,1610612747,LAL,28.0,77,77,3140,813,1757,0.463,137,398,0.344,667,768,0.868,75,364,439,413,111,36,255,205,2430,Kobe Bryant
977,2007-08,00,1610612747,LAL,29.0,82,82,3192,775,1690,0.459,150,415,0.361,623,742,0.84,94,423,517,441,151,40,257,227,2323,Kobe Bryant
977,2008-09,00,1610612747,LAL,30.0,82,82,2960,800,1712,0.467,118,336,0.351,483,564,0.856,90,339,429,399,120,37,210,189,2201,Kobe Bryant
977,2009-10,00,1610612747,LAL,31.0,73,73,2835,716,1569,0.456,99,301,0.329,439,541,0.811,78,313,391,365,113,20,233,187,1970,Kobe Bryant
977,2010-11,00,1610612747,LAL,32.0,82,82,2779,740,1639,0.451,115,356,0.323,483,583,0.828,83,336,419,388,99,12,243,172,2078,Kobe Bryant
977,2011-12,00,1610612747,LAL,33.0,58,58,2232,574,1336,0.43,87,287,0.303,381,451,0.845,66,247,313,264,69,18,204,105,1616,Kobe Bryant
977,2012-13,00,1610612747,LAL,34.0,78,78,3013,738,1595,0.463,132,407,0.324,525,626,0.839,66,367,433,469,106,25,287,173,2133,Kobe Bryant
977,2013-14,00,1610612747,LAL,35.0,6,6,177,31,73,0.425,3,16,0.188,18,21,0.857,2,24,26,38,7,1,34,9,83,Kobe Bryant
977,2014-15,00,1610612747,LAL,36.0,35,35,1207,266,713,0.373,54,184,0.293,196,241,0.813,26,173,199,197,47,7,128,65,782,Kobe Bryant
977,2015-16,00,1610612747,LAL,37.0,66,66,1863,398,1113,0.358,133,467,0.285,232,281,0.826,41,206,247,184,62,13,129,115,1161,Kobe Bryant
959,1996-97,00,1610612756,PHX,23.0,65,2,686,74,175,0.423,23,55,0.418,42,51,0.824,16,47,63,138,20,0,63,92,213,Steve Nash
959,1997-98,00,1610612756,PHX,24.0,76,9,1664,268,584,0.459,81,195,0.415,74,86,0.86,32,128,160,262,63,4,98,145,691,Steve Nash
959,1998-99,00,1610612742,DAL,25.0,40,40,1269,114,314,0.363,49,131,0.374,38,46,0.826,32,82,114,219,37,2,83,98,315,Steve Nash
959,1999-00,00,1610612742,DAL,26.0,56,27,1532,173,363,0.477,60,149,0.403,75,85,0.882,34,87,121,272,37,3,102,122,481,Steve Nash
959,2000-01,00,1610612742,DAL,27.0,70,70,2387,386,792,0.487,89,219,0.406,231,258,0.895,46,177,223,509,72,5,205,158,1092,Steve Nash
959,2001-02,00,1610612742,DAL,28.0,82,82,2838,525,1088,0.483,156,343,0.455,260,293,0.887,50,204,254,634,53,4,229,164,1466,Steve Nash
959,2002-03,00,1610612742,DAL,29.0,82,82,2711,518,1114,0.465,111,269,0.413,308,339,0.909,63,171,234,598,85,6,192,134,1455,Steve Nash
959,2003-04,00,1610612742,DAL,30.0,78,78,2613,397,845,0.47,104,257,0.405,230,251,0.916,59,173,232,687,67,8,209,139,1128,Steve Nash
959,2004-05,00,1610612756,PHX,31.0,75,75,2573,430,857,0.502,94,218,0.431,211,238,0.887,57,192,249,861,74,6,245,136,1165,Steve Nash
959,2005-06,00,1610612756,PHX,32.0,79,79,2796,541,1056,0.512,150,342,0.439,257,279,0.921,47,286,333,826,61,12,276,120,1489,Steve Nash
959,2006-07,00,1610612756,PHX,33.0,76,76,2682,517,971,0.532,156,343,0.455,222,247,0.899,30,239,269,884,57,6,287,117,1412,Steve Nash
959,2007-08,00,1610612756,PHX,34.0,81,81,2780,485,962,0.504,179,381,0.47,222,245,0.906,28,254,282,898,53,5,295,113,1371,Steve Nash
959,2008-09,00,1610612756,PHX,35.0,74,74,2484,428,851,0.503,108,246,0.439,196,210,0.933,19,204,223,717,55,10,248,108,1160,Steve Nash
959,2009-10,00,1610612756,PHX,36.0,81,81,2660,499,985,0.507,124,291,0.426,211,225,0.938,34,234,268,892,42,12,295,108,1333,Steve Nash
959,2010-11,00,1610612756,PHX,37.0,75,75,2497,399,811,0.492,81,205,0.395,227,249,0.912,40,220,260,855,48,4,265,87,1106,Steve Nash
959,2011-12,00,1610612756,PHX,38.0,62,62,1961,295,555,0.532,55,141,0.39,127,142,0.894,26,160,186,664,38,8,229,53,772,Steve Nash
959,2012-13,00,1610612747,LAL,39.0,50,50,1627,236,475,0.497,57,130,0.438,107,116,0.922,26,116,142,333,30,5,126,70,636,Steve Nash
959,2013-14,00,1610612747,LAL,40.0,15,10,313,36,94,0.383,8,24,0.333,22,24,0.917,4,25,29,86,7,2,31,18,102,Steve Nash
708,1995-96,00,1610612750,MIN,20.0,80,43,2293,361,735,0.491,8,28,0.286,105,149,0.705,175,326,501,145,86,131,110,189,835,Kevin Garnett
708,1996-97,00,1610612750,MIN,21.0,77,77,2991,549,1100,0.499,6,21,0.286,205,272,0.754,190,428,618,236,105,163,175,199,1309,Kevin Garnett
708,1997-98,00,1610612750,MIN,22.0,82,82,3222,635,1293,0.491,3,16,0.188,245,332,0.738,222,564,786,348,139,150,192,224,1518,Kevin Garnett
708,1998-99,00,1610612750,MIN,23.0,47,47,1780,414,900,0.46,4,14,0.286,145,206,0.704,166,323,489,202,78,83,135,152,977,Kevin Garnett
708,1999-00,00,1610612750,MIN,24.0,81,81,3243,759,1526,0.497,30,81,0.37,309,404,0.765,223,733,956,401,120,126,268,205,1857,Kevin Garnett
708,2000-01,00,1610612750,MIN,25.0,81,81,3202,704,1475,0.477,19,66,0.288,357,467,0.764,219,702,921,401,111,145,230,204,1784,Kevin Garnett
708,2001-02,00,1610612750,MIN,26.0,81,81,3172,659,1401,0.47,37,116,0.319,359,448,0.801,243,738,981,422,96,126,229,184,1714,Kevin Garnett
708,2002-03,00,1610612750,MIN,27.0,82,82,3321,743,1481,0.502,20,71,0.282,377,502,0.751,244,858,1102,495,113,129,229,199,1883,Kevin Garnett
708,2003-04,00,1610612750,MIN,28.0,82,82,3232,804,1611,0.499,11,43,0.256,368,465,0.791,245,894,1139,409,120,178,212,202,1987,Kevin Garnett
708,2004-05,00,1610612750,MIN,29.0,82,82,3121,683,1360,0.502,6,25,0.24,445,549,0.811,247,861,1108,466,121,112,222,207,1817,Kevin Garnett
708,2005-06,00,1610612750,MIN,30.0,76,76,2957,626,1191,0.526,8,30,0.267,396,489,0.81,214,752,966,308,104,107,180,206,1656,Kevin Garnett
708,2006-07,00,1610612750,MIN,31.0,76,76,2995,638,1341,0.476,12,56,0.214,416,498,0.835,183,792,975,313,89,126,205,184,1704,Kevin Garnett
708,2007-08,00,1610612738,BOS,32.0,71,71,2328,534,990,0.539,0,11,0.0,269,336,0.801,135,520,655,244,100,89,138,163,1337,Kevin Garnett
708,2008-09,00,1610612738,BOS,33.0,57,57,1772,393,740,0.531,2,8,0.25,111,132,0.841,78,407,485,144,63,68,90,128,899,Kevin Garnett
708,2009-10,00,1610612738,BOS,34.0,69,69,2060,402,772,0.521,1,5,0.2,185,221,0.837,78,428,506,185,68,57,101,170,990,Kevin Garnett
708,2010-11,00,1610612738,BOS,35.0,71,71,2220,434,822,0.528,1,5,0.2,187,217,0.862,83,548,631,171,95,57,115,148,1056,Kevin Garnett
708,2011-12,00,1610612738,BOS,36.0,60,60,1864,391,777,0.503,3,9,0.333,162,189,0.857,66,428,494,175,56,61,107,141,947,Kevin Garnett
708,2012-13,00,1610612738,BOS,37.0,68,68,2022,422,850,0.496,2,16,0.125,158,201,0.786,75,455,530,159,78,62,110,154,1004,Kevin Garnett
708,2013-14,00,1610612751,BKN,38.0,54,54,1109,157,356,0.441,0,3,0.0,38,47,0.809,60,298,358,82,43,40,69,123,352,Kevin Garnett
708,2014-15,00,1610612751,BKN,39.0,42,42,854,125,275,0.455,1,6,0.167,34,41,0.829,46,239,285,69,41,13,45,96,285,Kevin Garnett
708,2014-15,00,1610612750,MIN,39.0,5,5,98,18,31,0.581,0,1,0.0,2,4,0.5,2,24,26,8,5,4,1,13,38,Kevin Garnett
708,2014-15,00,0,TOT,39.0,47,47,952,143,306,0.467,1,7,0.143,36,45,0.8,48,263,311,77,46,17,46,109,323,Kevin Garnett
708,2015-16,00,1610612750,MIN,40.0,38,38,556,54,115,0.47,0,1,0.0,14,21,0.667,15,135,150,62,28,10,16,70,122,Kevin Garnett
467,1994-95,00,1610612742,DAL,22.0,79,79,2668,330,857,0.385,70,257,0.272,192,275,0.698,152,278,430,607,151,24,250,146,922,Jason Kidd
467,1995-96,00,1610612742,DAL,23.0,81,81,3034,493,1293,0.381,133,396,0.336,229,331,0.692,203,350,553,783,175,26,328,155,1348,Jason Kidd
467,1996-97,00,1610612742,DAL,24.0,22,22,793,75,203,0.369,21,65,0.323,46,69,0.667,30,60,90,200,45,8,66,42,217,Jason Kidd
467,1996-97,00,1610612756,PHX,24.0,33,23,1173,138,326,0.423,40,100,0.4,66,96,0.688,34,125,159,296,79,12,76,72,382,Jason Kidd
467,1996-97,00,0,TOT,24.0,55,45,1965,213,529,0.403,61,165,0.37,112,165,0.679,64,185,249,496,124,20,142,114,599,Jason Kidd
467,1997-98,00,1610612756,PHX,25.0,82,82,3118,357,859,0.416,73,233,0.313,167,209,0.799,108,402,510,745,162,26,261,142,954,Jason Kidd
467,1998-99,00,1610612756,PHX,26.0,50,50,2060,310,698,0.444,45,123,0.366,181,239,0.757,87,252,339,539,114,19,150,108,846,Jason Kidd
467,1999-00,00,1610612756,PHX,27.0,67,67,2616,350,855,0.409,56,166,0.337,203,245,0.829,96,387,483,678,134,28,226,148,959,Jason Kidd
467,2000-01,00,1610612756,PHX,28.0,77,76,3065,451,1097,0.411,69,232,0.297,328,403,0.814,91,403,494,753,166,23,286,171,1299,Jason Kidd
467,2001-02,00,1610612751,NJN,29.0,82,82,3056,445,1138,0.391,117,364,0.321,201,247,0.814,130,465,595,808,175,20,286,136,1208,Jason Kidd
467,2002-03,00,1610612751,NJN,30.0,80,80,2989,515,1244,0.414,126,370,0.341,339,403,0.841,110,394,504,711,179,25,296,127,1495,Jason Kidd
467,2003-04,00,1610612751,NJN,31.0,67,66,2453,368,959,0.384,94,293,0.321,206,249,0.827,85,343,428,618,122,14,214,110,1036,Jason Kidd
467,2004-05,00,1610612751,NJN,32.0,66,65,2435,340,855,0.398,129,358,0.36,142,192,0.74,94,394,488,545,123,9,167,110,951,Jason Kidd
467,2005-06,00,1610612751,NJN,33.0,80,80,2975,366,905,0.404,139,395,0.352,194,244,0.795,86,494,580,672,150,29,192,157,1065,Jason Kidd
467,2006-07,00,1610612751,NJN,34.0,80,80,2933,369,908,0.406,124,361,0.343,179,230,0.778,135,520,655,736,127,23,213,146,1041,Jason Kidd
467,2007-08,00,1610612751,NJN,35.0,51,51,1895,201,549,0.366,84,236,0.356,91,111,0.82,58,354,412,530,74,15,185,90,577,Jason Kidd
467,2007-08,00,1610612742,DAL,35.0,29,29,1011,104,244,0.426,35,76,0.461,44,54,0.815,36,152,188,276,62,11,81,75,287,Jason Kidd
467,2007-08,00,0,TOT,35.0,80,80,2906,305,793,0.385,119,312,0.381,135,165,0.818,94,506,600,806,136,26,266,165,864,Jason Kidd
467,2008-09,00,1610612742,DAL,36.0,81,81,2886,257,618,0.416,131,323,0.406,86,105,0.819,85,415,500,702,160,39,185,168,731,Jason Kidd
467,2009-10,00,1610612742,DAL,37.0,80,80,2881,284,671,0.423,176,414,0.425,80,99,0.808,48,397,445,724,145,35,195,142,824,Jason Kidd
467,2010-11,00,1610612742,DAL,38.0,80,80,2653,215,596,0.361,133,391,0.34,67,77,0.87,35,316,351,655,134,29,179,119,630,Jason Kidd
467,2011-12,00,1610612742,DAL,39.0,48,48,1379,99,273,0.363,79,223,0.354,22,28,0.786,15,183,198,264,82,10,91,83,299,Jason Kidd
467,2012-13,00,1610612752,NYK,40.0,76,48,2043,152,409,0.372,114,325,0.351,40,48,0.833,50,273,323,249,125,25,76,125,458,Jason Kidd
255,1994-95,00,1610612765,DET,22.0,70,69,2678,508,1064,0.477,4,27,0.148,374,511,0.732,125,320,445,353,124,62,202,203,1394,Grant Hill
255,1995-96,00,1610612765,DET,23.0,80,80,3260,564,1221,0.462,5,26,0.192,485,646,0.751,127,656,783,548,100,48,263,242,1618,Grant Hill
255,1996-97,00,1610612765,DET,24.0,80,80,3147,625,1259,0.496,10,33,0.303,450,633,0.711,123,598,721,583,144,48,259,186,1710,Grant Hill
255,1997-98,00,1610612765,DET,25.0,81,81,3294,615,1361,0.452,3,21,0.143,479,647,0.74,93,530,623,551,143,53,285,196,1712,Grant Hill
255,1998-99,00,1610612765,DET,26.0,50,50,1852,384,802,0.479,0,14,0.0,285,379,0.752,65,290,355,300,80,27,184,114,1053,Grant Hill
255,1999-00,00,1610612765,DET,27.0,74,74,2776,696,1422,0.489,34,98,0.347,480,604,0.795,97,393,490,385,103,43,240,190,1906,Grant Hill
255,2000-01,00,1610612753,ORL,28.0,4,4,133,19,43,0.442,1,1,1.0,16,26,0.615,8,17,25,25,5,2,11,9,55,Grant Hill
255,2001-02,00,1610612753,ORL,29.0,14,14,514,83,195,0.426,0,2,0.0,69,80,0.863,29,96,125,64,8,4,37,40,235,Grant Hill
255,2002-03,00,1610612753,ORL,30.0,29,29,843,151,307,0.492,1,4,0.25,118,144,0.819,40,166,206,122,28,13,84,46,421,Grant Hill
255,2004-05,00,1610612753,ORL,32.0,67,67,2338,517,1015,0.509,3,13,0.231,280,341,0.821,77,241,318,220,97,28,161,144,1317,Grant Hill
255,2005-06,00,1610612753,ORL,33.0,21,17,613,119,243,0.49,2,8,0.25,78,102,0.765,15,65,80,48,24,6,35,50,318,Grant Hill
255,2006-07,00,1610612753,ORL,34.0,65,64,2009,342,660,0.518,2,12,0.167,248,324,0.765,53,184,237,138,61,25,144,146,934,Grant Hill
255,2007-08,00,1610612756,PHX,35.0,70,68,2222,358,712,0.503,33,104,0.317,170,196,0.867,74,279,353,203,65,56,96,153,919,Grant Hill
255,2008-09,00,1610612756,PHX,36.0,82,68,2445,390,745,0.523,24,76,0.316,181,224,0.808,64,341,405,186,90,54,126,182,985,Grant Hill
255,2009-10,00,1610612756,PHX,37.0,81,81,2430,336,703,0.478,35,80,0.438,205,251,0.817,74,371,445,193,60,36,108,165,912,Grant Hill
255,2010-11,00,1610612756,PHX,38.0,80,80,2409,399,825,0.484,45,114,0.395,213,257,0.829,77,261,338,200,64,35,134,184,1056,Grant Hill
255,2011-12,00,1610612756,PHX,39.0,49,46,1378,201,451,0.446,14,53,0.264,83,109,0.761,29,142,171,107,41,29,65,88,499,Grant Hill
255,2012-13,00,1610612746,LAC,40.0,29,0,437,38,98,0.388,3,11,0.273,14,24,0.583,6,43,49,26,11,7,25,39,93,Grant Hill
185,1993-94,00,1610612744,GOS,21.0,76,76,2438,572,1037,0.552,0,14,0.0,189,355,0.532,305,389,694,272,93,164,206,247,1333,Chris Webber
185,1994-95,00,1610612764,WAS,22.0,54,52,2067,464,938,0.495,40,145,0.276,117,233,0.502,200,318,518,256,83,85,167,186,1085,Chris Webber
185,1995-96,00,1610612764,WAS,23.0,15,15,558,150,276,0.543,15,34,0.441,41,69,0.594,37,77,114,75,27,9,49,51,356,Chris Webber
185,1996-97,00,1610612764,WAS,24.0,72,72,2809,604,1167,0.518,60,151,0.397,177,313,0.565,238,505,743,331,122,137,230,258,1445,Chris Webber
185,1997-98,00,1610612764,WAS,25.0,71,71,2809,647,1341,0.482,65,205,0.317,196,333,0.589,176,498,674,273,111,124,185,269,1555,Chris Webber
185,1998-99,00,1610612758,SAC,26.0,42,42,1719,378,778,0.486,4,34,0.118,79,174,0.454,149,396,545,173,60,89,148,145,839,Chris Webber
185,1999-00,00,1610612758,SAC,27.0,75,75,2880,748,1548,0.483,27,95,0.284,311,414,0.751,189,598,787,345,120,128,218,264,1834,Chris Webber
185,2000-01,00,1610612758,SAC,28.0,70,70,2836,786,1635,0.481,2,28,0.071,324,461,0.703,179,598,777,294,93,118,195,226,1898,Chris Webber
185,2001-02,00,1610612758,SAC,29.0,54,54,2072,532,1075,0.495,5,19,0.263,253,338,0.749,150,396,546,258,90,76,158,181,1322,Chris Webber
185,2002-03,00,1610612758,SAC,30.0,67,67,2622,661,1433,0.461,5,21,0.238,215,354,0.607,160,544,704,364,106,88,215,204,1542,Chris Webber
185,2003-04,00,1610612758,SAC,31.0,23,23,831,174,421,0.413,1,5,0.2,81,114,0.711,48,152,200,105,31,20,60,76,430,Chris Webber
185,2004-05,00,1610612758,SAC,32.0,46,46,1669,412,917,0.449,11,29,0.379,143,179,0.799,94,353,447,252,68,34,133,144,978,Chris Webber
185,2004-05,00,1610612755,PHI,32.0,21,21,702,143,366,0.391,4,15,0.267,38,49,0.776,36,129,165,66,26,19,49,70,328,Chris Webber
185,2004-05,00,0,TOT,32.0,67,67,2371,555,1283,0.433,15,44,0.341,181,228,0.794,130,482,612,318,94,53,182,214,1306,Chris Webber
185,2005-06,00,1610612755,PHI,33.0,75,75,2893,617,1422,0.434,21,77,0.273,263,348,0.756,184,557,741,256,103,62,182,219,1518,Chris Webber
185,2006-07,00,1610612755,PHI,34.0,18,18,544,89,230,0.387,2,5,0.4,18,28,0.643,37,112,149,61,18,15,33,36,198,Chris Webber
185,2006-07,00,1610612765,DET,34.0,43,42,1277,200,409,0.489,2,6,0.333,84,132,0.636,87,201,288,127,42,26,74,107,486,Chris Webber
185,2006-07,00,0,TOT,34.0,61,60,1821,289,639,0.452,4,11,0.364,102,160,0.638,124,313,437,188,60,41,107,143,684,Chris Webber
185,2007-08,00,1610612744,GSW,35.0,9,8,126,15,31,0.484,0,0,0.0,5,12,0.417,2,30,32,18,4,6,11,17,35,Chris Webber
406,1992-93,00,1610612753,ORL,21.0,81,81,3071,733,1304,0.562,0,2,0.0,427,721,0.592,342,780,1122,152,60,286,307,321,1893,Shaquille O'Neal
406,1993-94,00,1610612753,ORL,22.0,81,81,3224,953,1591,0.599,0,2,0.0,471,850,0.554,384,688,1072,195,76,231,222,281,2377,Shaquille O'Neal
406,1994-95,00,1610612753,ORL,23.0,79,79,2923,930,1594,0.583,0,5,0.0,455,854,0.533,328,573,901,214,73,192,204,258,2315,Shaquille O'Neal
406,1995-96,00,1610612753,ORL,24.0,54,52,1946,592,1033,0.573,1,2,0.5,249,511,0.487,182,414,596,155,34,115,155,193,1434,Shaquille O'Neal
406,1996-97,00,1610612747,LAL,25.0,51,51,1943,552,991,0.557,0,4,0.0,232,479,0.484,195,445,640,159,46,147,146,180,1336,Shaquille O'Neal
406,1997-98,00,1610612747,LAL,26.0,60,57,2175,670,1147,0.584,0,0,0.0,359,681,0.527,208,473,681,142,39,144,175,193,1699,Shaquille O'Neal
406,1998-99,00,1610612747,LAL,27.0,49,49,1705,510,885,0.576,0,1,0.0,269,498,0.54,187,338,525,114,36,82,122,155,1289,Shaquille O'Neal
406,1999-00,00,1610612747,LAL,28.0,79,79,3163,956,1665,0.574,0,1,0.0,432,824,0.524,336,742,1078,299,36,239,223,255,2344,Shaquille O'Neal
406,2000-01,00,1610612747,LAL,29.0,74,74,2924,813,1422,0.572,0,2,0.0,499,972,0.513,291,649,940,277,47,204,218,256,2125,Shaquille O'Neal
406,2001-02,00,1610612747,LAL,30.0,67,66,2421,712,1229,0.579,0,1,0.0,398,717,0.555,235,480,715,200,41,137,171,199,1822,Shaquille O'Neal
406,2002-03,00,1610612747,LAL,31.0,67,66,2535,695,1211,0.574,0,0,0.0,451,725,0.622,259,483,742,206,38,159,196,229,1841,Shaquille O'Neal
406,2003-04,00,1610612747,LAL,32.0,67,67,2464,554,948,0.584,0,0,0.0,331,676,0.49,246,523,769,196,34,166,195,225,1439,Shaquille O'Neal
406,2004-05,00,1610612748,MIA,33.0,73,73,2490,658,1095,0.601,0,0,0.0,353,765,0.461,253,507,760,200,36,171,203,262,1669,Shaquille O'Neal
406,2005-06,00,1610612748,MIA,34.0,59,58,1806,480,800,0.6,0,0,0.0,221,471,0.469,172,369,541,113,23,104,168,230,1181,Shaquille O'Neal
406,2006-07,00,1610612748,MIA,35.0,40,39,1135,283,479,0.591,0,0,0.0,124,294,0.422,97,200,297,79,8,55,95,139,690,Shaquille O'Neal
406,2007-08,00,1610612748,MIA,36.0,33,33,945,191,329,0.581,0,0,0.0,88,178,0.494,99,159,258,45,19,54,98,134,470,Shaquille O'Neal
406,2007-08,00,1610612756,PHX,36.0,28,28,803,140,229,0.611,0,0,0.0,82,160,0.513,67,229,296,48,13,34,83,94,362,Shaquille O'Neal
406,2007-08,00,0,TOT,36.0,61,61,1748,331,558,0.593,0,0,0.0,170,338,0.503,166,388,554,93,32,88,181,228,832,Shaquille O'Neal
406,2008-09,00,1610612756,PHX,37.0,75,75,2252,512,841,0.609,0,1,0.0,309,519,0.595,187,446,633,126,49,108,168,253,1333,Shaquille O'Neal
406,2009-10,00,1610612739,CLE,38.0,53,53,1240,262,463,0.566,0,1,0.0,112,226,0.496,93,262,355,80,15,62,105,169,636,Shaquille O'Neal
406,2010-11,00,1610612738,BOS,39.0,37,36,752,134,201,0.667,0,0,0.0,73,131,0.557,48,130,178,26,16,42,56,120,341,Shaquille O'Neal
297,1992-93,00,1610612766,CHH,23.0,78,78,2644,572,1119,0.511,0,3,0.0,495,634,0.781,263,542,805,76,27,271,236,286,1639,Alonzo Mourning
297,1993-94,00,1610612766,CHH,24.0,60,59,2018,427,845,0.505,0,2,0.0,433,568,0.762,177,433,610,86,27,188,199,207,1287,Alonzo Mourning
297,1994-95,00,1610612766,CHH,25.0,77,77,2941,571,1101,0.519,11,34,0.324,490,644,0.761,200,561,761,111,49,225,241,275,1643,Alonzo Mourning
297,1995-96,00,1610612748,MIA,26.0,70,70,2671,563,1076,0.523,9,30,0.3,488,712,0.685,218,509,727,159,70,189,262,245,1623,Alonzo Mourning
297,1996-97,00,1610612748,MIA,27.0,66,65,2320,473,885,0.534,1,9,0.111,363,565,0.642,189,467,656,104,56,189,226,272,1310,Alonzo Mourning
297,1997-98,00,1610612748,MIA,28.0,58,56,1939,403,732,0.551,0,0,0.0,309,465,0.665,193,365,558,52,40,130,179,208,1115,Alonzo Mourning
297,1998-99,00,1610612748,MIA,29.0,46,46,1753,324,634,0.511,0,2,0.0,276,423,0.652,166,341,507,74,34,180,139,161,924,Alonzo Mourning
297,1999-00,00,1610612748,MIA,30.0,79,78,2748,652,1184,0.551,0,4,0.0,414,582,0.711,215,538,753,123,40,294,217,308,1718,Alonzo Mourning
297,2000-01,00,1610612748,MIA,31.0,13,3,306,73,141,0.518,0,1,0.0,31,55,0.564,35,66,101,12,4,31,28,24,177,Alonzo Mourning
297,2001-02,00,1610612748,MIA,32.0,75,74,2453,447,866,0.516,1,3,0.333,283,431,0.657,182,450,632,87,27,186,182,258,1178,Alonzo Mourning
297,2003-04,00,1610612751,NJN,34.0,12,0,217,33,71,0.465,0,0,0.0,30,34,0.882,8,19,27,8,2,6,10,32,96,Alonzo Mourning
297,2004-05,00,1610612751,NJN,35.0,18,14,459,68,150,0.453,0,0,0.0,51,86,0.593,31,96,127,14,5,41,45,50,187,Alonzo Mourning
297,2004-05,00,1610612748,MIA,35.0,19,3,245,32,62,0.516,0,0,0.0,31,55,0.564,22,49,71,4,3,33,12,32,95,Alonzo Mourning
297,2004-05,00,0,TOT,35.0,37,17,704,100,212,0.472,0,0,0.0,82,141,0.582,53,145,198,18,8,74,57,82,282,Alonzo Mourning
297,2005-06,00,1610612748,MIA,36.0,65,20,1302,188,315,0.597,0,1,0.0,133,224,0.594,125,234,359,11,13,173,79,177,509,Alonzo Mourning
297,2006-07,00,1610612748,MIA,37.0,77,43,1572,238,425,0.56,0,0,0.0,185,308,0.601,126,224,350,18,13,178,129,219,661,Alonzo Mourning
297,2007-08,00,1610612748,MIA,38.0,25,0,389,52,95,0.547,0,0,0.0,45,76,0.592,34,59,93,7,4,42,25,56,149,Alonzo Mourning
87,1991-92,00,1610612743,DEN,26.0,71,71,2716,428,869,0.493,0,0,0.0,321,500,0.642,316,554,870,156,43,210,252,273,1177,Dikembe Mutombo
87,1992-93,00,1610612743,DEN,27.0,82,82,3029,398,781,0.51,0,0,0.0,335,492,0.681,344,726,1070,147,43,287,216,284,1131,Dikembe Mutombo
87,1993-94,00,1610612743,DEN,28.0,82,82,2853,365,642,0.569,0,1,0.0,256,439,0.583,286,685,971,127,59,336,206,262,986,Dikembe Mutombo
87,1994-95,00,1610612743,DEN,29.0,82,82,3100,349,628,0.556,0,0,0.0,248,379,0.654,319,710,1029,113,40,321,192,284,946,Dikembe Mutombo
87,1995-96,00,1610612743,DEN,30.0,74,74,2713,284,569,0.499,0,1,0.0,246,354,0.695,249,622,871,108,38,332,150,258,814,Dikembe Mutombo
87,1996-97,00,1610612737,ATL,31.0,80,80,2976,380,721,0.527,0,0,0.0,306,434,0.705,268,661,929,110,49,264,186,249,1066,Dikembe Mutombo
87,1997-98,00,1610612737,ATL,32.0,82,82,2917,399,743,0.537,0,0,0.0,303,452,0.67,276,656,932,82,34,277,168,254,1101,Dikembe Mutombo
87,1998-99,00,1610612737,ATL,33.0,50,50,1829,173,338,0.512,0,0,0.0,195,285,0.684,192,418,610,57,16,147,94,145,541,Dikembe Mutombo
87,1999-00,00,1610612737,ATL,34.0,82,82,2984,322,573,0.562,0,0,0.0,298,421,0.708,304,853,1157,105,27,269,174,248,942,Dikembe Mutombo
87,2000-01,00,1610612737,ATL,35.0,49,49,1716,169,354,0.477,0,0,0.0,107,154,0.695,188,505,693,54,20,137,92,139,445,Dikembe Mutombo
87,2000-01,00,1610612755,PHI,35.0,26,26,875,100,202,0.495,0,0,0.0,104,137,0.759,119,203,322,22,9,66,52,65,304,Dikembe Mutombo
87,2000-01,00,0,TOT,35.0,75,75,2591,269,556,0.484,0,0,0.0,211,291,0.725,307,708,1015,76,29,203,144,204,749,Dikembe Mutombo
87,2001-02,00,1610612755,PHI,36.0,80,80,2906,321,641,0.501,0,0,0.0,278,364,0.764,254,609,863,83,29,190,156,242,920,Dikembe Mutombo
87,2002-03,00,1610612751,NJN,37.0,24,16,514,49,131,0.374,0,0,0.0,40,55,0.727,54,99,153,19,4,37,34,54,138,Dikembe Mutombo
87,2003-04,00,1610612752,NYK,38.0,65,56,1497,141,295,0.478,0,0,0.0,81,119,0.681,145,292,437,25,17,123,54,141,363,Dikembe Mutombo
87,2004-05,00,1610612745,HOU,39.0,80,2,1211,108,217,0.498,0,0,0.0,106,143,0.741,150,276,426,10,16,101,51,135,322,Dikembe Mutombo
87,2005-06,00,1610612745,HOU,40.0,64,23,955,50,95,0.526,0,0,0.0,69,91,0.758,100,206,306,4,17,57,35,128,169,Dikembe Mutombo
87,2006-07,00,1610612745,HOU,41.0,75,33,1289,85,153,0.556,0,0,0.0,60,87,0.69,164,324,488,13,22,76,38,156,230,Dikembe Mutombo
87,2007-08,00,1610612745,HOU,42.0,39,25,619,43,80,0.538,0,0,0.0,32,45,0.711,68,131,199,5,11,48,17,55,118,Dikembe Mutombo
87,2008-09,00,1610612745,HOU,43.0,9,2,96,5,13,0.385,0,0,0.0,6,9,0.667,12,21,33,0,0,11,6,11,16,Dikembe Mutombo
56,1990-91,00,1610612760,SEA,22.0,82,82,2244,259,575,0.45,1,13,0.077,69,97,0.711,108,135,243,528,165,15,180,249,588,Gary Payton
56,1991-92,00,1610612760,SEA,23.0,81,79,2549,331,734,0.451,3,23,0.13,99,148,0.669,123,172,295,506,147,21,174,248,764,Gary Payton
56,1992-93,00,1610612760,SEA,24.0,82,78,2548,476,963,0.494,7,34,0.206,151,196,0.77,95,186,281,399,177,21,148,250,1110,Gary Payton
56,1993-94,00,1610612760,SEA,25.0,82,82,2881,584,1159,0.504,15,54,0.278,166,279,0.595,105,164,269,494,188,19,173,227,1349,Gary Payton
56,1994-95,00,1610612760,SEA,26.0,82,82,3015,685,1345,0.509,70,232,0.302,249,348,0.716,108,173,281,583,204,13,201,206,1689,Gary Payton
56,1995-96,00,1610612760,SEA,27.0,81,81,3162,618,1276,0.484,98,299,0.328,229,306,0.748,104,235,339,608,231,19,260,221,1563,Gary Payton
56,1996-97,00,1610612760,SEA,28.0,82,80,3214,706,1482,0.476,119,380,0.313,254,355,0.715,106,272,378,583,197,13,215,208,1785,Gary Payton
56,1997-98,00,1610612760,SEA,29.0,82,82,3145,579,1278,0.453,134,397,0.338,279,375,0.744,77,299,376,679,185,18,229,195,1571,Gary Payton
56,1998-99,00,1610612760,SEA,30.0,50,50,2008,401,923,0.434,83,281,0.295,199,276,0.721,62,182,244,436,109,12,154,115,1084,Gary Payton
56,1999-00,00,1610612760,SEA,31.0,82,82,3425,747,1666,0.448,177,520,0.34,311,423,0.735,100,429,529,732,153,18,224,178,1982,Gary Payton
56,2000-01,00,1610612760,SEA,32.0,79,79,3244,725,1591,0.456,102,272,0.375,271,354,0.766,73,288,361,642,127,26,209,184,1823,Gary Payton
56,2001-02,00,1610612760,SEA,33.0,82,82,3297,737,1578,0.467,74,236,0.314,267,335,0.797,80,316,396,737,131,26,209,179,1815,Gary Payton
56,2002-03,00,1610612760,SEA,34.0,52,52,2123,444,992,0.448,34,114,0.298,162,234,0.692,56,192,248,457,93,12,131,117,1084,Gary Payton
56,2002-03,00,1610612749,MIL,34.0,28,28,1085,221,474,0.466,20,68,0.294,88,118,0.746,23,63,86,206,40,8,56,64,550,Gary Payton
56,2002-03,00,0,TOT,34.0,80,80,3208,665,1466,0.454,54,182,0.297,250,352,0.71,79,255,334,663,133,20,187,181,1634,Gary Payton
56,2003-04,00,1610612747,LAL,35.0,82,82,2827,482,1024,0.471,55,165,0.333,180,252,0.714,72,270,342,449,96,19,151,169,1199,Gary Payton
56,2004-05,00,1610612738,BOS,36.0,77,77,2542,339,725,0.468,42,129,0.326,153,201,0.761,48,188,236,469,88,12,148,121,873,Gary Payton
56,2005-06,00,1610612748,MIA,37.0,81,25,2305,230,547,0.42,66,230,0.287,100,126,0.794,34,199,233,257,71,10,102,169,626,Gary Payton
56,2006-07,00,1610612748,MIA,38.0,68,28,1503,144,366,0.393,32,123,0.26,38,57,0.667,18,114,132,201,43,3,66,117,358,Gary Payton
389,1993-94,00,1610612741,CHI,25.0,75,8,1808,313,726,0.431,32,118,0.271,156,210,0.743,98,199,297,252,81,33,167,122,814,Toni Kukoc
389,1994-95,00,1610612741,CHI,26.0,81,55,2584,487,967,0.504,62,198,0.313,235,314,0.748,155,285,440,372,102,16,165,163,1271,Toni Kukoc
389,1995-96,00,1610612741,CHI,27.0,81,20,2103,386,787,0.49,87,216,0.403,206,267,0.772,115,208,323,287,64,28,114,150,1065,Toni Kukoc
389,1996-97,00,1610612741,CHI,28.0,57,15,1611,285,605,0.471,50,151,0.331,134,174,0.77,94,167,261,256,60,29,91,97,754,Toni Kukoc
389,1997-98,00,1610612741,CHI,29.0,74,52,2235,383,841,0.455,63,174,0.362,155,219,0.708,121,206,327,314,76,37,154,149,984,Toni Kukoc
389,1998-99,00,1610612741,CHI,30.0,44,44,1654,315,750,0.42,39,137,0.285,159,215,0.74,65,245,310,235,49,11,121,82,828,Toni Kukoc
389,1999-00,00,1610612741,CHI,31.0,24,23,868,148,388,0.381,18,78,0.231,118,155,0.761,37,93,130,124,44,19,75,51,432,Toni Kukoc
389,1999-00,00,1610612755,PHI,31.0,32,8,916,149,340,0.438,26,90,0.289,74,110,0.673,38,105,143,141,33,9,71,61,398,Toni Kukoc
389,1999-00,00,0,TOT,31.0,56,31,1784,297,728,0.408,44,168,0.262,192,265,0.725,75,198,273,265,77,28,146,112,830,Toni Kukoc
389,2000-01,00,1610612755,PHI,32.0,48,5,979,151,330,0.458,32,78,0.41,52,88,0.591,47,115,162,93,35,6,60,62,386,Toni Kukoc
389,2000-01,00,1610612737,ATL,32.0,17,14,618,124,252,0.492,38,79,0.481,49,72,0.681,19,78,97,106,13,5,51,36,335,Toni Kukoc
389,2000-01,00,0,TOT,32.0,65,19,1597,275,582,0.473,70,157,0.446,101,160,0.631,66,193,259,199,48,11,111,98,721,Toni Kukoc
389,2001-02,00,1610612737,ATL,33.0,59,9,1496,211,504,0.419,53,171,0.31,109,153,0.712,43,175,218,210,48,17,113,91,584,Toni Kukoc
389,2002-03,00,1610612749,MIL,34.0,63,0,1704,249,577,0.432,95,263,0.361,137,194,0.706,67,199,266,230,81,29,122,134,730,Toni Kukoc
389,2003-04,00,1610612749,MIL,35.0,73,0,1522,211,506,0.417,49,168,0.292,145,199,0.729,60,211,271,200,59,21,110,110,616,Toni Kukoc
389,2004-05,00,1610612749,MIL,36.0,53,6,1099,105,256,0.41,42,116,0.362,44,61,0.721,31,129,160,160,39,13,64,70,296,Toni Kukoc
389,2005-06,00,1610612749,MIL,37.0,65,0,1018,116,298,0.389,45,147,0.306,40,56,0.714,26,124,150,139,33,17,66,87,317,Toni Kukoc
203076,2012-13,00,1610612740,NOH,20.0,64,60,1846,349,676,0.516,0,6,0.0,169,225,0.751,165,357,522,63,75,112,89,158,867,Anthony Davis
203076,2013-14,00,1610612740,NOP,21.0,67,66,2358,522,1005,0.519,2,9,0.222,348,440,0.791,207,466,673,105,89,189,109,200,1394,Anthony Davis
203076,2014-15,00,1610612740,NOP,22.0,68,68,2455,642,1199,0.535,1,12,0.083,371,461,0.805,173,523,696,149,100,200,95,141,1656,Anthony Davis
203076,2015-16,00,1610612740,NOP,23.0,61,61,2164,560,1136,0.493,35,108,0.324,326,430,0.758,130,497,627,116,78,125,121,148,1481,Anthony Davis
203076,2016-17,00,1610612740,NOP,24.0,75,75,2708,770,1526,0.505,40,134,0.299,519,647,0.802,172,712,884,157,94,167,181,168,2099,Anthony Davis
203076,2017-18,00,1610612740,NOP,25.0,75,75,2727,780,1462,0.534,55,162,0.34,495,598,0.828,187,644,831,174,115,193,162,159,2110,Anthony Davis
203076,2018-19,00,1610612740,NOP,26.0,56,56,1850,530,1026,0.517,48,145,0.331,344,433,0.794,174,498,672,218,88,135,112,132,1452,Anthony Davis
203076,2019-20,00,1610612747,LAL,27.0,62,62,2131,551,1096,0.503,72,218,0.33,444,525,0.846,142,435,577,200,91,143,154,156,1618,Anthony Davis
203076,2020-21,00,1610612747,LAL,28.0,36,36,1162,301,613,0.491,26,100,0.26,158,214,0.738,62,224,286,110,45,59,74,60,786,Anthony Davis
203076,2021-22,00,1610612747,LAL,29.0,40,40,1404,370,695,0.532,13,70,0.186,174,244,0.713,106,288,394,122,49,90,82,97,927,Anthony Davis
203076,2022-23,00,1610612747,LAL,30.0,56,54,1905,542,962,0.563,19,74,0.257,348,444,0.784,195,507,702,148,59,114,122,146,1451,Anthony Davis
203076,2023-24,00,1610612747,LAL,31.0,76,76,2700,713,1283,0.556,29,107,0.271,421,516,0.816,239,722,961,266,91,178,159,177,1876,Anthony Davis
203076,2024-25,00,1610612747,LAL,32.0,42,42,1439,400,758,0.528,28,94,0.298,253,321,0.788,119,380,499,141,54,90,93,82,1081,Anthony Davis
203076,2024-25,00,1610612742,DAL,32.0,9,9,266,70,152,0.461,7,30,0.233,33,48,0.688,15,76,91,40,5,20,20,16,180,Anthony Davis
203076,2024-25,00,0,TOT,32.0,51,51,1705,470,910,0.516,35,124,0.282,286,369,0.775,134,456,590,181,59,110,113,98,1261,Anthony Davis
203076,2025-26,00,1610612742,DAL,32.0,20,20,626,169,334,0.506,10,37,0.27,59,81,0.728,62,159,221,56,22,33,41,42,407,Anthony Davis
202695,2011-12,00,1610612759,SAS,21.0,64,39,1534,199,404,0.493,41,109,0.376,68,88,0.773,104,223,327,70,85,24,44,88,507,Kawhi Leonard
202695,2012-13,00,1610612759,SAS,22.0,58,57,1810,260,526,0.494,65,174,0.374,104,126,0.825,63,283,346,93,97,32,62,99,689,Kawhi Leonard
202695,2013-14,00,1610612759,SAS,23.0,66,65,1923,337,645,0.522,69,182,0.379,101,126,0.802,76,336,412,133,114,50,80,127,844,Kawhi Leonard
202695,2014-15,00,1610612759,SAS,24.0,64,64,2033,394,822,0.479,67,192,0.349,202,252,0.802,85,376,461,161,148,48,97,128,1057,Kawhi Leonard
202695,2015-16,00,1610612759,SAS,25.0,72,72,2380,551,1090,0.506,129,291,0.443,292,334,0.874,95,398,493,186,128,71,105,133,1523,Kawhi Leonard
202695,2016-17,00,1610612759,SAS,26.0,74,74,2475,636,1312,0.485,147,387,0.38,469,533,0.88,80,350,430,260,133,55,154,122,1888,Kawhi Leonard
202695,2017-18,00,1610612759,SAS,27.0,9,9,210,52,111,0.468,11,35,0.314,31,38,0.816,6,36,42,21,18,9,16,9,146,Kawhi Leonard
202695,2018-19,00,1610612761,TOR,28.0,60,60,2040,560,1129,0.496,112,302,0.371,364,426,0.854,78,361,439,199,106,24,121,87,1596,Kawhi Leonard
202695,2019-20,00,1610612746,LAC,29.0,57,57,1848,532,1133,0.47,123,325,0.378,356,402,0.886,54,348,402,280,103,33,149,113,1543,Kawhi Leonard
202695,2020-21,00,1610612746,LAC,30.0,52,52,1772,465,908,0.512,101,254,0.398,261,295,0.885,55,282,337,269,81,21,105,82,1292,Kawhi Leonard
202695,2022-23,00,1610612746,LAC,32.0,52,50,1748,446,871,0.512,104,250,0.416,243,279,0.871,57,281,338,204,72,28,88,84,1239,Kawhi Leonard
202695,2023-24,00,1610612746,LAC,33.0,68,68,2330,610,1162,0.525,140,336,0.417,253,286,0.885,84,332,416,244,111,59,119,97,1613,Kawhi Leonard
202695,2024-25,00,1610612746,LAC,34.0,37,37,1180,310,623,0.498,78,190,0.411,98,121,0.81,35,184,219,116,59,17,72,56,796,Kawhi Leonard
202695,2025-26,00,1610612746,LAC,34.0,58,58,1868,572,1136,0.504,152,399,0.381,346,385,0.899,60,305,365,210,115,26,121,73,1642,Kawhi Leonard
201935,2009-10,00,1610612760,OKC,20.0,76,0,1738,233,578,0.403,93,248,0.375,194,240,0.808,47,197,244,137,80,20,106,200,753,James Harden
201935,2010-11,00,1610612760,OKC,21.0,82,5,2189,298,684,0.436,113,324,0.349,289,343,0.843,42,213,255,176,92,24,106,207,998,James Harden
201935,2011-12,00,1610612760,OKC,22.0,62,2,1946,309,629,0.491,114,292,0.39,312,369,0.846,30,222,252,229,62,15,137,150,1044,James Harden
201935,2012-13,00,1610612745,HOU,23.0,78,78,2985,585,1337,0.438,179,486,0.368,674,792,0.851,62,317,379,455,142,38,295,178,2023,James Harden
201935,2013-14,00,1610612745,HOU,24.0,73,73,2777,549,1205,0.456,177,483,0.366,576,665,0.866,61,283,344,446,115,29,265,177,1851,James Harden
201935,2014-15,00,1610612745,HOU,25.0,81,81,2981,647,1470,0.44,208,555,0.375,715,824,0.868,75,384,459,565,154,60,321,208,2217,James Harden
201935,2015-16,00,1610612745,HOU,26.0,82,82,3125,710,1617,0.439,236,657,0.359,720,837,0.86,63,438,501,612,139,51,374,229,2376,James Harden
201935,2016-17,00,1610612745,HOU,27.0,81,81,2947,674,1533,0.44,262,756,0.347,746,881,0.847,95,564,659,907,121,38,464,215,2356,James Harden
201935,2017-18,00,1610612745,HOU,28.0,72,72,2551,651,1449,0.449,265,722,0.367,624,727,0.858,41,348,389,630,126,50,315,169,2191,James Harden
201935,2018-19,00,1610612745,HOU,29.0,78,78,2867,843,1909,0.442,378,1028,0.368,754,858,0.879,66,452,518,586,158,58,387,244,2818,James Harden
201935,2019-20,00,1610612745,HOU,30.0,68,68,2483,672,1514,0.444,299,843,0.355,692,800,0.865,70,376,446,512,125,60,308,227,2335,James Harden
201935,2020-21,00,1610612745,HOU,31.0,8,8,290,60,135,0.444,25,72,0.347,53,60,0.883,5,36,41,83,7,6,34,14,198,James Harden
201935,2020-21,00,1610612751,BKN,31.0,36,35,1319,282,599,0.471,96,262,0.366,225,263,0.856,30,277,307,392,46,27,143,85,885,James Harden
201935,2020-21,00,0,TOT,31.0,44,43,1609,342,734,0.466,121,334,0.362,278,323,0.861,35,313,348,475,53,33,177,99,1083,James Harden
201935,2021-22,00,1610612751,BKN,32.0,44,44,1627,292,706,0.414,102,307,0.332,304,350,0.869,42,309,351,447,56,31,212,105,990,James Harden
201935,2021-22,00,1610612755,PHI,32.0,21,21,792,115,286,0.402,46,141,0.326,166,186,0.892,13,136,149,220,26,5,72,48,442,James Harden
201935,2021-22,00,0,TOT,32.0,65,65,2420,407,992,0.41,148,448,0.33,470,536,0.877,55,445,500,667,82,36,284,153,1432,James Harden
201935,2022-23,00,1610612755,PHI,33.0,58,58,2135,371,842,0.441,161,418,0.385,313,361,0.867,40,314,354,618,71,31,195,112,1216,James Harden
201935,2023-24,00,1610612746,LAC,34.0,72,72,2470,352,822,0.428,186,488,0.381,302,344,0.878,34,335,369,614,77,57,185,127,1192,James Harden
201935,2024-25,00,1610612746,LAC,35.0,79,79,2789,531,1295,0.41,235,668,0.352,505,578,0.874,55,401,456,687,118,55,341,162,1802,James Harden
201935,2025-26,00,1610612746,LAC,36.0,44,44,1559,323,771,0.419,135,389,0.347,337,374,0.901,27,185,212,358,57,16,162,83,1118,James Harden
201935,2025-26,00,1610612739,CLE,36.0,20,20,683,127,266,0.477,63,141,0.447,99,118,0.839,12,95,107,161,16,10,66,45,416,James Harden
201935,2025-26,00,0,TOT,36.0,64,64,2242,450,1037,0.434,198,530,0.374,436,492,0.886,39,280,319,519,73,26,228,128,1534,James Harden
201939,2009-10,00,1610612744,GSW,22.0,80,77,2896,528,1143,0.462,166,380,0.437,177,200,0.885,48,308,356,472,152,19,243,252,1399,Stephen Curry
201939,2010-11,00,1610612744,GSW,23.0,74,74,2489,505,1053,0.48,151,342,0.442,212,227,0.934,52,234,286,432,109,20,226,233,1373,Stephen Curry
201939,2011-12,00,1610612744,GSW,24.0,26,23,732,145,296,0.49,55,121,0.455,38,47,0.809,15,73,88,138,39,8,65,62,383,Stephen Curry
201939,2012-13,00,1610612744,GSW,25.0,78,78,2983,626,1388,0.451,272,600,0.453,262,291,0.9,59,255,314,539,126,12,240,198,1786,Stephen Curry
201939,2013-14,00,1610612744,GSW,26.0,78,78,2846,652,1383,0.471,261,615,0.424,308,348,0.885,46,288,334,666,128,14,294,194,1873,Stephen Curry
201939,2014-15,00,1610612744,GSW,27.0,80,80,2613,653,1341,0.487,286,646,0.443,308,337,0.914,56,285,341,619,163,16,249,158,1900,Stephen Curry
201939,2015-16,00,1610612744,GSW,28.0,79,79,2700,805,1598,0.504,402,886,0.454,363,400,0.908,68,362,430,527,169,15,262,161,2375,Stephen Curry
201939,2016-17,00,1610612744,GSW,29.0,79,79,2639,675,1443,0.468,324,789,0.411,325,362,0.898,61,292,353,524,142,17,239,183,1999,Stephen Curry
201939,2017-18,00,1610612744,GSW,30.0,51,51,1631,428,864,0.495,212,501,0.423,278,302,0.921,36,225,261,310,80,8,153,114,1346,Stephen Curry
201939,2018-19,00,1610612744,GSW,31.0,69,69,2331,632,1340,0.472,354,810,0.437,263,287,0.916,45,324,369,361,92,25,192,166,1881,Stephen Curry
201939,2019-20,00,1610612744,GSW,32.0,5,5,139,33,82,0.402,12,49,0.245,26,26,1.0,4,22,26,33,5,2,16,11,104,Stephen Curry
201939,2020-21,00,1610612744,GSW,33.0,63,63,2152,658,1365,0.482,337,801,0.421,362,395,0.916,29,316,345,363,77,8,213,119,2015,Stephen Curry
201939,2021-22,00,1610612744,GSW,34.0,64,64,2211,535,1224,0.437,285,750,0.38,275,298,0.923,34,301,335,404,85,23,206,130,1630,Stephen Curry
201939,2022-23,00,1610612744,GSW,35.0,56,56,1941,559,1133,0.493,273,639,0.427,257,281,0.915,39,302,341,352,52,20,179,117,1648,Stephen Curry
201939,2023-24,00,1610612744,GSW,36.0,74,74,2422,650,1445,0.45,357,876,0.408,299,324,0.923,37,293,330,379,54,28,210,117,1956,Stephen Curry
201939,2024-25,00,1610612744,GSW,37.0,70,70,2252,564,1258,0.448,311,784,0.397,279,299,0.933,40,270,310,421,80,30,200,95,1718,Stephen Curry
201939,2025-26,00,1610612744,GSW,37.0,39,39,1222,348,744,0.468,175,448,0.391,190,204,0.931,16,122,138,189,44,16,111,74,1061,Stephen Curry
201566,2008-09,00,1610612760,OKC,20.0,82,65,2668,436,1095,0.398,35,129,0.271,349,428,0.815,178,221,399,435,110,16,274,191,1256,Russell Westbrook
201566,2009-10,00,1610612760,OKC,21.0,82,82,2813,485,1160,0.418,23,104,0.221,329,422,0.78,143,258,401,652,108,34,268,204,1322,Russell Westbrook
201566,2010-11,00,1610612760,OKC,22.0,82,82,2847,614,1390,0.442,34,103,0.33,531,631,0.842,121,258,379,670,155,30,316,207,1793,Russell Westbrook
201566,2011-12,00,1610612760,OKC,23.0,66,66,2331,578,1266,0.457,62,196,0.316,340,413,0.823,96,205,301,362,112,21,239,147,1558,Russell Westbrook
201566,2012-13,00,1610612760,OKC,24.0,82,82,2861,673,1535,0.438,97,300,0.323,460,575,0.8,111,317,428,607,145,24,273,189,1903,Russell Westbrook
201566,2013-14,00,1610612760,OKC,25.0,46,46,1412,346,791,0.437,68,214,0.318,242,293,0.826,55,208,263,319,88,7,177,104,1002,Russell Westbrook
201566,2014-15,00,1610612760,OKC,26.0,67,67,2302,627,1471,0.426,86,288,0.299,546,654,0.835,124,364,488,574,140,14,293,184,1886,Russell Westbrook
201566,2015-16,00,1610612760,OKC,27.0,80,80,2750,656,1444,0.454,101,341,0.296,465,573,0.812,145,481,626,834,163,20,342,200,1878,Russell Westbrook
201566,2016-17,00,1610612760,OKC,28.0,81,81,2802,824,1941,0.425,200,583,0.343,710,840,0.845,137,727,864,840,132,31,438,190,2558,Russell Westbrook
201566,2017-18,00,1610612760,OKC,29.0,80,80,2914,757,1687,0.449,97,326,0.298,417,566,0.737,152,652,804,820,147,20,381,200,2028,Russell Westbrook
201566,2018-19,00,1610612760,OKC,30.0,73,73,2629,630,1473,0.428,119,411,0.29,296,451,0.656,109,698,807,784,142,33,325,245,1675,Russell Westbrook
201566,2019-20,00,1610612745,HOU,31.0,57,57,2049,604,1281,0.472,55,213,0.258,290,380,0.763,100,351,451,401,93,20,255,200,1553,Russell Westbrook
201566,2020-21,00,1610612764,WAS,32.0,65,65,2369,544,1238,0.439,86,273,0.315,271,413,0.656,109,641,750,763,89,23,312,190,1445,Russell Westbrook
201566,2021-22,00,1610612747,LAL,33.0,78,78,2678,548,1233,0.444,79,265,0.298,266,399,0.667,110,470,580,550,75,20,295,235,1441,Russell Westbrook
201566,2022-23,00,1610612747,LAL,34.0,52,3,1491,304,729,0.417,63,213,0.296,156,238,0.655,59,262,321,391,53,23,184,121,827,Russell Westbrook
201566,2022-23,00,1610612746,LAC,34.0,21,21,635,128,262,0.489,26,73,0.356,50,76,0.658,30,72,102,160,23,10,71,41,332,Russell Westbrook
201566,2022-23,00,0,TOT,34.0,73,24,2126,432,991,0.436,89,286,0.311,206,314,0.656,89,334,423,551,76,33,255,162,1159,Russell Westbrook
201566,2023-24,00,1610612746,LAC,35.0,68,11,1529,301,663,0.454,42,154,0.273,110,160,0.688,93,250,343,306,74,23,144,121,754,Russell Westbrook
201566,2024-25,00,1610612743,DEN,36.0,75,36,2092,373,831,0.449,94,291,0.323,154,233,0.661,102,268,370,457,106,37,242,188,994,Russell Westbrook
201566,2025-26,00,1610612758,SAC,37.0,64,58,1853,358,839,0.427,128,379,0.338,127,183,0.694,80,268,348,426,83,12,209,147,971,Russell Westbrook
201142,2007-08,00,1610612760,SEA,19.0,80,80,2768,587,1366,0.43,59,205,0.288,391,448,0.873,70,278,348,192,78,75,232,122,1624,Kevin Durant
201142,2008-09,00,1610612760,OKC,20.0,74,74,2885,661,1390,0.476,97,230,0.422,452,524,0.863,77,405,482,205,96,53,225,134,1871,Kevin Durant
201142,2009-10,00,1610612760,OKC,21.0,82,82,3239,794,1668,0.476,128,351,0.365,756,840,0.9,105,518,623,231,112,84,271,171,2472,Kevin Durant
201142,2010-11,00,1610612760,OKC,22.0,78,78,3038,711,1538,0.462,145,414,0.35,594,675,0.88,57,476,533,214,88,76,218,159,2161,Kevin Durant
201142,2011-12,00,1610612760,OKC,23.0,66,66,2546,643,1297,0.496,133,344,0.387,431,501,0.86,40,487,527,231,88,77,248,133,1850,Kevin Durant
201142,2012-13,00,1610612760,OKC,24.0,81,81,3119,731,1433,0.51,139,334,0.416,679,750,0.905,46,594,640,374,116,105,280,143,2280,Kevin Durant
201142,2013-14,00,1610612760,OKC,25.0,81,81,3122,849,1688,0.503,192,491,0.391,703,805,0.873,58,540,598,445,103,59,285,174,2593,Kevin Durant
201142,2014-15,00,1610612760,OKC,26.0,27,27,913,238,467,0.51,64,159,0.403,146,171,0.854,16,162,178,110,24,25,74,40,686,Kevin Durant
201142,2015-16,00,1610612760,OKC,27.0,72,72,2578,698,1381,0.505,186,481,0.387,447,498,0.898,45,544,589,361,69,85,250,137,2029,Kevin Durant
201142,2016-17,00,1610612744,GSW,28.0,62,62,2070,551,1026,0.537,117,312,0.375,336,384,0.875,39,474,513,300,66,99,138,117,1555,Kevin Durant
201142,2017-18,00,1610612744,GSW,29.0,68,68,2325,630,1222,0.516,173,413,0.419,359,404,0.889,31,433,464,366,50,119,207,133,1792,Kevin Durant
201142,2018-19,00,1610612744,GSW,30.0,78,78,2702,721,1383,0.521,137,388,0.353,448,506,0.885,33,464,497,457,58,84,225,155,2027,Kevin Durant
201142,2020-21,00,1610612751,BKN,32.0,35,32,1157,324,603,0.537,85,189,0.45,210,238,0.882,13,234,247,195,25,45,120,70,943,Kevin Durant
201142,2021-22,00,1610612751,BKN,33.0,55,55,2047,578,1115,0.518,115,300,0.383,372,409,0.91,29,378,407,351,48,52,191,113,1643,Kevin Durant
201142,2022-23,00,1610612751,BKN,34.0,39,39,1403,410,734,0.559,71,189,0.376,267,286,0.934,14,248,262,207,32,57,136,92,1158,Kevin Durant
201142,2022-23,00,1610612756,PHX,34.0,8,8,269,73,128,0.57,22,41,0.537,40,48,0.833,3,48,51,28,2,10,20,7,208,Kevin Durant
201142,2022-23,00,0,TOT,34.0,47,47,1672,483,862,0.56,93,230,0.404,307,334,0.919,17,296,313,235,34,67,156,99,1366,Kevin Durant
201142,2023-24,00,1610612756,PHX,35.0,75,75,2791,751,1436,0.523,168,407,0.413,362,423,0.856,41,454,495,378,69,91,244,133,2032,Kevin Durant
201142,2024-25,00,1610612756,PHX,36.0,62,62,2265,592,1124,0.527,160,372,0.43,303,361,0.839,23,351,374,263,50,77,190,104,1647,Kevin Durant
201142,2025-26,00,1610612745,HOU,37.0,70,70,2557,643,1241,0.518,166,404,0.411,366,417,0.878,37,343,380,320,60,61,226,127,1818,Kevin Durant
101108,2005-06,00,1610612740,NOK,21.0,78,78,2808,407,947,0.43,50,177,0.282,394,465,0.847,61,339,400,611,175,6,183,218,1258,Chris Paul
101108,2006-07,00,1610612740,NOK,22.0,64,64,2353,381,871,0.437,50,143,0.35,292,357,0.818,54,226,280,569,118,3,161,154,1104,Chris Paul
101108,2007-08,00,1610612740,NOH,23.0,80,80,3006,630,1291,0.488,92,249,0.369,332,390,0.851,62,259,321,925,217,4,201,185,1684,Chris Paul
101108,2008-09,00,1610612740,NOH,24.0,78,78,3002,631,1255,0.503,64,176,0.364,455,524,0.868,69,363,432,861,216,10,231,212,1781,Chris Paul
101108,2009-10,00,1610612740,NOH,25.0,45,45,1712,314,637,0.493,52,127,0.409,161,190,0.847,20,171,191,480,96,8,112,118,841,Chris Paul
101108,2010-11,00,1610612740,NOH,26.0,80,80,2880,430,928,0.463,71,183,0.388,337,384,0.878,38,289,327,782,188,5,177,196,1268,Chris Paul
101108,2011-12,00,1610612746,LAC,27.0,60,60,2181,425,890,0.478,79,213,0.371,260,302,0.861,42,171,213,543,152,4,124,138,1189,Chris Paul
101108,2012-13,00,1610612746,LAC,28.0,70,70,2335,412,856,0.481,76,232,0.328,286,323,0.885,53,209,262,678,169,10,159,143,1186,Chris Paul
101108,2013-14,00,1610612746,LAC,29.0,62,62,2171,406,870,0.467,78,212,0.368,295,345,0.855,38,230,268,663,154,4,145,157,1185,Chris Paul
101108,2014-15,00,1610612746,LAC,30.0,82,82,2857,568,1170,0.485,139,349,0.398,289,321,0.9,52,324,376,838,156,15,190,203,1564,Chris Paul
101108,2015-16,00,1610612746,LAC,31.0,74,74,2420,515,1114,0.462,122,329,0.371,294,328,0.896,39,271,310,738,152,13,194,185,1446,Chris Paul
101108,2016-17,00,1610612746,LAC,32.0,61,61,1921,374,785,0.476,124,302,0.411,232,260,0.892,40,264,304,563,119,8,147,146,1104,Chris Paul
101108,2017-18,00,1610612745,HOU,33.0,58,58,1847,367,798,0.46,144,379,0.38,203,221,0.919,37,276,313,457,96,14,128,141,1081,Chris Paul
101108,2018-19,00,1610612745,HOU,34.0,58,58,1857,302,720,0.419,127,355,0.358,175,203,0.862,36,229,265,473,114,18,152,146,906,Chris Paul
101108,2019-20,00,1610612760,OKC,35.0,70,70,2208,434,887,0.489,111,304,0.365,253,279,0.907,26,323,349,472,111,11,161,158,1232,Chris Paul
101108,2020-21,00,1610612756,PHX,36.0,70,70,2200,439,879,0.499,102,258,0.395,169,181,0.934,25,287,312,622,99,19,156,166,1149,Chris Paul
101108,2021-22,00,1610612756,PHX,37.0,65,65,2139,363,736,0.493,63,199,0.317,169,202,0.837,22,261,283,702,121,20,153,134,958,Chris Paul
101108,2022-23,00,1610612756,PHX,38.0,59,59,1889,294,668,0.44,98,261,0.375,133,160,0.831,27,224,251,524,91,22,114,126,819,Chris Paul
101108,2023-24,00,1610612744,GSW,39.0,58,18,1531,206,467,0.441,78,210,0.371,43,52,0.827,18,207,225,393,70,6,76,108,533,Chris Paul
101108,2024-25,00,1610612759,SAS,40.0,82,82,2292,249,583,0.427,140,371,0.377,85,92,0.924,33,263,296,605,103,22,129,151,723,Chris Paul
101108,2025-26,00,1610612746,LAC,40.0,16,0,228,18,56,0.321,10,30,0.333,1,2,0.5,6,22,28,53,11,0,16,23,47,Chris Paul
2730,2004-05,00,1610612753,ORL,19.0,82,82,2671,352,677,0.52,0,2,0.0,277,413,0.671,287,536,823,75,77,136,165,232,981,Dwight Howard
2730,2005-06,00,1610612753,ORL,20.0,82,81,3021,468,881,0.531,0,2,0.0,356,598,0.595,288,734,1022,125,65,115,217,277,1292,Dwight Howard
2730,2006-07,00,1610612753,ORL,21.0,82,82,3023,526,873,0.603,1,2,0.5,390,666,0.586,283,725,1008,158,70,156,317,245,1443,Dwight Howard
2730,2007-08,00,1610612753,ORL,22.0,82,82,3088,583,974,0.599,0,4,0.0,529,897,0.59,279,882,1161,110,74,176,263,274,1695,Dwight Howard
2730,2008-09,00,1610612753,ORL,23.0,79,79,2821,560,979,0.572,0,2,0.0,504,849,0.594,336,757,1093,112,77,231,240,270,1624,Dwight Howard
2730,2009-10,00,1610612753,ORL,24.0,82,82,2843,510,834,0.612,0,7,0.0,483,816,0.592,284,798,1082,144,75,228,274,287,1503,Dwight Howard
2730,2010-11,00,1610612753,ORL,25.0,78,78,2935,619,1044,0.593,0,7,0.0,546,916,0.596,309,789,1098,107,107,186,279,258,1784,Dwight Howard
2730,2011-12,00,1610612753,ORL,26.0,54,54,2070,416,726,0.573,0,7,0.0,281,572,0.491,200,585,785,104,81,116,175,159,1113,Dwight Howard
2730,2012-13,00,1610612747,LAL,27.0,76,76,2722,470,813,0.578,1,6,0.167,355,721,0.492,251,694,945,108,84,186,225,291,1296,Dwight Howard
2730,2013-14,00,1610612745,HOU,28.0,71,71,2396,473,800,0.591,2,7,0.286,349,638,0.547,231,635,866,131,60,128,229,240,1297,Dwight Howard
2730,2014-15,00,1610612745,HOU,29.0,41,41,1223,251,423,0.593,1,2,0.5,143,271,0.528,110,321,431,50,28,53,115,137,646,Dwight Howard
2730,2015-16,00,1610612745,HOU,30.0,71,71,2280,372,600,0.62,0,6,0.0,232,474,0.489,238,597,835,98,69,113,166,219,976,Dwight Howard
2730,2016-17,00,1610612737,ATL,31.0,74,74,2199,388,613,0.633,0,2,0.0,226,424,0.533,296,644,940,104,64,92,170,203,1002,Dwight Howard
2730,2017-18,00,1610612766,CHA,32.0,81,81,2463,506,911,0.555,1,7,0.143,334,582,0.574,255,757,1012,105,48,131,208,249,1347,Dwight Howard
2730,2018-19,00,1610612764,WAS,33.0,9,9,230,43,69,0.623,0,0,0.0,29,48,0.604,24,59,83,4,7,4,16,34,115,Dwight Howard
2730,2019-20,00,1610612747,LAL,34.0,69,2,1306,202,277,0.729,3,5,0.6,110,214,0.514,172,335,507,45,31,79,84,222,517,Dwight Howard
2730,2020-21,00,1610612755,PHI,35.0,69,6,1196,178,303,0.587,5,20,0.25,121,210,0.576,190,390,580,61,30,62,112,200,482,Dwight Howard
2730,2021-22,00,1610612747,LAL,36.0,60,27,971,134,219,0.612,8,15,0.533,96,146,0.658,118,238,356,35,34,36,47,115,372,Dwight Howard
2544,2003-04,00,1610612739,CLE,19.0,79,79,3120,622,1492,0.417,63,217,0.29,347,460,0.754,99,333,432,465,130,58,273,149,1654,LeBron James
2544,2004-05,00,1610612739,CLE,20.0,80,80,3388,795,1684,0.472,108,308,0.351,477,636,0.75,111,477,588,577,177,52,262,146,2175,LeBron James
2544,2005-06,00,1610612739,CLE,21.0,79,79,3361,875,1823,0.48,127,379,0.335,601,814,0.738,75,481,556,521,123,66,260,181,2478,LeBron James
2544,2006-07,00,1610612739,CLE,22.0,78,78,3190,772,1621,0.476,99,310,0.319,489,701,0.698,83,443,526,470,125,55,250,171,2132,LeBron James
2544,2007-08,00,1610612739,CLE,23.0,75,74,3027,794,1642,0.484,113,359,0.315,549,771,0.712,133,459,592,539,138,81,255,165,2250,LeBron James
2544,2008-09,00,1610612739,CLE,24.0,81,81,3054,789,1613,0.489,132,384,0.344,594,762,0.78,106,507,613,587,137,93,241,139,2304,LeBron James
2544,2009-10,00,1610612739,CLE,25.0,76,76,2966,768,1528,0.503,129,387,0.333,593,773,0.767,71,483,554,651,125,77,261,119,2258,LeBron James
2544,2010-11,00,1610612748,MIA,26.0,79,79,3063,758,1485,0.51,92,279,0.33,503,663,0.759,80,510,590,554,124,50,284,163,2111,LeBron James
2544,2011-12,00,1610612748,MIA,27.0,62,62,2326,621,1169,0.531,54,149,0.362,387,502,0.771,94,398,492,387,115,50,213,96,1683,LeBron James
2544,2012-13,00,1610612748,MIA,28.0,76,76,2877,765,1354,0.565,103,254,0.406,403,535,0.753,97,513,610,551,129,67,226,110,2036,LeBron James
2544,2013-14,00,1610612748,MIA,29.0,77,77,2902,767,1353,0.567,116,306,0.379,439,585,0.75,81,452,533,488,121,26,270,126,2089,LeBron James
2544,2014-15,00,1610612739,CLE,30.0,69,69,2493,624,1279,0.488,120,339,0.354,375,528,0.71,51,365,416,511,109,49,272,135,1743,LeBron James
2544,2015-16,00,1610612739,CLE,31.0,76,76,2709,737,1416,0.52,87,282,0.309,359,491,0.731,111,454,565,514,104,49,249,143,1920,LeBron James
2544,2016-17,00,1610612739,CLE,32.0,74,74,2795,736,1344,0.548,124,342,0.363,358,531,0.674,97,542,639,646,92,44,303,134,1954,LeBron James
2544,2017-18,00,1610612739,CLE,33.0,82,82,3026,857,1580,0.542,149,406,0.367,388,531,0.731,97,612,709,747,116,71,347,136,2251,LeBron James
2544,2018-19,00,1610612747,LAL,34.0,55,55,1937,558,1095,0.51,111,327,0.339,278,418,0.665,57,408,465,454,72,33,197,94,1505,LeBron James
2544,2019-20,00,1610612747,LAL,35.0,67,67,2316,643,1303,0.493,148,425,0.348,264,381,0.693,66,459,525,684,78,36,261,118,1698,LeBron James
2544,2020-21,00,1610612747,LAL,36.0,45,45,1504,422,823,0.513,104,285,0.365,178,255,0.698,29,317,346,350,48,25,168,70,1126,LeBron James
2544,2021-22,00,1610612747,LAL,37.0,56,56,2084,640,1221,0.524,161,448,0.359,254,336,0.756,63,396,459,349,73,59,196,121,1695,LeBron James
2544,2022-23,00,1610612747,LAL,38.0,55,54,1954,609,1219,0.5,121,377,0.321,251,327,0.768,65,392,457,375,50,32,178,88,1590,LeBron James
2544,2023-24,00,1610612747,LAL,39.0,71,71,2504,685,1269,0.54,149,363,0.41,303,404,0.75,61,457,518,589,89,38,245,78,1822,LeBron James
2544,2024-25,00,1610612747,LAL,40.0,70,70,2444,651,1270,0.513,149,396,0.376,259,331,0.782,72,474,546,575,70,39,260,99,1710,LeBron James
2544,2025-26,00,1610612747,LAL,41.0,53,53,1780,419,818,0.512,68,217,0.313,200,269,0.743,42,274,316,368,60,31,156,75,1106,LeBron James
2546,2003-04,00,1610612743,DEN,20.0,82,82,2994,624,1465,0.426,69,214,0.322,408,525,0.777,183,315,498,227,97,41,247,225,1725,Carmelo Anthony
2546,2004-05,00,1610612743,DEN,21.0,75,75,2608,530,1230,0.431,42,158,0.266,456,573,0.796,141,285,426,194,68,30,224,229,1558,Carmelo Anthony
2546,2005-06,00,1610612743,DEN,22.0,80,80,2941,756,1572,0.481,37,152,0.243,573,709,0.808,122,272,394,216,88,42,218,229,2122,Carmelo Anthony
2546,2006-07,00,1610612743,DEN,23.0,65,65,2486,691,1453,0.476,40,149,0.268,459,568,0.808,143,248,391,249,77,23,234,203,1881,Carmelo Anthony
2546,2007-08,00,1610612743,DEN,24.0,77,77,2806,728,1481,0.492,58,164,0.354,464,590,0.786,178,393,571,259,98,39,253,253,1978,Carmelo Anthony
2546,2008-09,00,1610612743,DEN,25.0,66,66,2277,535,1207,0.443,63,170,0.371,371,468,0.793,106,344,450,222,75,24,199,195,1504,Carmelo Anthony
2546,2009-10,00,1610612743,DEN,26.0,69,69,2634,688,1502,0.458,59,187,0.316,508,612,0.83,152,302,454,222,88,30,209,225,1943,Carmelo Anthony
2546,2010-11,00,1610612743,DEN,27.0,50,50,1774,437,967,0.452,42,126,0.333,343,417,0.823,77,305,382,140,43,31,142,134,1259,Carmelo Anthony
2546,2010-11,00,1610612752,NYK,27.0,27,27,977,247,536,0.461,53,125,0.424,164,188,0.872,41,140,181,81,25,15,64,90,711,Carmelo Anthony
2546,2010-11,00,0,TOT,27.0,77,77,2751,684,1503,0.455,95,251,0.378,507,605,0.838,118,445,563,221,68,46,206,224,1970,Carmelo Anthony
2546,2011-12,00,1610612752,NYK,28.0,55,55,1876,441,1025,0.43,68,203,0.335,295,367,0.804,88,256,344,200,62,24,144,156,1245,Carmelo Anthony
2546,2012-13,00,1610612752,NYK,29.0,67,67,2482,669,1489,0.449,157,414,0.379,425,512,0.83,134,326,460,171,52,32,175,205,1920,Carmelo Anthony
2546,2013-14,00,1610612752,NYK,30.0,77,77,2982,743,1643,0.452,167,415,0.402,459,541,0.848,145,477,622,242,95,51,198,224,2112,Carmelo Anthony
2546,2014-15,00,1610612752,NYK,31.0,40,40,1428,358,806,0.444,61,179,0.341,189,237,0.797,72,192,264,122,40,17,89,87,966,Carmelo Anthony
2546,2015-16,00,1610612752,NYK,32.0,72,72,2530,567,1307,0.434,105,310,0.339,334,403,0.829,98,458,556,299,62,38,176,180,1573,Carmelo Anthony
2546,2016-17,00,1610612752,NYK,33.0,74,74,2538,602,1389,0.433,151,421,0.359,304,365,0.833,62,376,438,213,60,34,153,198,1659,Carmelo Anthony
2546,2017-18,00,1610612760,OKC,34.0,78,78,2501,472,1168,0.404,169,474,0.357,148,193,0.767,67,386,453,103,47,49,99,197,1261,Carmelo Anthony
2546,2018-19,00,1610612745,HOU,35.0,10,2,294,49,121,0.405,21,64,0.328,15,22,0.682,9,45,54,5,4,7,8,32,134,Carmelo Anthony
2546,2019-20,00,1610612757,POR,36.0,58,58,1902,336,782,0.43,87,226,0.385,136,161,0.845,71,297,368,85,49,27,100,171,895,Carmelo Anthony
2546,2020-21,00,1610612757,POR,37.0,69,3,1690,327,777,0.421,133,325,0.409,137,154,0.89,32,182,214,104,46,38,61,144,924,Carmelo Anthony
2546,2021-22,00,1610612747,LAL,38.0,69,3,1793,319,723,0.441,149,397,0.375,132,159,0.83,62,226,288,68,47,52,59,166,919,Carmelo Anthony
