PLAYER_ID,PLAYER_NAME,TS_PCT_score,VPS_score,GmSc_Per48_score,later_years_used,realized_score_z
201985,AJ Price,0.4599737065364514,1.081827731092437,11.933333333333334,2,-1.6963792498939378
201166,Aaron Brooks,0.5191662912460538,1.0428819356581978,12.46042506595167,6,-0.21132905014226627
203932,Aaron Gordon,0.5875102376345028,1.5858522787454195,19.815130176924733,8,1.0005017794989801
201189,Aaron Gray,0.5117800518025832,1.0251594728491404,8.601350660547936,3,-0.9977003511224408
1628988,Aaron Holiday,0.5615104724243385,1.1706131481319795,13.219018617785315,4,-0.4661612978701991
1627846,Abdel Nader,0.4314720812182741,0.8839285714285714,6.322758620689653,1,-1.7151427348125887
201143,Al Horford,0.5760134259399872,1.7921339802017355,19.061662939423773,15,1.0394181926579549
2744,Al Jefferson,0.5254500138854176,1.4069182965392972,20.71178872258423,10,1.172710694949899
202329,Al-Farouq Aminu,0.4994303396849184,1.3599453998395614,12.34278532783425,7,0.4330757080796209
202692,Alec Burks,0.5502994931814719,1.2350843337438322,16.364209026503648,10,-0.057737595053073014
203458,Alex Len,0.5920614582242929,1.4253813267338589,16.856680521157465,8,-0.4083785196021235
201582,Alexis Ajinca,0.5459583714058509,1.21443720713932,15.600850060301424,3,-0.436465123517127
1628993,Alize Johnson,0.5087209302325582,1.0,6.239999999999999,1,-1.986922095470425
203459,Allen Crabbe,0.5157624711368266,1.0179781881971337,10.55598168021163,3,-0.1333423153029053
2405,Amar'e Stoudemire,0.6056911529210673,1.352237204609724,21.32829804619626,10,1.1453976331778657
101161,Amir Johnson,0.601176347984649,1.38448589492445,15.31333912645881,10,0.8761613864471923
2760,Anderson Varejao,0.5176757037002742,1.4831731422412118,15.324829805840006,10,-0.40793964249210485
101154,Andray Blatche,0.5019068402500579,1.1963076995523623,16.74274170754277,5,0.7742061901109893
203083,Andre Drummond,0.5530072067342582,1.5939777493938319,22.15520539223521,10,1.239889163334199
2738,Andre Iguodala,0.5427754351647399,1.7201846211886944,14.291171192690026,15,0.7695096941746805
1889,Andre Miller,0.5398256592616362,1.5482418527091575,16.37955290601532,13,1.537210249888423
203460,Andre Roberson,0.3596777859827691,1.1290560960007059,7.44851063470423,3,-1.4891396120472085
200745,Andrea Bargnani,0.5149330508976636,1.0794991458712333,15.012689266221669,6,-0.21623804922697532
1905,Andrei Kirilenko,0.5295150054538528,1.560948921815149,15.162116081291755,9,0.9110103166459402
101106,Andrew Bogut,0.5440272968730289,1.5287459285010383,14.742767098610761,10,0.19759307543891186
101115,Andrew Bynum,0.5662719832255281,1.561468202515377,19.261728102031714,4,0.5860566081601875
203094,Andrew Nicholson,0.4267668146124957,0.7894736842105263,7.017543859649124,1,-1.3250114143890186
203952,Andrew Wiggins,0.5512688314844381,1.2687397560118274,18.564730679571603,8,1.133156406387074
2740,Andris Biedrins,0.5190090749496642,1.3218216384873485,10.148501476737726,6,-0.4899095178816444
1629014,Anfernee Simons,0.5702798986552167,1.2334612408088401,19.282087560869382,4,0.7599703033949067
203076,Anthony Davis,0.5917537687187734,1.783339830327836,30.468207820225377,10,1.8285529215438683
201576,Anthony Randolph,0.5167537045423398,1.1468770409544897,14.535639595577422,2,-1.0202361559003321
101120,Antoine Wright,0.31372435778968766,0.6403834260977118,2.373470522803115,2,-1.1354157521258414
201167,Arron Afflalo,0.5460888169130361,1.117719327715162,12.1383221310969,7,0.645621163025603
201948,Austin Daye,0.452420184900557,0.8958952933956474,10.50018856065368,2,-1.413181113256408
203085,Austin Rivers,0.5395378204223603,1.1183297299194945,11.165973801727294,7,0.08189070071575295
202340,Avery Bradley,0.5199580477673219,1.0462140320749804,11.502272885413355,8,0.4788858905698099
1628389,Bam Adebayo,0.5773973574844752,1.632894111818663,23.856490563758157,5,2.0311914794309147
1884,Baron Davis,0.4971444968365255,1.3111212277700597,18.17879291302473,9,1.5812299324936656
2732,Ben Gordon,0.5255809601571506,1.007037567396406,12.684479726572363,7,0.17867599146711122
203463,Ben McLemore,0.5558413356026294,0.9462208638608457,12.571519133465141,5,-0.4842876179633038
1627732,Ben Simmons,0.5563549461366862,1.9127544344080682,16.29035775955979,3,-0.4794880071498137
2757,Beno Udrih,0.5319510853230033,1.4378191812384866,14.225772217207274,9,0.3096178347655509
202687,Bismack Biyombo,0.5752415605423429,1.4353564406864694,13.63134089127691,11,-0.30796329201698913
201933,Blake Griffin,0.5466916479098235,1.3756183459025055,20.020017004492047,9,0.5242246364126106
1626171,Bobby Portis,0.57006981716,1.4723567064050804,20.83059962543286,7,0.6551310010547479
2250,Bobby Simmons,0.42894570143759797,0.8947429698466095,7.425246945043754,6,-0.41741822406841156
203992,Bogdan Bogdanović,0.5552367895589416,1.2306393062481997,15.99743448903531,5,0.2258250439252692
202711,Bojan Bogdanovic,0.6019123856772356,1.2280832041015477,18.59836173403131,6,1.0053874440157746
1629626,Bol Bol,0.6635583038799924,1.8432930705657977,21.748880597014924,2,-0.8608555942784751
2564,Boris Diaw,0.5471815663791737,1.4070528770038941,12.740264613891938,10,0.9529796802027984
2411,Bostjan Nachbar,0.5721677195261572,1.0507448789571696,13.835310327471767,2,0.2141074199802155
203078,Bradley Beal,0.5733446738939961,1.3134910322282836,21.85407012979901,10,1.2201936306601817
201148,Brandan Wright,0.6415300114907254,1.8706300170053576,19.38110005410684,6,-0.6248429230621053
101138,Brandon Bass,0.5701630390358743,1.3853077448549393,15.83456249131482,8,0.4628018885742395
1629634,Brandon Clarke,0.5192520055771409,1.4286524133462908,19.274627360298755,3,-1.2549153569241007
1627742,Brandon Ingram,0.5707309669113664,1.383950284975325,23.00029871843938,6,0.9171691717338737
201943,Brandon Jennings,0.49109093238770773,1.3746380806074316,15.844399643624225,5,0.22777399309110094
202688,Brandon Knight,0.5142473557860303,1.0768258362670569,13.611414522541367,5,-0.632766041143664
200750,Brandon Roy,0.4294189099077821,1.2096231247713134,11.52393442622951,2,-0.983510462766359
201575,Brandon Rush,0.48539562790318114,1.0288022673803028,7.286793880435577,5,-1.1215574854310921
2217,Brendan Haywood,0.5283123838022603,1.3098143175329753,12.426524459396974,9,0.0918990329032529
2073,Brian Cardinal,0.5297512183329122,0.9901253964091407,9.27409249859026,8,-0.8626817690471117
2567,Brian Cook,0.4584581553206782,0.7637883750796327,7.861723313238644,5,-1.301435308334931
2243,Brian Scalabrine,0.4964388136218775,0.9379834087091357,6.717581769141374,7,-1.0880580020167918
201572,Brook Lopez,0.5850388907150438,1.4030975351439725,19.511523567526357,14,1.261279489695324
1628971,Bruce Brown,0.5463090290487641,1.3605953381466374,14.451409427685645,4,0.544954479608546
203998,Bruno Caboclo,0.5101069583829305,1.150909251694592,13.73167213114754,3,-1.2746885868016382
1628981,Bruno Fernando,0.5836232523296623,1.3444270015698587,17.913220420132866,2,-1.1405600232448918
1627741,Buddy Hield,0.5711825774353372,1.2520780633767097,16.75661268426337,6,1.1219446629661423
201957,Byron Mullens,0.5437284234752588,0.9601063829787234,13.42608695652174,1,-1.1464087182811447
203468,CJ McCollum,0.5560459029891471,1.304712323283134,20.820942011967972,9,1.4698162795514338
101139,CJ Miles,0.4842475030948799,0.9284202430504761,12.037316914494468,12,-0.13541855074713657
1916,Calvin Booth,0.4906197199951959,1.0722177887217212,9.5455469481267,6,-1.095783151510251
1629629,Cam Reddish,0.5011293162806163,1.2386864466539735,9.12460557372976,2,-0.7312973041957017
1629661,Cameron Johnson,0.606027072743478,1.4292235689774913,18.219007756699067,3,0.4997188496844606
1626166,Cameron Payne,0.5440362094642524,1.3554654431489848,17.763526964786415,7,-0.3802625921429217
1627747,Caris LeVert,0.537412861353722,1.3622173274646023,17.960697271196114,6,0.5933623022020494
201171,Carl Landry,0.5856687565907885,1.2303908255501312,16.7981589326017,5,-0.4646288654265569
2430,Carlos Boozer,0.5442313404391057,1.3382318795713555,19.292535449969705,9,1.4686300957948244
2568,Carlos Delfino,0.5267717728779492,1.2660344174404063,12.93584618312342,4,0.6749258441733615
2546,Carmelo Anthony,0.5409666969568581,1.1712892445038927,19.922157038769836,15,1.3855744393702798
2406,Caron Butler,0.5258435003683094,1.1713107094167343,14.447114529314181,10,0.7722567627507099
1626224,Cedi Osman,0.5810450444307241,1.2489571563887816,14.95238298519144,3,0.009940079324655899
202718,Chandler Parsons,0.49508634774729454,1.1420101555274684,11.714264545873508,5,-0.775695083336212
101112,Channing Frye,0.5662337255129483,1.1750296416702626,13.346691226580415,9,0.5516413354809417
101111,Charlie Villanueva,0.5027659485527624,1.0241747071613294,14.831738937400207,7,-0.4989545268360232
201978,Chase Budinger,0.5186779439094834,1.1830722458290113,11.452498888587021,3,-0.4780364683402942
1627767,Cheick Diallo,0.5169172932330827,1.0,13.935483870967742,1,-1.7817484092729894
1629002,Chimezie Metu,0.6245359999430651,1.5508216241962374,18.17189258783038,2,-0.38222500313471097
2547,Chris Bosh,0.5751865781442176,1.4631512867415093,20.823324655179462,9,1.689521734179627
201604,Chris Douglas-Roberts,0.4879085268592692,1.0022357723577233,8.07979512269704,2,-1.1087057173841364
2768,Chris Duhon,0.5183683704219669,1.4490690730079554,9.268872253475664,5,0.1563953969271152
2549,Chris Kaman,0.5210424677431964,1.2384241741219606,15.984094202881412,9,0.13941501086022373
2036,Chris Mihm,0.4763233738413228,1.027678773195745,11.96459207788632,4,-0.41694214617072484
101108,Chris Paul,0.5733194324236868,1.8724388101737375,23.364170763024962,17,1.8864318206355857
2404,Chris Wilcox,0.585213076979221,1.2112160926953153,14.329882696869563,7,-0.17003103288388757
1629643,Chuma Okeke,0.6413359148112294,2.5964912280701755,16.665989847715736,1,-1.5546928274426803
203991,Clint Capela,0.6045670644627128,2.06352591179874,22.86330299494274,8,0.9808895913195836
1629632,Coby White,0.583410172977369,1.3136761360033544,20.0982680222384,3,1.2289504024854314
1628998,Cody Martin,0.41510254843022754,1.2544494114889415,9.822130867369859,3,-0.9945101356679614
203469,Cody Zeller,0.5937644426750603,1.431252283883976,18.008979231210436,7,-0.6167282265688524
202332,Cole Aldrich,0.5070794916137594,1.3117274235088505,14.23604976911576,4,-0.6169353207923285
1629012,Collin Sexton,0.6091302148543772,1.3398865511889109,22.5005199884815,4,0.6357849863060923
201147,Corey Brewer,0.5084162569703357,1.1226660316292574,12.480181001150324,9,0.19668280305060137
1894,Corey Maggette,0.5698048534272683,1.1109609034331875,17.697793991512647,10,0.5127803823945314
202709,Cory Joseph,0.5232539423974203,1.392065051487544,12.582087839316461,10,0.2422748478463825
201584,Courtney Lee,0.55847261092979,1.29498058634759,12.361374988385753,8,0.6434121779316312
200783,Craig Smith,0.5739163221635633,1.173615916955017,14.194709897610924,2,-1.030077375045867
1626156,D'Angelo Russell,0.5544116306228465,1.372429076278063,20.60158953955352,7,0.7756506080904513
201571,D.J. Augustin,0.5686411903217566,1.3978929085908334,14.847353928812979,10,0.287102030448432
1628391,D.J. Wilson,0.8032646048109966,2.9743589743589745,31.99111111111111,2,-1.5501186652400172
201591,DJ White,0.2689169139465875,1.3,8.344186046511627,2,-1.9304159148848323
201161,Daequan Cook,0.4531552273624788,0.8987250262881178,7.752048038629002,2,-0.8735452349170685
2563,Dahntay Jones,0.5001969347386894,0.9193137188115966,10.70240041068582,9,-0.815401295837764
1627745,Damian Jones,0.6977012977309227,1.6106108334224314,17.02399307154692,4,-0.7081523276698861
203081,Damian Lillard,0.6026462838715889,1.5456108946880496,27.802806410481114,9,1.9087910344450794
1628422,Damyean Dotson,0.5,2.0,7.542857142857142,1,-1.8879720369259654
2424,Dan Dickau,0.5030643074776211,1.1443980887177294,12.28012474012474,2,-0.6416309986657397
2429,Dan Gadzuric,0.3797530182729774,0.9005476598234146,7.968559480864724,6,-1.205654504717799
1629655,Daniel Gafford,0.7076966254408498,2.0113494077239045,24.358887845860266,3,0.7877710705010209
200789,Daniel Gibson,0.5001424798615196,1.0580173600233804,10.236055004710108,3,-0.3459175073914821
201568,Danilo Gallinari,0.5910844185784455,1.4000766922122412,19.22211573904798,10,0.4502724919498351
101122,Danny Granger,0.5065913940665577,1.0130536316627683,13.76775089429379,6,0.2475337711823558
201980,Danny Green,0.5143769303003165,1.2604924258709849,11.738847342061492,11,0.5979171606880053
201967,Dante Cunningham,0.5327114360404916,1.3521914225268648,10.467216605853737,6,0.1970449606711492
203957,Dante Exum,0.5595633414055647,1.3700821523609135,13.286981364147849,4,-1.0809309541722973
203967,Dario Saric,0.512437336283693,1.1558710654426991,13.011528971614798,5,-0.8426643640074651
1629647,Darius Bazley,0.6802721088435374,2.4166666666666665,16.294736842105262,1,-1.5108093199056727
1629636,Darius Garland,0.5780705469634043,1.4423682874037977,22.19075324992185,3,1.0255612207951792
2032,Darius Miles,0.5080441861123722,1.1343232060185187,13.903886915383822,3,-0.22181585999064604
203121,Darius Miller,0.6176445397730623,1.4593410923198156,14.16332754551049,2,-0.5479381678105822
2443,Darius Songaila,0.5161571418509634,0.9477658753923438,9.497442824909688,4,-0.2373800036376022
2545,Darko Milicic,0.4044520795389166,0.963832221838783,5.066820799138099,6,-0.474447341389355
201589,Darrell Arthur,0.5161137326214126,1.0086670908110515,11.645307554408333,5,-0.437122872631629
201954,Darren Collison,0.5400170158267402,1.4433832668434412,15.434548993674186,7,0.792469186684009
101135,David Lee,0.5662959465270907,1.500644604336164,19.628245862030994,8,1.1887914929870949
2561,David West,0.5503343222720342,1.4586152344025154,18.65090662685316,11,1.4806340830277167
202722,Davis Bertans,0.5881761734143044,1.076304113519964,13.462177907993134,4,-0.6438709158007514
1628368,De'Aaron Fox,0.5718990904711465,1.427229118292226,24.390973402245294,5,1.8870977723672884
1629631,De'Andre Hunter,0.5874964122224456,1.1627316039459281,17.77752669725613,3,0.24502899105695555
1629001,De'Anthony Melton,0.5429927349189831,1.242297059208213,17.055253817101228,4,-0.12220074380783494
201599,DeAndre Jordan,0.6580162193825939,1.985290220657512,18.8723286978869,14,0.8430118575873518
202732,DeAndre Liggins,0.4667282809611829,1.1097922848664687,6.29171270718232,1,-0.869720511374142
1627761,DeAndre' Bembry,0.5853135106270371,1.4439541375728548,12.950617283950619,2,-0.23416461238739134
201971,DeJuan Blair,0.48002880339462745,0.9081227133184743,10.206227918591626,3,-1.0193656476067103
201942,DeMar DeRozan,0.5665300010018834,1.4615784631175648,23.343568082969547,13,2.0876288202131885
202326,DeMarcus Cousins,0.5564129717458092,1.3118623179111475,24.76625772042369,7,1.1413142996615222
201960,DeMarre Carroll,0.5441400946458105,1.2401196995312935,13.753574331118054,7,0.4825811898631976
2205,DeSagana Diop,0.4308271738609201,1.2540881102118666,7.82218833300104,8,-0.7856462453771437
2052,DeShawn Stevenson,0.47883129741923747,1.053317281323418,8.709395117142103,9,0.10557248559337755
1629028,Deandre Ayton,0.6142367370832243,1.7522289690664012,21.700670080739577,4,0.8806439116248067
1627749,Dejounte Murray,0.5545801531745169,1.5576786817693136,24.102536884406504,5,1.3106535333443456
1626153,Delon Wright,0.5365437087790101,1.9887477428528475,16.072854367810333,6,0.18544818570346389
2753,Delonte West,0.5401508088406766,1.425806079928059,13.718235485484765,4,0.08105708136442773
203471,Dennis Schröder,0.5367846954971092,1.292306292535817,17.302763980737204,9,1.062906867811278
1628372,Dennis Smith Jr.,0.48571162284548813,1.4420407891229006,15.421478042240032,3,-0.18983276582054331
1627756,Denzel Valentine,0.5227272727272727,1.0205479452054795,9.664864864864866,1,-1.8375246437162585
2035,DerMarr Johnson,0.5100754391890446,0.9339333021661211,11.709351269255805,3,-1.2130384396537857
101114,Deron Williams,0.5474285294901153,1.43222873571372,18.482042054758917,8,1.6219596523454078
202324,Derrick Favors,0.581614472975422,1.649648776855834,19.352341016492797,8,0.7623407963785291
201565,Derrick Rose,0.5146169269329807,1.2986040136992025,17.737444201804536,11,-0.22540578847536885
1628401,Derrick White,0.5800920177258777,1.5766876898138946,19.385483924851258,5,1.8884399171906334
202682,Derrick Williams,0.44574624814416125,0.9846225068704811,9.699732233143227,3,-0.888320241785075
2046,Desmond Mason,0.48769301994250425,1.0480666181879394,10.032763526170113,6,0.23031173789987422
1904,Devean George,0.4903641201032326,1.0215358969769477,9.555106984123992,7,-0.378191951474145
1626164,Devin Booker,0.594729619384071,1.3805012734749484,26.01358899470703,7,1.7628373660896917
2734,Devin Harris,0.5475470260103421,1.2811728582827013,15.747899121844108,11,0.5137800549503124
1628984,Devonte' Graham,0.5235053062036792,1.3604481743742167,14.613212223670825,2,-0.6500521557934043
1628415,Dillon Brooks,0.5323209171640157,1.004104668960837,15.454594140800946,5,0.7729609677585509
1901,Dion Glover,0.472433683898163,1.0716841298236646,12.345689254425174,2,-0.6774517852331333
203079,Dion Waiters,0.5112905405939244,1.0827210465525718,14.283041781926189,4,-0.5744000926651283
1627734,Domantas Sabonis,0.6313975638562251,1.8747367017242522,25.992625849767393,6,1.9652667548754135
201187,Dominic McGuire,0.45432089969947187,1.380701198962397,9.12976620375147,2,-0.8698696074992323
202700,Donatas Motiejunas,0.45304456441259977,0.770949720670391,4.946073550666454,2,-1.715459032729169
2051,Donnell Harvey,1.0638297872340423,3.5,32.7,1,-1.3781355650003135
1628378,Donovan Mitchell,0.5933331939528959,1.4166895333548233,27.613519782016375,5,1.9176735657769486
1628978,Donte DiVincenzo,0.5877114691752588,1.4274476880572897,17.246795663606974,4,1.2443014722083026
2748,Dorell Wright,0.5224739007045699,1.267514696669087,12.884926458697636,7,0.1619803618081254
203926,Doug McDermott,0.6063671257502439,1.1293733805543862,14.054460989895423,8,-0.4845047702477454
203110,Draymond Green,0.5453039585267275,1.7268937317943032,16.04739480038937,10,1.4996632736534659
2400,Drew Gooden,0.4892018239802667,1.1427868796476783,14.392712538699703,10,-0.11816681870323627
2730,Dwight Howard,0.6137763683620834,1.5457501602125188,21.22526068504609,14,1.6018171196823485
203939,Dwight Powell,0.7050987969506135,1.655492416120236,16.860043986524936,8,0.10893203028567743
2548,Dwyane Wade,0.5460477682351708,1.39864633575853,22.81682373953251,12,1.7821283409454993
202734,E'Twaun Moore,0.5463396680917102,1.2088267831167328,13.211745625743193,6,0.08835522989986151
201947,Earl Clark,0.4453550837689396,0.9396200814111262,8.17530241935484,2,-1.321034245579138
2248,Earl Watson,0.4748353809467624,1.2999743351425341,10.466734188084178,9,0.34587704586024137
2204,Eddie Griffin,0.3082191780821918,0.9420289855072465,5.373913043478261,1,-1.8229948651631596
2067,Eddie House,0.5326984084237754,1.142296932540659,14.07347848296085,7,-0.08473108652474977
2201,Eddy Curry,0.5662019398985714,0.7432897275631846,7.613431494164176,7,-0.37050701082755105
1628410,Edmond Sumner,0.5971186654871731,1.1946902654867255,17.413043478260875,1,-0.4572568781489352
2059,Eduardo Najera,0.5031358940383442,1.0733029443169728,9.635415239519336,8,-0.5590735318993861
202327,Ekpe Udoh,0.5923219555324698,1.7325326133163292,15.74361111111111,3,-0.9349599634294449
203901,Elfrid Payton,0.4370807049852544,1.452158797391754,14.064981908495374,5,-0.22399187394310502
1882,Elton Brand,0.5275630329309533,1.3826533635405736,17.197414872682337,13,1.0061348603259817
2731,Emeka Okafor,0.5487024122692931,1.48900761006269,15.692865153102893,6,0.8338783077031263
1626144,Emmanuel Mudiay,0.4711175129232844,1.3367431803060548,15.503486631016042,2,-1.2752867727158395
202683,Enes Freedom,0.60994352213366,1.651274944342523,22.964683493964255,7,0.5102298799834389
202339,Eric Bledsoe,0.5564285112742284,1.4334962176451052,19.910723527911024,8,1.4886976572545587
201569,Eric Gordon,0.5761292328641041,1.2092766093118266,15.014643888433815,14,0.18765259407643448
201953,Eric Maynor,0.3873771730914588,1.0595744680851065,7.207339449541286,1,-1.4613612754135739
101141,Ersan Ilyasova,0.5484446477047891,1.1896885995246613,15.756061293588147,9,0.36898848474626444
2041,Etan Thomas,0.5465101212319902,1.164497593272372,11.5846953626807,5,-0.8340604409352452
203095,Evan Fournier,0.5437577992767226,1.1291304416266597,15.319818300425535,8,0.5534698142104405
202323,Evan Turner,0.48901177149641734,1.3470999150638814,12.452545972095846,6,0.5048626317592745
2436,Flip Murray,0.4961394323420518,1.1063072699968166,12.976888447094293,4,0.14844415010990045
1922,Francisco Elson,0.4329211668527824,1.0882071845251635,7.388489126854088,5,-1.1318509710870357
101128,Francisco Garcia,0.4952663257960612,1.0863026372240463,10.217443844529507,6,-0.6609961280235317
1628402,Frank Jackson,0.0,0.6666666666666666,-3.8399999999999967,1,-2.161755818289656
1626163,Frank Kaminsky,0.590651318114245,1.6122970716033649,19.386547207823803,4,-0.9900859997080971
1628373,Frank Ntilikina,0.4088483035851456,0.9559704209992027,6.829737690857598,3,-1.1719193102567464
2410,Fred Jones,0.527562346714692,1.197361229510087,10.414656677843647,3,0.11552123661789937
1627788,Furkan Korkmaz,0.5242520990919676,1.2485153974941878,11.980995185070912,3,-0.8482143358640939
203914,Gary Harris,0.5571303311531833,1.21998499317864,11.288253459910198,8,-0.10893920947546526
1629018,Gary Trent Jr.,0.5558380975027623,1.1718301041196966,14.701285161721403,4,0.5181032824590985
201588,George Hill,0.582269565151842,1.5053173883002118,15.660657779945923,11,0.4571909731581489
1627777,Georges Niang,0.5994769843113307,1.0833263731011897,13.302947341618808,5,0.19685917673786674
101123,Gerald Green,0.5363905049820539,1.0076633240186053,13.919758018659367,8,-0.1378194083642398
201945,Gerald Henderson,0.5190353589683594,1.1710856153251126,13.425309199879415,4,0.8245677000137563
2222,Gerald Wallace,0.5422694818640672,1.442760949376352,15.235910927793089,10,1.4014901943875455
203507,Giannis Antetokounmpo,0.6285268889962756,1.7888384755524074,36.16039238601018,9,2.3913853753952345
2240,Gilbert Arenas,0.5164412028345383,1.1883125433506265,17.956600791527535,7,0.30324225260571197
201175,Glen Davis,0.48380912235253337,1.1000798304629813,13.075187248244294,4,-0.04281695532838139
203922,Glenn Robinson III,0.547643273364962,1.2249934299885752,12.194627850987267,3,-0.4770222103540714
1629048,Goga Bitadze,0.6556981161926083,2.039282316447581,20.975957419197616,3,0.21955672910489998
201609,Goran Dragic,0.5460546275223764,1.3132975639995503,17.357766407678326,11,0.922009291502539
1921,Gordan Giricek,0.5424438868878407,0.9921787226687409,11.102869853772383,2,-0.45042856528489156
202330,Gordon Hayward,0.5656169716025087,1.413929317689346,18.19579514121864,10,0.7933086122805761
203476,Gorgui Dieng,0.5783811670271766,1.4318228577341099,17.959816494787216,6,-0.36242318363752934
1629684,Grant Williams,0.5979655814732827,1.3285526294309786,14.418575923179995,3,-0.41278449641362974
1628960,Grayson Allen,0.6235407311479182,1.4600521112622213,17.27616233733048,4,0.8250339673572308
202328,Greg Monroe,0.5612627170538895,1.5308414941045958,21.047334785678952,6,0.3142530743509117
202349,Greivis Vasquez,0.44146404035302145,1.0289554088815696,8.843759996909169,3,-0.8007359537314435
101124,Hakim Warrick,0.526824394583822,1.1562391875930176,14.546258985647661,4,-0.5728152548428315
1628977,Hamidou Diallo,0.5465100427156231,1.4584954604409859,27.017831325301206,2,-1.0927105447442926
203084,Harrison Barnes,0.5954168656675793,1.4722682617566083,16.86897514422504,10,1.3864293867070812
201934,Hasheem Thabeet,0.5357142857142857,0.6506849315068494,2.075,1,-1.7004462978527533
202355,Hassan Whiteside,0.5979240219016155,1.7151219103013513,23.930081791107074,6,1.1436769434972975
2045,Hedo Turkoglu,0.5233931652078566,1.1790110526291595,13.04401747426577,11,0.700270037148711
1627740,Henry Ellenson,0.4758883248730964,1.121212121212121,15.536842105263156,1,-1.8738502378315833
201611,Henry Walker,0.4973851750795817,0.8985849056603774,7.842038216560509,1,-1.038380182549515
200756,Hilton Armstrong,0.4941028554594617,1.2934517589690002,12.35205869331478,2,-1.3006650204777783
101133,Ian Mahinmi,0.5540419415565581,1.1789846657733765,12.623080794113063,8,-0.2068540205935609
101113,Ike Diogu,0.4688530097875146,0.6860250737463126,6.026261398176289,2,-1.548011657033862
202697,Iman Shumpert,0.44045673679053216,1.0013556996269917,7.476912477664683,6,-0.7413845906931787
203477,Isaiah Canaan,0.528917118484816,1.239811410528137,12.700250550910134,2,-1.085865295394034
1628392,Isaiah Hartenstein,0.6174367102703318,1.9013438915215162,19.652377232804376,4,0.8144757607150487
202738,Isaiah Thomas,0.4989563670176346,1.0575815540837794,16.070702299377512,8,-0.3553284000787984
1627826,Ivica Zubac,0.658854256958963,1.8989386132445754,21.175036120351084,6,1.3225305675849484
201581,JJ Hickson,0.5324027290934548,1.360974108686701,17.012199043713068,4,0.4025882994340956
200755,JJ Redick,0.6008894521733105,1.2392316240377468,16.461971646825024,11,0.5649301622771182
2747,JR Smith,0.5093253825697955,1.0701972891170035,12.72216053655879,12,0.40782508720475685
1629630,Ja Morant,0.5513316612900468,1.43291159631786,25.878320164702533,3,-0.38186522803014533
201580,JaVale McGee,0.6003459657035338,1.416230746644361,20.342583485043267,12,-0.316445293035804
203953,Jabari Parker,0.5890293312505083,1.3366418825432937,18.23646238260473,4,-0.6506653597756378
203109,Jae Crowder,0.5535323567225232,1.3147234695976646,13.475805879895866,9,0.3049761337082612
1626143,Jahlil Okafor,0.42866903156799824,0.8938312433971798,17.18782179052838,3,-1.345437539018713
1627774,Jake Layman,0.5385934728453818,1.2565446752390375,12.530416951469583,2,-1.0878945619260438
2054,Jake Tsakalidis,0.5484884878497518,1.1151349834844877,11.14429031806081,3,-1.1037258631138558
2063,Jake Voskuhl,0.47834620235450187,0.860587931709008,7.686362330550604,5,-0.899023996769578
1627751,Jakob Poeltl,0.6424102415025393,1.8801015396868686,21.675103408729314,6,1.0752199142102248
1628973,Jalen Brunson,0.5939716970203828,1.4996762219033835,26.896744433633657,4,1.9123417317859133
1629667,Jalen McDaniels,0.20581644583008574,0.44075829383886256,9.749761019649494,2,-1.4820393850777003
2048,Jamaal Magloire,0.474760184750399,0.9947457784410473,8.435931018589708,8,-0.8035114830091686
2224,Jamaal Tinsley,0.4244586351155074,1.2367611589738685,10.468067201071289,7,-0.24964648673187087
2037,Jamal Crawford,0.5402721671289639,1.2212150513438023,17.238389907990182,16,0.7346115001908765
1627750,Jamal Murray,0.5892206416786896,1.5691260305208543,24.282664905344443,5,1.5238784624078103
2441,Jamal Sampson,0.5952380952380952,1.3888888888888888,10.982400000000004,1,-1.666301005558876
2749,Jameer Nelson,0.5236775652792491,1.2977600478033726,14.08695655867501,10,0.6296606497781714
202341,James Anderson,0.4691759278674774,0.990498812351544,7.010263522884883,1,-0.7620933744665325
203516,James Ennis III,0.5803121891048397,1.2514621984870278,14.715443662770774,4,-0.5002822641130262
201935,James Harden,0.6082997088582884,1.603685258780027,28.544132653135332,13,2.7672344875960477
201949,James Johnson,0.5134235380840522,1.2235129326036658,12.810264788895324,12,-0.3776432282009325
2592,James Jones,0.5840192540390999,1.1066239047015753,10.704435735129257,10,-0.9233603513973324
1899,James Posey,0.5536099445206804,1.1530470347890232,10.970106510242461,8,0.5042201615727976
201162,Jared Dudley,0.5449566084222354,1.2691634313847868,10.81214865394489,10,-0.001288086365228375
2407,Jared Jeffries,0.441046907115568,1.037421693583575,7.76283451610451,7,-0.45988900700294855
203096,Jared Sullinger,0.3661916072842438,0.7272727272727273,6.752542372881357,1,-1.882506169684001
1628991,Jaren Jackson Jr.,0.583068896888321,1.2738010491809446,23.64580689500234,4,1.6537582543355673
1629020,Jarred Vanderbilt,0.5654190355344918,1.5893476979016203,14.574193070789509,4,-0.20043433063432214
1628386,Jarrett Allen,0.6850561457959982,2.356264325865004,24.63111225297051,5,1.5846911339675651
101127,Jarrett Jack,0.5522553269881182,1.38813030466872,14.29625200747237,9,0.4975022060551724
2260,Jarron Collins,0.47350539611757086,0.8240419677231897,5.831659112448352,6,-0.9887774510252794
2553,Jarvis Hayes,0.526031127741253,1.0150013477354172,11.030933888965565,3,-0.10776094284364093
2044,Jason Collier,0.4935664473038011,0.8004722550177096,10.316949152542378,1,-0.15412078995334677
2215,Jason Collins,0.4349379525006969,0.7412703407527768,3.3190745167339575,9,-0.8855441010903714
2078,Jason Hart,0.44800947616752823,1.1167358863921715,8.748614256977627,5,-1.106590927145092
2574,Jason Kapono,0.473137347577928,0.8790034003568362,7.110391366779138,5,-0.7303441763173794
101131,Jason Maxiell,0.48766158263835074,1.1228720659254925,10.136636589173099,6,-0.2414410109773558
2202,Jason Richardson,0.5287155911185873,1.2023187538638427,15.733166780078916,9,1.0283978458874288
201160,Jason Smith,0.5134123557840853,1.0589244130869133,13.019874483596976,7,-0.4513788716637199
1891,Jason Terry,0.5588018354340297,1.291075963132635,14.324449461346621,15,0.9379082676991808
201574,Jason Thompson,0.5286098572203835,1.20686271777883,12.305942588789687,4,0.608255429921626
1629637,Jaxson Hayes,0.7303225272140966,1.772478163384598,17.6344534529449,3,-0.10070549581314749
1627759,Jaylen Brown,0.5747632801409878,1.3075771489125092,23.95005878745629,6,1.6789101706095146
1629669,Jaylen Nowell,0.46225673717457744,1.0821460877431026,11.526435246995996,2,-1.6705443521708843
1628369,Jayson Tatum,0.5760242745794482,1.4832627648813168,27.09904306693527,5,1.790080465580126
201965,Jeff Ayres,0.6015156701540526,1.0872468527640942,11.35978136209463,2,-1.3203942260388297
1902,Jeff Foster,0.5433327697720929,1.4019602066610364,12.735155533353808,9,0.09693838335798384
201145,Jeff Green,0.5731507739410604,1.232997313483876,14.68220096491385,14,0.3597152282915153
201952,Jeff Teague,0.5537721126305133,1.5090802572210071,18.69731269952215,8,1.3901244674455178
203481,Jeff Withey,0.4443127962085308,1.0,9.969230769230768,1,-1.9248902489678492
203924,Jerami Grant,0.5757596331455918,1.2492958755143038,18.27057818558142,8,0.8631026962286674
202379,Jeremy Evans,0.7520493943036616,1.3909411764705883,13.59340981936914,3,-1.3251278019941066
203087,Jeremy Lamb,0.5528807135729455,1.3649879501399609,18.148659562309017,6,0.3213671016111969
1626170,Jerian Grant,0.4488031914893617,0.859375,8.7,1,-1.8155304416732492
2040,Jerome Moiso,0.5902192242833053,1.3934426229508197,11.345454545454544,1,-1.612464789829004
201573,Jerryd Bayless,0.5039871611577126,1.1128093086399151,11.735642842527527,7,-0.2756496385015469
1628975,Jevon Carter,0.5236240355887992,1.2121257902072375,13.858347392773338,4,-0.4259683585304542
202690,Jimmer Fredette,0.48633059418457647,0.8446236559139786,9.723076923076924,2,-1.759105087426463
202710,Jimmy Butler III,0.6035425927678739,1.9204524721259022,27.040646219747465,11,1.658543531650231
201149,Joakim Noah,0.5215291293842106,1.5823720162233714,16.317629260272938,9,0.2242351478363194
201975,Jodie Meeks,0.5693605848832982,1.2671875266882104,15.37575788827768,6,-0.40945219712492803
203925,Joe Harris,0.6080712253189389,1.194411648539119,13.047335726676858,6,0.10354763906451074
2207,Joe Johnson,0.5682055415999805,1.1886161970500138,17.572286072328428,14,1.3557526847066779
203954,Joel Embiid,0.6230271134932547,1.6353744713343599,35.098537973348755,6,1.1670489282276224
2038,Joel Przybilla,0.5248276000184702,1.294758774558611,9.10479431535071,9,-0.3123768929280392
101121,Joey Graham,0.5432293966849413,0.9179550804860979,9.534719205708967,2,-0.7936815865472209
101130,Johan Petro,0.48142769148567593,1.0201017738567366,10.172404942126619,4,-0.7111221600046104
1628381,John Collins,0.6205870968125268,1.4491149703917396,20.142518402087862,5,0.8880564246500743
203089,John Henson,0.5658123242915455,1.5356161649542754,17.161231640569987,4,-0.20240735246507024
203098,John Jenkins,0.5655078184302413,1.4500998003992016,15.579209979209981,2,-1.5102590411515742
2422,John Salmons,0.512993363205296,1.1996446414672226,11.50555130703966,9,0.8165750526877458
202322,John Wall,0.5168247989648592,1.448220560010849,21.560578343405705,7,1.4313463365504298
202720,Jon Leuer,0.5568111658598969,1.2254836412373726,13.998664104245933,4,-0.44621135633090225
201973,Jonas Jerebko,0.5582022353810914,1.2511750794750742,13.078616104228981,5,-0.051377241915713516
202685,Jonas Valančiūnas,0.6180932338996603,1.611644407187224,24.3543367782433,10,1.287531325531728
1886,Jonathan Bender,0.5965152221124985,1.5154757708178512,13.988674255974297,4,-1.5014360398040365
1628371,Jonathan Isaac,0.5400610146320509,1.6930512117584977,17.69727274398076,3,-0.28266334668356646
1628395,Jordan Bell,0.0,0.75,21.6,1,-1.820653134012156
203903,Jordan Clarkson,0.54514075582116,1.1643811753667472,18.712987579245976,8,0.44242072470177046
202348,Jordan Crawford,0.5915817088939581,1.2651072124756335,20.656125672329892,2,-1.3833026000465687
200770,Jordan Farmar,0.5282696742918098,1.3065622900953369,14.528939239330548,6,-0.7136891218322461
202706,Jordan Hamilton,0.4990418396678377,1.1614349775784754,13.421052631578949,1,-1.5056708835210535
201941,Jordan Hill,0.5099425154635799,1.181921161389511,14.67329082408735,4,0.06081168119043719
1629673,Jordan Poole,0.5499462171930597,1.0997801371866345,18.508773358656097,3,0.9088609471649672
2735,Josh Childress,0.34682218039422946,1.6166205978705979,8.47409972798972,4,-1.5334640869752676
1628404,Josh Hart,0.5937979733476568,1.7689818691088088,17.440538889983706,5,1.608164780372577
2572,Josh Howard,0.48152682268668917,1.0277090039006913,13.228683493718009,6,-0.26989914687648386
1628367,Josh Jackson,0.4911944411165688,1.0322085889570551,11.849638554216869,1,-0.6505006277530263
201177,Josh McRoberts,0.44214188914795977,1.1345858900298913,7.767478605919673,7,-0.6804619404041701
1629006,Josh Okogie,0.5515133282886795,1.367797449152886,15.075959372054458,4,-0.16706677566903733
1626196,Josh Richardson,0.5288517239203707,1.1882778384161325,13.127778542625796,6,0.020109799859579044
2746,Josh Smith,0.46963784681762316,1.2255360197566287,15.430475554405055,9,1.587197014453281
201950,Jrue Holiday,0.558968104641237,1.5586207969771593,20.51007758096192,13,1.4385803942422173
2413,Juan Dixon,0.4938930071482012,1.0400408592110506,10.922460265468695,3,-0.23477928113047278
1627823,Juancho Hernangomez,0.5314086755880973,1.3633079498215797,12.208735822892393,3,-0.9467335319349414
203944,Julius Randle,0.5683019478166168,1.361436973365894,22.777685319562263,8,1.797455991516022
1908,Jumaine Jones,0.47143701247305075,0.9318298434369594,8.764719050473738,4,-0.34719582483520134
1626147,Justin Anderson,0.4227668643439585,1.08331342570473,8.912196853188219,2,-1.668104323497428
1628382,Justin Jackson,0.2769907496081925,0.7106537530266342,6.291173416407061,3,-1.7985891666271843
1626159,Justise Winslow,0.4449637702580172,1.1639354927309753,11.618521521953525,4,-1.0277959574339444
203994,Jusuf Nurkić,0.5659360929079107,1.5315856774076502,21.886703069952983,8,0.6356450889852547
2416,Kareem Rush,0.45378023542140483,0.9649466047118285,7.54546669517802,3,-1.0096056404218225
1626157,Karl-Anthony Towns,0.6255761302636588,1.4988438393399925,26.971701236497154,7,1.4116707458948128
202695,Kawhi Leonard,0.6080222400162276,1.6946883647252657,28.93255822619264,10,1.3870377603089663
1628966,Keita Bates-Diop,0.5715805448163556,1.6483410725330725,15.984989314304345,2,-0.0974313167577311
2586,Keith Bogans,0.5695660321452212,1.1438214185075373,8.286339304912344,7,-0.3145360891273748
1629640,Keldon Johnson,0.586331462599928,1.413526975385911,19.963333065438714,3,0.6283564957032086
203482,Kelly Olynyk,0.611378652767678,1.4025388531796852,18.11519190482749,9,0.501247082956257
1626162,Kelly Oubre Jr.,0.5499599782395393,1.1908730911038885,17.374977897131842,7,0.7890490448969292
202689,Kemba Walker,0.5585601379780364,1.4135840676666163,21.685645905194768,8,1.2262305530138735
2570,Kendrick Perkins,0.537233579759324,1.2276449210006826,9.420068339401976,10,0.13231969586790754
202702,Kenneth Faried,0.5846648161355633,1.5309308311903842,20.706869623251993,4,-0.0704803246091049
1903,Kenny Thomas,0.47928330847936645,1.2000425740665452,10.419455988897356,7,-0.06537833267917809
203484,Kentavious Caldwell-Pope,0.5752419401594322,1.3346818314682107,13.761798064430817,9,1.1085663673696329
2030,Kenyon Martin,0.506510440529294,1.2282908500892546,12.701677524674192,11,-0.0031814545871666914
201142,Kevin Durant,0.6399001304464648,1.7020317543845738,29.00206988947017,14,2.0469410368261647
1628989,Kevin Huerter,0.5673770025141394,1.3388501874044927,16.393829977989604,4,0.6928110598966815
1628995,Kevin Knox II,0.5769179029299103,1.224913807112044,15.850476190476192,3,-1.0012447741930273
201567,Kevin Love,0.5619919372015231,1.4652222874737362,21.158445343208207,14,0.4194331526752037
2755,Kevin Martin,0.5682997732701113,1.1502003011371527,17.8878781038932,8,0.5723398789008403
1629645,Kevin Porter Jr.,0.5489871024405023,1.5311457443023584,21.34711799323845,2,0.6033364174789295
202338,Kevin Seraphin,0.5093613747702163,1.1114256338784856,12.913595112344687,3,-0.6709954501689926
1626172,Kevon Looney,0.546659615926904,1.69338251228902,16.039533091194944,7,0.04235397958751836
2039,Keyon Dooling,0.5356247140108231,1.094205728286872,11.26363071458885,9,-0.27637403588381254
203114,Khris Middleton,0.5762231160163378,1.3873589988050559,20.75944435709129,10,0.9404298633593812
2550,Kirk Hinrich,0.5073906815226534,1.1969987785587084,10.869879258809718,9,0.6006204424513065
202691,Klay Thompson,0.5719781906877189,1.2233534008502547,19.233479004155544,9,1.258630513843461
201585,Kosta Koufos,0.5388866459218977,1.3840441944445394,15.14097869809784,7,0.23486033369519832
1627739,Kris Dunn,0.4897332995775155,1.3762670187472317,12.646999005296626,6,-0.20938938121924858
2743,Kris Humphries,0.5235197884564631,1.326083366901326,15.637555525704304,9,0.03128782043928453
204001,Kristaps Porziņģis,0.6072339121161638,1.5087706635620528,26.645179621065196,6,0.6924130220372965
2198,Kwame Brown,0.5188812254584614,1.1728643164671038,10.403376554197513,8,-0.6453127613303958
203937,Kyle Anderson,0.5532958235659615,1.7206737590240164,16.6189656294751,8,0.4996190573526661
2594,Kyle Korver,0.615820320785673,1.2820917431368462,13.474282378190427,13,0.48988753787258377
1628398,Kyle Kuzma,0.5464410972925435,1.2782295627077673,18.196135019370427,5,1.222574621408343
200768,Kyle Lowry,0.560604676464509,1.4658104774707261,17.65848549540113,16,1.2700448438638852
203124,Kyle O'Quinn,0.5644055625486246,1.621177460895363,19.72180234802793,4,-0.21661366970671803
202713,Kyle Singler,0.45834226771920344,0.895260989010989,7.374651111600263,2,-1.5959270002131187
202681,Kyrie Irving,0.5937198872834367,1.4867813077390601,26.604763714828856,10,1.2039960822766225
201178,Kyrylo Fesenko,0.5235602094240838,1.9166666666666667,27.952941176470585,1,-1.8532618446996552
200746,LaMarcus Aldridge,0.5538355060538468,1.463912473955636,22.1216304707103,12,1.5801622355187075
1885,Lamar Odom,0.5264039084343023,1.427656300134259,15.42639653295179,10,1.5971881675588602
202362,Lance Stephenson,0.5019351012632591,1.1931865806139286,13.350985504284225,6,-0.19197579111762123
202361,Landry Fields,0.5270394133822182,1.6103896103896105,10.355555555555556,1,-1.245211501268066
1629013,Landry Shamet,0.5748494485787392,1.1384437480564475,13.602603076548291,4,-0.7079165688541713
1626204,Larry Nance Jr.,0.595416846380151,1.726474909493266,16.267538616844785,7,-0.3031875740439533
202336,Larry Sanders,0.4586462846510112,0.8847826086956523,10.379417169860854,2,-1.269134821910735
1628374,Lauri Markkanen,0.6066199186189513,1.4463636623674796,23.96562097227638,5,0.9100922768410507
202730,Lavoy Allen,0.5085289092072371,1.4292015122007102,11.857186861191229,2,-0.1547810066031279
2544,LeBron James,0.6027695114850417,1.7615285740864441,29.335278490802022,19,2.6230418250833907
2571,Leandro Barbosa,0.5367889093414833,1.12917191261644,15.086013708676385,10,-0.20093154858055057
1924,Lee Nailon,0.5241575687591854,1.0350453763104366,13.747415324174893,2,-0.3856079164011359
200796,Leon Powe,0.5242898858508096,0.9962121212121212,14.941463414634148,1,-1.4458085461853774
101132,Linas Kleiza,0.4943212867615912,0.8763462481872057,10.492482107221386,3,-0.8407416000811175
1629022,Lonnie Walker IV,0.5546180876117234,1.188043697312346,16.488937974833917,3,-0.5071572054790803
1628366,Lonzo Ball,0.5103770710887723,1.5022788467823565,14.700716231409302,3,-0.38287237298385407
2254,Loren Woods,0.5378759975445058,1.2974999999999999,11.797821350762527,2,-1.7176389827642418
203485,Lorenzo Brown,0.3802544247787611,1.0232558139534884,8.173584905660379,1,-1.358420697212203
101150,Lou Williams,0.5519216266269034,1.3199514967365191,19.662634003763063,13,0.5861404617813062
201601,Luc Mbah a Moute,0.501377234347427,1.1451237230971598,9.193780526152677,8,-0.2940858245852417
2449,Luis Scola,0.5222624724985949,1.1515382975519544,15.220010407206997,6,0.5370250559989801
1629029,Luka Dončić,0.606845654465265,1.6300436680966435,33.941968949615855,4,2.328378683499812
202337,Luke Babbitt,0.576057792105489,1.0960731704449,10.821626760243895,4,-0.5106291632705336
1628379,Luke Kennard,0.6563655578430975,1.6132469477749551,16.390640541531663,5,0.09459467272776008
2557,Luke Ridnour,0.5174125522500203,1.2895528321160077,13.18576960909505,8,0.5799688912697524
2575,Luke Walton,0.44263621194604114,1.2016362175299564,9.126830291272801,6,-0.7223697627548707
2736,Luol Deng,0.5258925710409486,1.3753873582735492,14.134134249916757,11,0.8144849356198846
1627763,Malcolm Brogdon,0.5673572103370323,1.5220845601057458,21.779369607320454,5,0.16512831027269886
1627736,Malik Beasley,0.567389164646367,1.18162433157111,15.982061432327999,5,0.710561434645712
1628370,Malik Monk,0.5726290360686003,1.327201242938974,19.423466246355936,5,0.7645838506935353
2055,Mamadou N'diaye,0.4332755632582322,0.7761194029850746,9.466666666666663,1,-1.898842877408251
1938,Manu Ginobili,0.5833437764811464,1.4281900507622336,20.26037788035953,12,0.7288321831019353
202705,MarShon Brooks,0.5176547515257193,1.0230263157894737,13.829457364341089,1,-1.3108662542541922
201188,Marc Gasol,0.5511243751982344,1.5015485279370624,18.003250288043954,9,1.6276944356811014
101162,Marcin Gortat,0.571198830171564,1.6226782680975125,17.094568698872212,8,1.4469792204589587
201158,Marco Belinelli,0.5480078435413849,1.1672984200153356,13.416156701875728,9,0.26037211999260873
2556,Marcus Banks,0.5473113984214971,1.0324865820453801,11.15961754084146,4,-1.4927004679326614
2033,Marcus Fizer,0.528663758628017,1.0021216066348426,12.134265734265735,2,-1.1759515708624155
202694,Marcus Morris Sr.,0.5524685565933101,1.1774621654156403,15.05735085040657,9,0.7014570076981953
203935,Marcus Smart,0.5417729344386577,1.3352565157940883,15.290310581574536,8,0.7102470699473569
201977,Marcus Thornton,0.5074237184677244,1.0635316111784126,14.020834613994811,4,-0.37170481926581506
201596,Mario Chalmers,0.5456742821638497,1.2241780542446317,13.526494326041874,5,1.0677689520721387
1626209,Mario Hezonja,0.5246761764223643,1.1229946524064172,10.77382319173364,1,-0.521192853046084
2058,Mark Madsen,0.37517066800351656,0.7043287702443334,2.7969975806285037,5,-1.513540151088428
1628365,Markelle Fultz,0.506270775070002,1.4487890985213348,17.13195137397123,4,-0.40607392412436305
202693,Markieff Morris,0.514237066163222,1.0841139972854665,12.743419602082966,10,-0.18889772808128796
2060,Marko Jaric,0.4816082917535766,1.1624386028319602,9.477435809164605,3,0.27366847652325693
1627737,Marquese Chriss,0.46544262100098294,1.104521556256572,16.093513166345538,2,-1.5983602982557457
201578,Marreese Speights,0.5299292558357188,1.0510843134569015,18.01990679532274,6,-0.05904099442440086
101110,Martell Webster,0.548092192475995,1.0944708413889017,11.245178918838802,6,0.03338587086490545
1628963,Marvin Bagley III,0.6056159007369957,1.6279867505270713,22.2267352602287,4,-0.42493280446391496
101107,Marvin Williams,0.5548744854995311,1.3849834042173,13.665574530355576,11,0.95374375265268
203486,Mason Plumlee,0.6378920673023203,1.802505846945837,18.34955078215747,9,0.35161882756795065
2043,Mateen Cleaves,0.42997992197827634,1.1743743743743744,8.783557312252965,2,-1.6544024632379963
1629680,Matisse Thybulle,0.5745332314483398,1.646317215662334,16.79258107505586,3,-0.6637202388495772
2440,Matt Barnes,0.5453893183010661,1.2233326572565066,13.160527447507047,10,0.7440913841447003
2588,Matt Bonner,0.5973722790245032,1.3469559740454005,12.742171895402384,8,-0.3060225239187489
203090,Maurice Harkless,0.562298514052053,1.2565760449698478,11.462837584427234,6,0.20874370083167135
2246,Mehmet Okur,0.5319247063396683,1.182023415044737,15.001044529287698,6,0.6239880899194694
2408,Melvin Ely,0.4887415245662483,0.825746366329461,6.419947766425437,5,-1.4848202538664863
1897,Metta World Peace,0.49808548276944964,1.1547238831234752,13.968924571440535,13,0.756059099055931
203086,Meyers Leonard,0.6286491352585257,1.2221908899957192,13.346762454794247,6,-0.8733494703642505
201563,Michael Beasley,0.5329442698072677,1.1393248446433968,17.322507233628716,7,-0.4595009293349693
2214,Michael Bradley,0.4170816733067729,1.099526066350711,7.768937329700273,1,-1.2443799076745963
203487,Michael Carter-Williams,0.4770393241587124,1.2294423443016265,13.825485079698899,5,-0.9399668984994712
203077,Michael Kidd-Gilchrist,0.5082191534972448,1.2361376375844915,12.035515954594093,4,0.26353518512137664
1629008,Michael Porter Jr.,0.6043973164881615,1.4448763316419722,21.696708905505176,3,1.5831108361376027
2072,Michael Redd,0.5308167376103052,1.1784911534808786,17.079471455921325,8,0.38588390480478213
1913,Michael Ruffin,0.42429311337985076,1.040716624280866,7.575874365314325,5,-1.0433267745171664
2554,Mickael Pietrus,0.5246322730284856,0.9768477552741547,10.248139581902555,6,-0.37445233631100167
1628969,Mikal Bridges,0.5784568802082247,1.4878533836309034,18.96748598754121,4,2.211736831370052
201144,Mike Conley,0.5587751749970074,1.5223564957581628,18.752383689789347,15,1.1956168697683494
2399,Mike Dunleavy,0.5638641546219026,1.2520062233911462,14.037551958568038,11,0.4398852364333674
2034,Mike Miller,0.5769221592704438,1.336517232310797,12.132969721227996,13,0.1355419654298375
203488,Mike Muscala,0.5766384031366341,1.2848889491601638,15.347925156478384,7,-0.5857637445857441
203118,Mike Scott,0.5073179355493831,1.114603639272912,10.826023335234902,5,-0.5234164162188603
1628970,Miles Bridges,0.552758540432275,1.4191539727250928,20.762360937329117,3,1.5196753122250988
203101,Miles Plumlee,0.5817705128689984,1.405829643825262,13.697798872285142,3,-1.0429805046504128
1629011,Mitchell Robinson,0.6353377073744665,2.238058990127661,19.497866824047904,4,-0.19964351050483944
1628964,Mo Bamba,0.5471297733694417,1.4321668399013494,16.265558486548954,4,-1.034001739738688
2590,Mo Williams,0.5368005407480733,1.2241377665006292,15.167097297471136,9,0.8254886910001442
101145,Monta Ellis,0.5140218912740664,1.233719425767857,16.758440968582185,8,2.2641681452819657
1628420,Monte Morris,0.5260451452269013,1.654959668067324,15.53963696014884,5,-0.32259785000664243
1626149,Montrezl Harrell,0.6421749969701345,1.7218867076154831,24.053131090879283,4,0.2572816554297794
1629021,Moritz Wagner,0.6281694322906688,1.3862399156475607,22.91577045162609,4,-0.3863606784582517
2050,Morris Peterson,0.5157975807038749,1.0080694126739531,10.649076828288589,7,0.15688535998080902
1626167,Myles Turner,0.6079561761330158,1.478190031920859,19.756819697122065,7,1.2549476482699549
1629642,Nassir Little,0.5722891566265059,1.271604938271605,12.262008733624452,1,-1.0129284185370866
101126,Nate Robinson,0.4427297594389647,1.0747778435375666,13.31364659688096,7,-0.4309069550724925
202357,Nemanja Bjelica,0.5764779986469355,1.384106704697383,16.404770453553155,3,0.19133732367810277
2420,Nenad Krstic,0.5290833885506716,1.1652576759668956,13.317653979079864,3,0.3808125837313726
2403,Nene,0.5782524214353258,1.3497497346508567,17.169109870831196,13,0.48326243251106943
203457,Nerlens Noel,0.5924545564224053,1.5981859754677963,14.969293305149922,5,-0.13283306428062022
1629651,Nic Claxton,0.5974916299292307,1.939749808460079,20.272795040392335,3,1.4284107103487556
2555,Nick Collison,0.5892054978410405,1.2860767505855009,11.781380619837162,10,-0.3281763794106125
201156,Nick Young,0.5318369814052198,0.9523714764338973,12.50936073938914,8,-0.24232358537012605
1629638,Nickeil Alexander-Walker,0.5830159914626766,1.3585184776649708,16.215393009567684,3,1.0384397621687216
201587,Nicolas Batum,0.5688920220206858,1.5822961214100493,13.767655801773852,14,1.0338344730736773
203917,Nik Stauskas,0.5428545843767332,1.127684883088635,12.990132625994693,2,-1.1026634386581369
203999,Nikola Jokić,0.6578364296947525,2.192417289690691,36.35810228195628,7,3.1004779272736775
202703,Nikola Mirotic,0.5841826471771491,1.3617929562433295,20.56481927710844,1,0.11438896845269274
201593,Nikola Pekovic,0.4803975337926001,0.9990315619800333,12.388975932043417,2,-1.0814368672894807
202696,Nikola Vučević,0.5544352962266712,1.6110243006915683,23.438910386391765,11,1.992174663709049
203943,Noah Vonleh,0.4214710611905035,1.0687796230712105,5.361305052796828,4,-0.8999807892791434
1626181,Norman Powell,0.6154237899516133,1.284921056587868,20.410785021414323,7,0.6504511489247096
202708,Norris Cole,0.42324037101911266,0.9497742277563028,9.723293489148581,2,-0.9285070195902523
201564,O.J. Mayo,0.5187958753414771,1.0667564996605985,12.255756764227696,4,0.5790284410424866
1628384,OG Anunoby,0.5876499083111207,1.3456691630740738,17.42199402370535,5,1.3013062586209687
201600,Omer Asik,0.5024290514806126,1.3522672551063963,9.884584024887458,4,-0.4661363491150614
201956,Omri Casspi,0.5766590865010212,1.3802493514988943,14.850486148629377,6,-0.30056480067186625
203490,Otto Porter Jr.,0.5827465365472647,1.554070352970235,16.68853276459549,7,-0.2398186158665155
200782,P.J. Tucker,0.5483097405498354,1.2087667485428621,8.713113300954499,10,0.617105175935789
1629023,P.J. Washington,0.5403288493371038,1.3297650162989592,16.318092398289874,3,0.9836260933534686
1627783,Pascal Siakam,0.5732020493046645,1.4720453302999366,23.853213049551442,6,1.9240416835112972
1626192,Pat Connaughton,0.5767492795938983,1.562069076436266,14.04436573994147,7,-0.20863086268129935
201976,Patrick Beverley,0.5485323701581754,1.3558568348508588,13.816892526969164,8,0.440426689444875
1627775,Patrick McCaw,1.0775862068965516,1.6666666666666667,12.21818181818182,1,-1.3551739755142695
202335,Patrick Patterson,0.5491548078271332,1.3099854288071937,11.616155035528092,7,-0.11578442128504324
201988,Patty Mills,0.5520302353842826,1.2178673851396014,14.255714192468036,12,0.028203093804680463
2200,Pau Gasol,0.5604817899720086,1.7168998025118272,21.19691350345582,14,1.6978699631080223
202331,Paul George,0.5676974392965479,1.3019214640486874,22.093356313756036,12,1.3306754811319916
200794,Paul Millsap,0.5511163798490318,1.394665251360691,19.26349256788819,12,1.4470975179646226
2056,Primoz Brezec,0.4648157984732645,0.82487025809172,8.484850161860084,4,-0.6384637318890755
2047,Quentin Richardson,0.4675552789152422,1.0437853475547891,9.732648518536628,9,0.1793266620324128
203112,Quincy Acy,0.48989190858971726,0.9638991383498636,8.882266719697746,3,-0.963296580843915
202347,Quincy Pondexter,0.5296312914948009,1.1258987925654593,9.833223196910422,3,-0.8056674974405131
1629628,RJ Barrett,0.5709811395149514,1.349348837881502,21.89892404560803,3,0.7296657880543546
200765,Rajon Rondo,0.4917237542465122,1.6615975123618172,15.945906341905276,12,0.7396011721591103
201196,Ramon Sessions,0.5188328584310948,1.3488958695440572,15.478550248938939,7,0.01914942934269658
200751,Randy Foye,0.5177691507809652,1.07546677515962,11.449740649936702,7,0.5465654283587633
2446,Rasual Butler,0.5043643870059136,1.1355941031363677,10.023412469862528,9,-0.18471627393484025
203526,Raul Neto,0.5770224007444343,1.4337145941135514,14.977897992738523,4,-0.2286969797712808
101109,Raymond Felton,0.499797774747857,1.3280806163819157,13.861119382431474,10,0.7635127513851426
203493,Reggie Bullock Jr.,0.5718175831919698,1.241625469278968,11.26357541500137,7,0.19176155498913836
202704,Reggie Jackson,0.5232419750867575,1.2031230454098114,16.258998541791534,10,0.5643692002214515
200764,Renaldo Balkman,0.5560189966720515,1.0282269503546098,11.306004140786747,2,-1.636321353357955
1888,Richard Hamilton,0.5240561686211512,1.1397825851994488,15.583295740320384,10,1.0226935323247248
2210,Richard Jefferson,0.5659099840299919,1.1943518553514727,12.683858048935587,13,0.6532518169143477
1626158,Richaun Holmes,0.6657846552106194,1.683444849293993,19.42840118303165,6,-0.17244586624704572
201937,Ricky Rubio,0.5132335503876435,1.5116732475460475,17.213331997451267,8,1.2516512399940705
1629057,Robert Williams III,0.7120870125431976,2.4456869111280874,21.607337408319488,4,-0.7815529315758488
201577,Robin Lopez,0.5751014849510329,1.3726419312791416,15.179929004787127,12,0.3796044273504759
1934,Rodney Buford,0.4373034591194968,0.9592760180995475,9.362013729977114,1,-0.11957440796324098
200760,Rodney Carney,0.5210042664916311,0.9829787234042552,11.233432835820896,1,-1.3286307905154768
203918,Rodney Hood,0.5286135013077051,1.1687140985219906,10.729344333553266,4,-0.4167102775727985
201155,Rodney Stuckey,0.5142229114768573,1.1759184101373745,14.333182660575133,6,0.2502410692962556
2427,Roger Mason Jr.,0.5221264028922171,1.0697219755774154,9.868651792041614,6,-0.41531861312731416
1626178,Rondae Hollis-Jefferson,0.5362047382689432,1.487126495173879,15.911939627167772,2,-0.9596516182011474
200758,Ronnie Brewer,0.40490225643250505,1.484925845695473,9.569602708638854,4,-0.37642037042853616
101142,Ronny Turiaf,0.4802893448277983,1.2534940946996185,10.64583359251025,6,-0.983538349064146
201579,Roy Hibbert,0.5220606518960507,1.21123397826696,13.849496892617916,5,1.2057696942775535
2767,Royal Ivey,0.4242689805948638,0.8181743230717307,4.048957829169015,6,-1.3116838244672584
200752,Rudy Gay,0.5371739238006875,1.2695207700860824,17.494244122276033,13,0.9098873014946913
1629060,Rui Hachimura,0.6205661436097647,1.4825057137723452,16.217976462225696,3,0.5274185941333148
201566,Russell Westbrook,0.5278527111507202,1.4336991927440004,24.782327353562668,14,2.4068506406665366
201583,Ryan Anderson,0.517059708227173,1.1638117683632485,14.729935039305811,8,-0.08589628882828314
101155,Ryan Gomes,0.44453189523485015,0.9248575152136521,6.70767615201028,4,-0.3158713309314225
200797,Ryan Hollins,0.6481681753127133,1.0474984148957385,10.515217708451425,6,-0.8840273082332457
1626155,Sam Dekker,0.0,0.0,0.0,1,-1.8280050166023882
2223,Samuel Dalembert,0.548521972949734,1.4054947239337248,14.707970335977185,9,1.1106216277525358
2562,Sasha Pavlovic,0.4572333292954167,0.9092252332715841,6.810856911650034,6,-0.9103328408306133
2756,Sasha Vujacic,0.49826658793194856,1.0310905161707764,10.349341112983863,6,-0.5749654099926653
1909,Scott Padgett,0.49052308394247734,1.0300726558633007,10.353104510731239,4,-0.8701360642911637
2742,Sebastian Telfair,0.4864297678785274,1.0902745409970815,11.699802492582123,6,-0.4904871321334236
1628400,Semi Ojeleye,0.4384395132426628,0.972972972972973,8.015763546798029,1,-1.3531668716354408
201586,Serge Ibaka,0.5678621487123114,1.3535904072105607,17.222429983731267,10,0.9296233633268404
200771,Sergio Rodriguez,0.4836825582244287,1.3378500451671185,13.20395517468688,1,0.412856406462365
203498,Shabazz Muhammad,0.5095238095238095,1.175257731958763,16.822966507177036,1,-1.1124648485162294
203894,Shabazz Napier,0.542905352828698,1.3220714567767504,17.702750778097553,2,0.07736460314208923
1628983,Shai Gilgeous-Alexander,0.6405040478706844,1.8185485077010952,36.64104626993442,4,2.733985191242444
1629003,Shake Milton,0.5453852216552151,1.297444052298067,14.119762248581155,3,-0.3786697943200278
2203,Shane Battier,0.5611787913039463,1.3935248267169034,10.70601522877051,9,1.1205939568871846
200769,Shannon Brown,0.48352169021245583,0.9518300921425874,10.143650117904105,5,-0.5422380415193472
2733,Shaun Livingston,0.546459381468597,1.4584197297104924,13.204431543276362,10,0.07472269219016767
1890,Shawn Marion,0.5417297844752612,1.5743670448524105,17.33632456047513,12,2.0418351014856744
200761,Shawne Williams,0.4706430171987974,0.9625613096107575,8.33989108478789,3,-0.7780086008814526
200749,Shelden Williams,0.5323884499637035,1.2370911826601465,11.601134038375417,2,-0.08857961695425662
202714,Shelvin Mack,0.5079354665757032,1.2928996519848028,13.228716302934258,4,-0.13136488654386308
1627746,Skal Labissiere,0.6375,1.8958333333333335,18.61052631578947,2,-1.6381095854407004
203524,Solomon Hill,0.41253959309767696,1.1044685207180571,7.510558686330282,5,-0.9396046237233514
200780,Solomon Jones,0.3282192622532166,0.7445450796248668,4.216255332097395,4,-1.7043780262336305
2049,Speedy Claxton,0.39232019997334455,1.030311327151733,9.86451466288476,3,-0.47524265256478554
203915,Spencer Dinwiddie,0.5528005439808896,1.4083868981736012,17.714167147600726,7,0.798029711520955
201150,Spencer Hawes,0.5222006999257384,1.3058183303850646,14.815707018116647,6,0.4369957240228333
1626169,Stanley Johnson,0.5406888973331033,1.274409516414179,12.933991872793731,4,-0.7792214977856406
201939,Stephen Curry,0.6304717598483911,1.5436309783943913,29.577783515521904,13,1.8952931926404606
1628425,Sterling Brown,0.2475247524752475,1.1593660968660968,8.457324840764329,2,-1.4224563678516793
2581,Steve Blake,0.5228200205150232,1.3903191198525908,10.76058910914656,9,0.32174616569071013
1883,Steve Francis,0.5071052139769727,1.1813995977114504,14.356738488199062,5,1.0665598793247897
200779,Steve Novak,0.5977276019586684,1.083578620435076,11.529137887795319,7,-1.11973151684319
203500,Steven Adams,0.5777224633797994,1.8650763862128172,18.808931490978672,8,0.7820557202806625
2212,Steven Hunter,0.5380221710533846,1.166430420896035,11.180686283986347,4,-0.7114762954278913
2031,Stromile Swift,0.5149133961797325,1.0066517241877753,12.90481054002239,5,-0.4148353409025977
1629004,Svi Mykhailiuk,0.5769658396268569,1.323525601065621,14.916931727972731,4,-0.7901960922369528
2551,T.J. Ford,0.49818268471535215,1.2622871420465434,13.47977232623316,4,-0.1827415547280427
203933,T.J. Warren,0.5558249920391127,1.211800219430207,16.504876872954622,5,-0.5010412283426703
201959,Taj Gibson,0.5519522260346517,1.3393466804685266,14.038477194828097,13,0.08721134837659031
1629659,Talen Horton-Tucker,0.5350623464369565,1.2774581740452995,18.283955998225913,2,-0.3942406873237478
1627752,Taurean Prince,0.588930271688372,1.1914924126964133,12.587787535659386,6,0.010519569099797172
2419,Tayshaun Prince,0.4970995542406106,1.393231064852244,12.489614839226922,10,1.055742271736464
1629611,Terance Mann,0.5892813112022867,1.3907845500431195,13.909246297956395,3,0.4203482854208951
203093,Terrence Jones,0.37019906285961335,1.0028860028860027,4.02391817466562,2,-1.1967510534388772
203082,Terrence Ross,0.5360394288155012,1.1590959421483131,14.690964062680084,7,0.1693627642697185
1626179,Terry Rozier,0.544040811483275,1.3549738284104833,19.182454190819996,6,1.372097353550153
200757,Thabo Sefolosha,0.5544116440357624,1.4902974538656584,12.283831622819175,10,0.18878575557930716
203648,Thanasis Antetokounmpo,0.5172161404340884,1.2032476088359711,11.752495793851375,3,-1.687652014022265
1628418,Thomas Bryant,0.632834532941615,1.651354127809693,21.004379879644183,5,-0.5255005919806871
203080,Thomas Robinson,0.5354603626022041,1.2928416485900216,17.99142857142857,1,-0.9432838452632345
1627748,Thon Maker,0.6567425569176882,1.837837837837838,19.83157894736842,1,-1.6624299776896767
201168,Tiago Splitter,0.5720599918398531,1.3311861899307864,16.667045873146574,3,-0.8854452568191183
203501,Tim Hardaway Jr.,0.5600709136301271,1.1920329297875147,16.15125731943722,9,0.6504473797271708
1627789,Timothe Luwawu-Cabarrot,0.5248510389920888,0.9982832645365133,10.521092805005214,2,-0.5649311141421337
202699,Tobias Harris,0.5741664511668276,1.4883765581927568,19.017197333069046,11,1.6939877602191586
203107,Tomas Satoransky,0.5376978983971674,1.6692281148802888,14.055369710727263,2,-0.1420886763927873
201962,Toney Douglas,0.48415550450045197,1.1336246939624381,11.826396704580667,4,-0.8758777632369972
2754,Tony Allen,0.5243919374102918,1.1824542713863058,13.658023235285814,10,0.42320952426565195
1628396,Tony Bradley,0.6338340474006547,1.7185559412242848,20.674162261163566,4,-1.2014395128154427
2225,Tony Parker,0.5468564621914511,1.4876234807245663,19.178524706468234,14,1.1667650334100057
203503,Tony Snell,0.6021876080713745,1.2894049040053948,10.067573049083332,5,0.01621912170217119
1629027,Trae Young,0.584293708408638,1.5411178389260463,27.386445081656092,4,1.432862451438991
101143,Travis Diener,0.2551020408163265,1.434782608695652,7.811764705882352,1,-2.1530222740638307
2566,Travis Outlaw,0.49023136450498106,1.0650409885884662,12.275961425221116,7,-0.09904398749117485
2239,Trenton Hassell,0.48560006959665375,1.0776144310484295,7.219019901905915,5,0.03444604273599561
2772,Trevor Ariza,0.5331246667384356,1.3622410074552216,13.364709815895248,14,1.1261905239616505
202344,Trevor Booker,0.5450634503309083,1.3980721172953392,15.22687658171219,4,0.4605820296183461
203504,Trey Burke,0.5307572421565584,1.3047960357419714,17.535724290480594,5,-0.661329921641018
1626168,Trey Lyles,0.5787797438719074,1.4999751841139248,15.593722334692025,6,-0.13651905432546182
202684,Tristan Thompson,0.5464752792698804,1.576212456197389,15.44345342233199,9,-0.011479711236098882
1628972,Troy Brown Jr.,0.5353789427681097,1.33341005108344,11.467719311931976,2,0.1248793125290129
2211,Troy Murphy,0.5376554668608992,1.3110151516211108,13.752679624001672,8,0.5503804580649296
1629660,Ty Jerome,0.5903431023630094,1.4484646562614125,23.527568857080894,3,-0.8071358809743675
201951,Ty Lawson,0.5268187589029687,1.5395190229861186,16.765967005386397,4,1.1898375939906831
201946,Tyler Hansbrough,0.560458567427939,1.159394923510386,12.720853933325335,3,-0.6248321175846443
1629639,Tyler Herro,0.591641968463574,1.4746958611015177,23.404774219989815,3,0.6385539210813876
203092,Tyler Zeller,0.49064921105210735,1.1996935963247155,18.205291520404597,4,-1.1827797006948222
201936,Tyreke Evans,0.515040977273003,1.3049304062838771,18.49547046106578,6,0.6044270772591449
200748,Tyrus Thomas,0.6089144085867396,0.7566305226429255,16.573135280838073,4,-0.808147815749574
2199,Tyson Chandler,0.6496130124016876,1.6921036776888334,14.865239450703688,15,0.6679159564558282
1626145,Tyus Jones,0.5343818356535693,1.972517445641369,17.991138848175805,7,0.6537368546148059
203506,Victor Oladipo,0.5391429883388156,1.25744428459553,18.802790763978223,6,-0.0014332191534188938
2209,Vladimir Radmanovic,0.5128979898948576,1.0585366552249584,10.829960753467473,8,-0.21389698190822212
1628427,Vlatko Čančar,0.4615384615384615,1.135135135135135,6.176470588235294,1,-1.6643735446779886
101144,Von Wafer,0.5300916780689793,1.0875261834939254,11.002779951958114,2,-1.0394999595474224
1887,Wally Szczerbiak,0.5649253347065429,1.191326378938882,14.922412041708718,6,0.24114028893851286
1917,Wang Zhi-zhi,0.5208333333333334,1.1408450704225352,15.665934065934064,1,-1.5413575029322755
201961,Wayne Ellington,0.5561837673060552,1.153183044151013,12.502057390917848,9,-0.2402185399540941
1628976,Wendell Carter Jr.,0.5997137609228315,1.48213247634357,17.937178714882933,4,0.8361366960618573
1628411,Wes Iwundu,0.5566801619433198,0.9487179487179488,8.253658536585364,1,-1.6737080460934581
202325,Wesley Johnson,0.49021446909944544,1.0951748865955004,9.768691769029486,5,0.14335174104293155
203115,Will Barton,0.5339284719159147,1.3403396888203518,15.796684271731925,7,0.7198734777717153
1626161,Willie Cauley-Stein,0.570014530775267,1.4968258829258005,13.938794871614704,3,-0.5955462996922147
2584,Willie Green,0.5164346600870519,1.020325933910924,11.143446976863817,8,0.05205156855527698
1626195,Willy Hernangomez,0.594317805888956,1.6362120437541925,23.502887402732863,3,-0.5424746992210152
201163,Wilson Chandler,0.5254743193985517,1.142369583515348,12.7373501629086,8,0.22634675232625623
202333,Xavier Henry,0.4244482173174872,0.75,5.469767441860465,1,-1.9035101109006787
2397,Yao Ming,0.5959430204241583,1.397648975833001,22.694306458222773,4,0.8295650733308159
201146,Yi Jianlian,0.4329241560718983,0.918032786885246,10.309359605911332,1,-1.4601216339847152
1628380,Zach Collins,0.6086351977095623,1.4511996882916858,20.173683167037872,4,-0.03924274501511142
203897,Zach LaVine,0.6024103666757552,1.3512048107915933,22.51563194501625,8,1.2031446812452242
2216,Zach Randolph,0.519454460264419,1.2879239084524163,18.93630247029403,13,1.3703370128924222
2585,Zaza Pachulia,0.5478375877210054,1.3084553536550043,14.251055175138882,12,0.23988202455156357
1629627,Zion Williamson,0.6183594479692949,1.6534658834070175,31.227670500206585,2,0.3209265223755927
