PLAYER_ID,PLAYER_NAME,resid_realized_score_z,resid_TS_PCT_score,resid_VPS_score,resid_GmSc_Per48_score,label_realized_score_z,label_TS_PCT_score,label_VPS_score,label_GmSc_Per48_score,final_label,final_label_num,label_realized_score_z_num,label_TS_PCT_score_num,label_VPS_score_num,label_GmSc_Per48_score_num
1882,Elton Brand,-0.5455185744683759,-0.04423104909348208,-0.16576084119003776,-5.670135826047225,Bust,Bust,Bust,Bust,Bust,2,2,2,2,2
1883,Steve Francis,-0.6097041805692773,-0.04503695272347763,-0.25694648228118444,-7.185633426445898,Bust,Bust,Bust,Bust,Bust,2,2,2,2,2
1884,Baron Davis,0.5340357478049385,-0.019914416690778647,-0.2629633324007592,1.2114955528983522,Neutral,Bust,Bust,Neutral,Neutral,1,1,2,2,1
1885,Lamar Odom,0.8323770449017973,-0.019755263595631067,0.03974458368624112,-1.5188329790100479,Sleeper,Bust,Neutral,Bust,Bust,2,0,2,1,2
1886,Jonathan Bender,-0.7827628703915063,0.08512409585225944,0.43221083797060067,2.389174843740779,Bust,Sleeper,Sleeper,Neutral,Sleeper,0,2,0,0,1
1887,Wally Szczerbiak,-0.6287502989845173,-0.006826696574127489,-0.1884404305333316,-1.5126233892767935,Bust,Bust,Bust,Bust,Bust,2,2,2,2,2
1888,Richard Hamilton,0.430583045790348,-0.02267365503217955,0.12090694782620437,-1.633463490752586,Neutral,Bust,Neutral,Bust,Neutral,1,1,2,1,2
1889,Andre Miller,0.1962208495017348,0.011796547639240762,-0.09060599758851473,-2.612770586284114,Neutral,Neutral,Bust,Bust,Neutral,1,1,1,2,2
1890,Shawn Marion,0.4985791543742295,-0.030399384665931728,-0.1022548326596493,-6.503473483130865,Neutral,Bust,Bust,Bust,Bust,2,1,2,2,2
1891,Jason Terry,-0.34672877868755236,0.021328610291088568,-0.05358133124700415,-3.5892777101425946,Bust,Neutral,Bust,Bust,Bust,2,2,1,2,2
1894,Corey Maggette,0.4010052567073863,0.026281434284025296,0.035843516504277195,2.842743104934142,Neutral,Neutral,Neutral,Neutral,Neutral,1,1,1,1,1
1897,Metta World Peace,-0.11683031704046731,-0.02812939451074553,-0.14466210288017445,-2.060690624967414,Bust,Bust,Bust,Bust,Bust,2,2,2,2,2
1899,James Posey,-0.16401878163567685,0.03231662541326907,-0.05633897698468293,-0.7200010437105977,Bust,Neutral,Bust,Bust,Bust,2,2,1,2,2
1901,Dion Glover,-0.31755571457905507,-0.04681831287359295,-0.07743510448841584,-0.4715428319974375,Bust,Bust,Bust,Bust,Bust,2,2,2,2,2
1902,Jeff Foster,0.7080512021630107,0.03050289681313223,0.13258835505628364,0.9920883647231307,Sleeper,Neutral,Neutral,Neutral,Neutral,1,0,1,1,1
1903,Kenny Thomas,-0.3370584556538232,-0.04726645643151417,0.00021271600748673514,-1.0159124691713348,Bust,Bust,Neutral,Bust,Bust,2,2,2,1,2
1904,Devean George,0.16229698403401932,-0.011806146931405026,-0.10624155406342917,-1.9598757653236945,Neutral,Bust,Bust,Bust,Bust,2,1,2,2,2
1905,Andrei Kirilenko,-0.3266025064058411,-0.03790788812701307,-0.06109562560417414,-5.930854981268141,Bust,Bust,Bust,Bust,Bust,2,2,2,2,2
1908,Jumaine Jones,-0.0819682289191469,-0.05246877750253853,-0.3314603524270072,-3.9155873389952927,Bust,Bust,Bust,Bust,Bust,2,2,2,2,2
1909,Scott Padgett,-0.25354254422863143,-0.02762860854806032,-0.15686814461548604,-2.8542829191618484,Bust,Bust,Bust,Bust,Bust,2,2,2,2,2
1913,Michael Ruffin,0.07240792529661944,-0.044323908444711235,-0.04747298009334244,-0.6136760915470472,Neutral,Bust,Bust,Bust,Bust,2,1,2,2,2
1916,Calvin Booth,-0.2716170213819661,-0.025037164332809947,-0.10493830163755602,-2.526394767703172,Bust,Bust,Bust,Bust,Bust,2,2,2,2,2
1917,Wang Zhi-zhi,-0.5917412764427459,-0.000672667215789069,-0.03318532608093694,2.2827661966281134,Bust,Bust,Bust,Neutral,Bust,2,2,2,2,1
1921,Gordan Giricek,-0.5346826708961839,0.006110668364689542,-0.07186453489295408,-1.2849404124207098,Bust,Neutral,Bust,Bust,Bust,2,2,1,2,2
1922,Francisco Elson,-0.8015927642801505,-0.09858296142596407,-0.15556223430444516,-3.8540098081303213,Bust,Bust,Bust,Bust,Bust,2,2,2,2,2
1924,Lee Nailon,0.16806451402711797,-0.006694421222971814,-0.09558530340379634,0.60284087701279,Neutral,Bust,Bust,Neutral,Neutral,1,1,2,2,1
1934,Rodney Buford,0.6955957577432526,-0.07427753879918192,-0.19347879746105734,-2.3655470680573885,Sleeper,Bust,Bust,Bust,Bust,2,0,2,2,2
1938,Manu Ginobili,0.0027755950925010264,0.04232966392344717,0.059020740660609805,1.6677415655423893,Neutral,Sleeper,Neutral,Neutral,Neutral,1,1,0,1,1
2030,Kenyon Martin,-1.068917404684264,-0.044463100448485005,-0.17759538931270513,-5.3212110734945774,Bust,Bust,Bust,Bust,Bust,2,2,2,2,2
2031,Stromile Swift,-0.5554219623988754,-0.021399813051846683,-0.2624314365210392,-2.6190514826610283,Bust,Bust,Bust,Bust,Bust,2,2,2,2,2
2032,Darius Miles,-0.6461752101247573,-0.021559968197091828,-0.11173834074467148,1.619015145632961,Bust,Bust,Bust,Neutral,Bust,2,2,2,2,1
2033,Marcus Fizer,-0.8720065258613058,0.004695242747779105,-0.12910602686411266,-1.8625032128586927,Bust,Neutral,Bust,Bust,Bust,2,2,1,2,2
2034,Mike Miller,-0.30448053631051997,0.03706577648748077,0.08581374384641394,-2.417150729684842,Bust,Neutral,Neutral,Bust,Neutral,1,2,1,1,2
2035,DerMarr Johnson,-0.9244264238812203,-0.014197914634408226,-0.15029037681523294,-0.1423330353611032,Bust,Bust,Bust,Bust,Bust,2,2,2,2,2
2036,Chris Mihm,-0.14588568367086685,-0.04697334461131525,-0.07329228379278896,-0.264627922356798,Bust,Bust,Bust,Bust,Bust,2,2,2,2,2
2037,Jamal Crawford,0.567935565633401,0.014693130368006568,-0.03773183029200311,2.460626387132999,Neutral,Neutral,Bust,Neutral,Neutral,1,1,1,2,1
2038,Joel Przybilla,0.7351747808340419,0.037547737349660326,0.09875024957410505,-0.9434425728680154,Sleeper,Neutral,Neutral,Bust,Neutral,1,0,1,1,2
2039,Keyon Dooling,0.34161157245355633,0.024366672696326974,-0.005970346365300472,-0.041029326218870565,Neutral,Neutral,Bust,Bust,Neutral,1,1,1,2,2
2040,Jerome Moiso,-0.40705701623423973,0.08921440378591672,0.16672802391037678,-0.5145306250673247,Bust,Sleeper,Neutral,Bust,Bust,2,2,0,1,2
2041,Etan Thomas,-0.3323269885740955,0.011844740047903701,-0.1469598112274597,-1.7807486512964275,Bust,Neutral,Bust,Bust,Bust,2,2,1,2,2
2043,Mateen Cleaves,-0.7215576399126765,-0.07241403287721926,0.0529525236031847,-3.1297973664454997,Bust,Bust,Neutral,Bust,Bust,2,2,2,1,2
2044,Jason Collier,0.8036939838809567,-0.03383837435954079,-0.39453734281417907,-2.0604284305063523,Sleeper,Bust,Bust,Bust,Bust,2,0,2,2,2
2045,Hedo Turkoglu,0.7271028885772894,0.000961465342263601,-0.06293340960388205,-0.13478083112698336,Sleeper,Neutral,Bust,Bust,Bust,2,0,1,2,2
2046,Desmond Mason,-0.16044115041049317,-0.05183828674517593,-0.1447308118277686,-2.509256766943505,Bust,Bust,Bust,Bust,Bust,2,2,2,2,2
2047,Quentin Richardson,0.05581402136616023,-0.05832987725237371,-0.12833914278422176,-5.1761007951773035,Neutral,Bust,Bust,Bust,Bust,2,1,2,2,2
2048,Jamaal Magloire,-1.1708647730813095,-0.06795544405894521,-0.19387623943538257,-5.008734247997845,Bust,Bust,Bust,Bust,Bust,2,2,2,2,2
2049,Speedy Claxton,-0.4282063169841813,-0.12099518486324018,-0.27403681199579233,-3.527024720553669,Bust,Bust,Bust,Bust,Bust,2,2,2,2,2
2050,Morris Peterson,-0.27420273041251286,-0.011075446979580073,-0.17436293242151701,-1.804539194761837,Bust,Bust,Bust,Bust,Bust,2,2,2,2,2
2051,Donnell Harvey,-0.7003100525542894,0.5390652043095611,2.2669559322569537,20.188645695242922,Bust,Sleeper,Sleeper,Sleeper,Sleeper,0,2,0,0,0
2052,DeShawn Stevenson,0.6572298507690948,-0.02023382573955107,0.05855362392342078,-1.2071124166592764,Sleeper,Bust,Neutral,Bust,Bust,2,0,2,1,2
2054,Jake Tsakalidis,-0.49248049137401395,0.025003125450536068,-0.04772393131801711,-0.09570379121382011,Bust,Neutral,Bust,Bust,Bust,2,2,1,2,2
2055,Mamadou N'diaye,-0.8631277437333089,-0.08722557630642419,-0.40618993015877614,-2.679569514300555,Bust,Bust,Bust,Bust,Bust,2,2,2,2,2
2056,Primoz Brezec,0.15273614256456092,-0.058539601837852784,-0.39177671227924016,-4.2316234282714245,Neutral,Bust,Bust,Bust,Bust,2,1,2,2,2
2058,Mark Madsen,-0.7418884312512035,-0.14335129430402838,-0.5099021687237647,-8.258574474217086,Bust,Bust,Bust,Bust,Bust,2,2,2,2,2
2059,Eduardo Najera,-0.003470090675929627,-0.034710107301698434,-0.3207923204103791,-3.65432807194985,Bust,Bust,Bust,Bust,Bust,2,2,2,2,2
2060,Marko Jaric,0.055061719615439125,-0.028213568371786624,-0.17703416736420108,-2.281389753531272,Neutral,Bust,Bust,Bust,Bust,2,1,2,2,2
2063,Jake Voskuhl,-0.28951509248021856,-0.05731081253528886,-0.35990214307353374,-3.7221738853401183,Bust,Bust,Bust,Bust,Bust,2,2,2,2,2
2067,Eddie House,0.38836825554525706,0.018975548304942302,0.012390426017105938,1.4279265947534299,Neutral,Neutral,Neutral,Neutral,Neutral,1,1,1,1,1
2072,Michael Redd,0.25128180651963405,-0.0019505870202272124,-0.08909700275390553,-1.0392248485120241,Neutral,Bust,Bust,Bust,Bust,2,1,2,2,2
2073,Brian Cardinal,-0.06625813164562422,0.01273467352379365,-0.164306273403394,-3.662468287074443,Bust,Neutral,Bust,Bust,Bust,2,2,1,2,2
2078,Jason Hart,-0.6138683386282029,-0.12366516165940955,-0.49515413304607603,-7.318531908440642,Bust,Bust,Bust,Bust,Bust,2,2,2,2,2
2198,Kwame Brown,-0.4467283457166952,-0.0027183522469668153,-0.0020907521597193224,-1.1932744277164975,Bust,Bust,Bust,Bust,Bust,2,2,2,2,2
2199,Tyson Chandler,0.6257059065615321,0.11419807012204353,0.3659911430164895,1.8426094667312167,Sleeper,Sleeper,Sleeper,Neutral,Sleeper,0,0,0,0,1
2200,Pau Gasol,0.3861733666319145,-0.020534763065764183,0.24488020586207448,-1.3853132414462621,Neutral,Bust,Sleeper,Bust,Bust,2,1,2,0,2
2201,Eddy Curry,-0.6501376231668885,-0.0018842056558617815,-0.40682444162088294,-9.018161164645743,Bust,Bust,Bust,Bust,Bust,2,2,2,2,2
2202,Jason Richardson,-0.1256191702929912,-0.012757541838830266,-0.0643195669912533,-2.7354743332311653,Bust,Bust,Bust,Bust,Bust,2,2,2,2,2
2203,Shane Battier,0.31212222835663184,0.01771597428065419,-0.03519657213452909,-2.3925043194707527,Neutral,Neutral,Bust,Bust,Neutral,1,1,1,2,2
2204,Eddie Griffin,-1.877380147633664,-0.20759840543645436,-0.41097031699540076,-8.240326480266575,Bust,Bust,Bust,Bust,Bust,2,2,2,2,2
2205,DeSagana Diop,0.49936997990023235,-0.028449814316057698,0.14917413035235394,-1.4596774483091233,Neutral,Bust,Neutral,Bust,Neutral,1,1,2,1,2
2207,Joe Johnson,0.5963275042286039,0.03576411653802081,-0.07915162706404888,5.0892336418009325,Neutral,Neutral,Bust,Sleeper,Neutral,1,1,1,2,0
2209,Vladimir Radmanovic,-0.356188630066453,-0.0151654593126902,-0.1811001383466193,-2.1262094646540373,Bust,Bust,Bust,Bust,Bust,2,2,2,2,2
2210,Richard Jefferson,-0.09464028093650512,0.012143204834388799,-0.1078659870472678,-3.5119802393338393,Bust,Neutral,Bust,Bust,Bust,2,2,1,2,2
2211,Troy Murphy,0.36410785028476245,-0.0006384688851107656,0.0016169300408190868,-1.080879344323991,Neutral,Bust,Neutral,Bust,Neutral,1,1,2,1,2
2212,Steven Hunter,0.0934962259112232,0.006595802553765462,-0.16646140708877244,-2.0344835899780076,Neutral,Neutral,Bust,Bust,Neutral,1,1,1,2,2
2214,Michael Bradley,-0.20747921613724563,-0.11430387429283462,-0.26504656978232943,-5.038000111461261,Bust,Bust,Bust,Bust,Bust,2,2,2,2,2
2215,Jason Collins,-0.9829421747137013,-0.0754397259281232,-0.40533415530518657,-3.421254819184489,Bust,Bust,Bust,Bust,Bust,2,2,2,2,2
2216,Zach Randolph,1.2746815091180872,-0.022258132057555335,0.10400056705078775,2.2911564809196037,Sleeper,Bust,Neutral,Neutral,Neutral,1,0,2,1,1
2217,Brendan Haywood,0.025477399239431486,-0.013165958746837347,-0.02147661994122929,-0.05888341434567046,Neutral,Bust,Bust,Bust,Bust,2,1,2,2,2
2222,Gerald Wallace,1.9952997174132574,0.03507784667488201,0.24440305984564792,2.519456823585964,Sleeper,Neutral,Sleeper,Neutral,Sleeper,0,0,1,0,1
2223,Samuel Dalembert,1.0742466599341924,0.006313892026682089,0.023539674039296576,1.3634292047756276,Sleeper,Neutral,Neutral,Neutral,Neutral,1,0,1,1,1
2224,Jamaal Tinsley,-0.8367764032545928,-0.08542954710214279,-0.21482192369598674,-3.437610360077917,Bust,Bust,Bust,Bust,Bust,2,2,2,2,2
2225,Tony Parker,0.2841124384188519,0.015732713094076645,0.1715635747750186,4.379706955281138,Neutral,Neutral,Neutral,Sleeper,Neutral,1,1,1,1,0
2239,Trenton Hassell,-0.04944361221702647,-0.03262283069671845,-0.0613802767753846,1.4220094321289931,Bust,Bust,Bust,Neutral,Bust,2,2,2,2,1
2240,Gilbert Arenas,-0.8272519260101405,-0.027973781177343504,-0.10394834291096733,-2.5352865850832345,Bust,Bust,Bust,Bust,Bust,2,2,2,2,2
2243,Brian Scalabrine,-0.37975422706977713,-0.012899329839059392,-0.16560127251849732,-4.056561772018954,Bust,Bust,Bust,Bust,Bust,2,2,2,2,2
2246,Mehmet Okur,0.10137698156635488,-0.020952960585391978,-0.16082747145026066,-2.22039680154697,Neutral,Bust,Bust,Bust,Bust,2,1,2,2,2
2248,Earl Watson,0.42495099021043614,-0.03023480312352117,-0.006969414121456019,-1.7075196177284084,Neutral,Bust,Bust,Bust,Bust,2,1,2,2,2
2250,Bobby Simmons,-0.18875451471855345,-0.10009408449335933,-0.3233673939122582,-5.670980402546731,Bust,Bust,Bust,Bust,Bust,2,2,2,2,2
2254,Loren Woods,-0.7722663349971118,0.0367060845104028,0.19897980916784497,0.9167555228466195,Bust,Neutral,Sleeper,Neutral,Neutral,1,2,1,0,1
2260,Jarron Collins,-0.4057253231777981,-0.04079762951952293,-0.2562593907549805,-3.3470105579833893,Bust,Bust,Bust,Bust,Bust,2,2,2,2,2
2397,Yao Ming,-0.4110013373166118,0.004780989399534197,0.025297876615308024,-0.34037216497712564,Bust,Neutral,Neutral,Bust,Neutral,1,2,1,1,2
2399,Mike Dunleavy,-0.04187820257745606,0.03410005191182319,0.026500268526834514,1.1178324875178234,Bust,Neutral,Neutral,Neutral,Neutral,1,2,1,1,1
2400,Drew Gooden,-0.8055235950990707,-0.06393000403568205,-0.1934249165700055,-2.7057516811948013,Bust,Bust,Bust,Bust,Bust,2,2,2,2,2
2403,Nene,0.6389683681188185,0.0885739550396949,0.2212708791250464,5.680224663993913,Sleeper,Sleeper,Sleeper,Sleeper,Sleeper,0,0,0,0,0
2404,Chris Wilcox,0.26591926980228336,0.04445768179818799,-0.02346934309010873,0.6994620956367612,Neutral,Sleeper,Bust,Neutral,Neutral,1,1,0,2,1
2405,Amar'e Stoudemire,0.47345244275758425,0.04612989674849077,0.06116962717979746,0.7280867813490985,Neutral,Sleeper,Neutral,Neutral,Neutral,1,1,0,1,1
2406,Caron Butler,-0.1857631431318585,-0.011875402434509241,-0.01942351669100595,0.21731869367781442,Bust,Bust,Bust,Neutral,Bust,2,2,2,2,1
2407,Jared Jeffries,-0.307461922301423,-0.07901103872644649,-0.21372287918041866,-2.120170733382041,Bust,Bust,Bust,Bust,Bust,2,2,2,2,2
2408,Melvin Ely,-0.9346116862304908,-0.030649797876890372,-0.2976078141187434,-4.875098850650097,Bust,Bust,Bust,Bust,Bust,2,2,2,2,2
2410,Fred Jones,0.3693477207265116,0.009879552292545002,0.04443687311452016,-0.09008380486394607,Neutral,Neutral,Neutral,Bust,Neutral,1,1,1,1,2
2411,Bostjan Nachbar,1.116099394237056,0.07255683509122463,-0.04092214661863225,2.5932706136030337,Sleeper,Sleeper,Bust,Neutral,Sleeper,0,0,0,2,1
2413,Juan Dixon,-0.054984261820477665,-0.028607224090789585,-0.04308278097903839,-2.889096811742757,Bust,Bust,Bust,Bust,Bust,2,2,2,2,2
2416,Kareem Rush,-0.43134748148671564,-0.057639467094906194,-0.0912800396375556,-3.6371099030937115,Bust,Bust,Bust,Bust,Bust,2,2,2,2,2
2419,Tayshaun Prince,0.5594612648718662,-0.05031735500555845,0.0644102949872627,-0.31438064878179084,Neutral,Bust,Neutral,Bust,Neutral,1,1,2,1,2
2420,Nenad Krstic,0.4226642886547435,-0.012862239063355707,-0.015855812664415714,-0.022465370608031776,Neutral,Bust,Bust,Bust,Bust,2,1,2,2,2
2422,John Salmons,1.180100179569437,0.0038866400095936005,0.0769772387085692,1.5592097381123846,Sleeper,Neutral,Neutral,Neutral,Neutral,1,0,1,1,1
2424,Dan Dickau,-0.1405599158749612,-0.018082924635468456,-0.030254487186868628,-0.9051883823025264,Bust,Bust,Bust,Bust,Bust,2,2,2,2,2
2427,Roger Mason Jr.,0.3058327051359657,0.009159732174565893,-0.0004336237531319398,-2.176689319334841,Neutral,Neutral,Bust,Bust,Neutral,1,1,1,2,2
2429,Dan Gadzuric,-0.9077864679253185,-0.1529955726896422,-0.4950708280297629,-6.705491342939285,Bust,Bust,Bust,Bust,Bust,2,2,2,2,2
2430,Carlos Boozer,0.9795947919192896,-0.019489561423535973,-0.12139139790840936,1.2032292057657124,Sleeper,Bust,Bust,Neutral,Bust,2,0,2,2,1
2436,Flip Murray,0.5045296604288714,-0.010127936838464802,0.04420254843053906,0.8167575868434565,Neutral,Bust,Neutral,Neutral,Neutral,1,1,2,1,1
2440,Matt Barnes,1.2368143107777052,0.020772116062770962,-0.026399462845683397,0.6463787378339969,Sleeper,Neutral,Bust,Neutral,Neutral,1,0,1,2,1
2441,Jamal Sampson,-0.20750265484292485,0.10898650439014007,0.11323263767847136,-0.763748120106337,Bust,Sleeper,Neutral,Bust,Bust,2,2,0,1,2
2443,Darius Songaila,0.04606272628251934,-0.027950678280108443,-0.2816568215554808,-3.955407122432778,Neutral,Bust,Bust,Bust,Bust,2,1,2,2,2
2446,Rasual Butler,0.19017145468742747,-0.018560751185698887,0.015515968394494095,-1.562260907354176,Neutral,Bust,Neutral,Bust,Neutral,1,1,2,1,2
2449,Luis Scola,-0.27158457176928197,-0.03484858085776432,-0.19006523201469827,-3.0657735985727257,Bust,Bust,Bust,Bust,Bust,2,2,2,2,2
2544,LeBron James,0.3178576799571955,0.028705476198195745,0.042477555573880554,-3.7286894530616337,Neutral,Neutral,Neutral,Bust,Neutral,1,1,1,1,2
2545,Darko Milicic,0.3142898546166711,-0.0888283278028934,-0.12073899003415656,-6.073886446406461,Neutral,Bust,Bust,Bust,Bust,2,1,2,2,2
2546,Carmelo Anthony,-0.08206393884155339,-0.028240936231275993,0.057799198628302184,-5.1436776906566095,Bust,Bust,Neutral,Bust,Bust,2,2,2,1,2
2547,Chris Bosh,0.41791794169432706,0.0005915372372575778,0.004998166065087295,0.21597408140891972,Neutral,Neutral,Neutral,Neutral,Neutral,1,1,1,1,1
2548,Dwyane Wade,0.16123545523163907,-0.024316155255954985,-0.10251124384980792,-4.264671005275488,Neutral,Bust,Bust,Bust,Bust,2,1,2,2,2
2549,Chris Kaman,-0.269812540324874,-0.018953735988590514,0.10086295344799012,4.932358610540309,Bust,Bust,Neutral,Sleeper,Bust,2,2,2,1,0
2550,Kirk Hinrich,-0.6561162445895506,-0.022063967962020703,-0.2857567675843433,-5.810792854430453,Bust,Bust,Bust,Bust,Bust,2,2,2,2,2
2551,T.J. Ford,-0.7516050497772533,-0.026267422648544758,-0.13120359987424202,-1.732429366163366,Bust,Bust,Bust,Bust,Bust,2,2,2,2,2
2553,Jarvis Hayes,0.08480298816432999,0.0015071720834113345,-0.12135872941398484,-0.05094880664782231,Neutral,Neutral,Bust,Bust,Neutral,1,1,1,2,2
2554,Mickael Pietrus,-0.12396260541782367,-0.0033643508175705827,-0.17351533300983957,-3.0146115692940914,Bust,Bust,Bust,Bust,Bust,2,2,2,2,2
2555,Nick Collison,-0.48072043255920444,0.044964403469962444,-0.01071999813509028,-0.7312531745417772,Bust,Sleeper,Bust,Bust,Bust,2,2,0,2,2
2556,Marcus Banks,-1.2047763920561945,0.029776843876531567,-0.10794839395944344,-1.315452681624727,Bust,Neutral,Bust,Bust,Bust,2,2,1,2,2
2557,Luke Ridnour,-0.014647685817569811,-0.0031240555702746198,-0.07887034011387772,0.019598602503933193,Bust,Bust,Bust,Neutral,Bust,2,2,2,2,1
2561,David West,1.3981415798974057,-0.000689974152234929,0.11340691650827806,2.330824743404225,Sleeper,Bust,Neutral,Neutral,Neutral,1,0,2,1,1
2562,Sasha Pavlovic,-0.44604330829951705,-0.06199260279299912,-0.15407068110577016,-4.53765275776323,Bust,Bust,Bust,Bust,Bust,2,2,2,2,2
2563,Dahntay Jones,-0.06151649824609784,-0.0069054964649806205,-0.14896984181862527,0.03888507639354977,Bust,Bust,Bust,Neutral,Bust,2,2,2,2,1
2564,Boris Diaw,0.5854171131102408,0.011404579799876413,-0.007519949460435438,1.3168493564943269,Neutral,Neutral,Bust,Neutral,Neutral,1,1,1,2,1
2566,Travis Outlaw,0.4516657490284468,-0.037644467335953224,-0.20394929338619927,-1.520602471898572,Neutral,Bust,Bust,Bust,Bust,2,1,2,2,2
2567,Brian Cook,-0.9370959347143486,-0.07997451807671524,-0.4911329241918957,-6.928934481415548,Bust,Bust,Bust,Bust,Bust,2,2,2,2,2
2568,Carlos Delfino,1.1968898759469846,0.020363764068751955,0.09901121220902809,1.042358749444455,Sleeper,Neutral,Neutral,Neutral,Neutral,1,0,1,1,1
2570,Kendrick Perkins,0.6777260266640598,0.005682947492586354,-0.016449218682261346,-2.167318646572264,Sleeper,Neutral,Bust,Bust,Bust,2,0,1,2,2
2571,Leandro Barbosa,-0.4675197714658755,-0.011892137859993546,-0.1604634409022614,-0.991466791438361,Bust,Bust,Bust,Bust,Bust,2,2,2,2,2
2572,Josh Howard,-0.979363910160012,-0.07091456116301598,-0.37942024956041265,-4.629244608509447,Bust,Bust,Bust,Bust,Bust,2,2,2,2,2
2574,Jason Kapono,-0.3405684920799935,-0.0657636135205939,-0.28277464614682424,-6.062205777712243,Bust,Bust,Bust,Bust,Bust,2,2,2,2,2
2575,Luke Walton,-0.3993353004437534,-0.07618909722664513,-0.04934678044810292,-2.7212527459163596,Bust,Bust,Bust,Bust,Bust,2,2,2,2,2
2581,Steve Blake,0.5050446548656014,0.015998948322116013,0.20478668125593202,0.9208888645315678,Neutral,Neutral,Sleeper,Neutral,Neutral,1,1,1,0,1
2584,Willie Green,0.5530447193651341,-0.004071764453671856,-0.08385942236499289,-1.7418418303685463,Neutral,Bust,Bust,Bust,Bust,2,1,2,2,2
2585,Zaza Pachulia,0.2385203104891332,0.031067571987917764,0.23041459259194652,2.5154635524544418,Neutral,Neutral,Sleeper,Neutral,Neutral,1,1,1,0,1
2586,Keith Bogans,-0.1436601113872063,0.060336564089125466,0.06177700552255505,-1.606638825397777,Bust,Sleeper,Neutral,Bust,Bust,2,2,0,1,2
2588,Matt Bonner,0.029723355114805616,0.05707699093914753,0.08582161154277923,-1.046393042043988,Neutral,Sleeper,Neutral,Bust,Neutral,1,1,0,1,2
2590,Mo Williams,0.5053012865452395,0.008415241189556277,-0.03427139523890177,0.5431710522574971,Neutral,Neutral,Bust,Neutral,Neutral,1,1,1,2,1
2592,James Jones,-0.46596873486239027,0.07359466468378173,0.03292111949959553,-0.5143419233411279,Bust,Sleeper,Neutral,Bust,Bust,2,2,0,1,2
2594,Kyle Korver,0.20377529790228638,0.0844516832378378,0.15004024008741368,1.550713486571368,Neutral,Sleeper,Neutral,Neutral,Neutral,1,1,0,1,1
2730,Dwight Howard,-0.10558776756443211,0.0182230943566829,-0.019570903753419078,-0.5418202606529547,Bust,Neutral,Bust,Bust,Bust,2,2,1,2,2
2731,Emeka Okafor,0.15913398799328182,-0.0008932941596550004,0.0020465054754919,-1.7131519820294603,Neutral,Bust,Neutral,Bust,Neutral,1,1,2,1,2
2732,Ben Gordon,-0.6417843556907387,-0.027782821690068515,-0.02431043364933294,-6.59074672584069,Bust,Bust,Bust,Bust,Bust,2,2,2,2,2
2733,Shaun Livingston,0.46724802831333234,0.020645817882798845,0.14154844282370327,1.8000601105333658,Neutral,Neutral,Neutral,Neutral,Neutral,1,1,1,1,1
2734,Devin Harris,0.21386246395132585,0.012141434247739724,-0.033637436625092,0.34422824738748403,Neutral,Neutral,Bust,Neutral,Neutral,1,1,1,2,1
2735,Josh Childress,-2.0863174922356995,-0.2227107022517424,0.13362437774144809,-5.363342110799085,Bust,Bust,Neutral,Bust,Bust,2,2,2,1,2
2736,Luol Deng,0.008597359971135643,-0.029449404802322166,0.01933813586232569,-3.4830075270115834,Neutral,Bust,Neutral,Bust,Neutral,1,1,2,1,2
2738,Andre Iguodala,-0.7610489116572997,-0.00774529362291243,0.23423927613979045,-1.956491658160779,Bust,Bust,Sleeper,Bust,Bust,2,2,2,0,2
2740,Andris Biedrins,-0.5126664284381824,-0.047049966608573635,-0.31458872991088094,-6.048818535939555,Bust,Bust,Bust,Bust,Bust,2,2,2,2,2
2742,Sebastian Telfair,-0.4188667419293033,-0.018045920731408704,-0.03402641770421688,1.4947268820198616,Bust,Bust,Bust,Neutral,Bust,2,2,2,2,1
2743,Kris Humphries,0.8822180043803995,0.023004729097074073,0.20514041375831327,3.617814677986651,Sleeper,Neutral,Sleeper,Sleeper,Sleeper,0,0,1,0,0
2744,Al Jefferson,0.7146615379678699,-0.030264855560114823,0.008753843999344646,1.0752692147878875,Sleeper,Bust,Neutral,Neutral,Neutral,1,0,2,1,1
2746,Josh Smith,0.1656297374416127,-0.08655060905280587,-0.297953829196566,-3.776237421756079,Neutral,Bust,Bust,Bust,Bust,2,1,2,2,2
2747,JR Smith,0.4549812072241457,-0.01995169026287169,-0.02295894796549125,-2.3974229706768266,Neutral,Bust,Bust,Bust,Bust,2,1,2,2,2
2748,Dorell Wright,0.7621303320205094,-0.008511311661717369,0.017683835708774298,-0.10377657105851235,Sleeper,Bust,Neutral,Bust,Bust,2,0,2,1,2
2749,Jameer Nelson,0.1199887768757052,-0.01596315960669603,-0.031621721676238224,-1.833739240735074,Neutral,Bust,Bust,Bust,Bust,2,1,2,2,2
2753,Delonte West,-0.1373612907025356,0.005604157003788468,0.07590791759158821,0.2881789269692181,Bust,Neutral,Neutral,Neutral,Neutral,1,2,1,1,1
2754,Tony Allen,0.5958115623243861,-0.01655053044783239,-0.03553766035154471,-0.32265757224397795,Neutral,Bust,Bust,Bust,Bust,2,1,2,2,2
2755,Kevin Martin,0.22451983400069442,0.020215935829979603,-0.030808443766990656,0.6273307813621933,Neutral,Neutral,Bust,Neutral,Neutral,1,1,1,2,1
2756,Sasha Vujacic,-0.03056564951210361,-0.008875017013046882,-0.03359811520318967,-0.8947864879558232,Bust,Bust,Bust,Bust,Bust,2,2,2,2,2
2757,Beno Udrih,0.5837829699027546,0.005274051025103699,0.2889546667822107,1.0931387368698022,Neutral,Neutral,Sleeper,Neutral,Neutral,1,1,1,0,1
2760,Anderson Varejao,0.02656497814848774,-0.005879535408184977,0.10341521701715428,3.181645039609199,Neutral,Bust,Neutral,Sleeper,Neutral,1,1,2,1,0
2767,Royal Ivey,-0.7478292300003272,-0.08956297026757015,-0.31684373283203215,-7.151737868674588,Bust,Bust,Bust,Bust,Bust,2,2,2,2,2
2768,Chris Duhon,0.027609360067146177,0.0171194038998419,0.1537198919610634,-0.1796905064608083,Neutral,Neutral,Neutral,Bust,Neutral,1,1,1,1,2
2772,Trevor Ariza,1.5402536929326631,0.006333454400122118,0.09426309667696398,0.4427584204996524,Sleeper,Neutral,Neutral,Neutral,Neutral,1,0,1,1,1
101106,Andrew Bogut,-0.36734751704930635,-0.013802067991962153,0.016962280884718073,-0.5542879694985832,Bust,Bust,Neutral,Bust,Bust,2,2,2,1,2
101107,Marvin Williams,0.49405334885054353,0.014114306255766595,0.19998848299480065,1.1682367662994597,Neutral,Neutral,Sleeper,Neutral,Neutral,1,1,1,0,1
101108,Chris Paul,-0.13038000438656994,0.02362980302859352,-0.26226832388193877,-6.361517681717061,Bust,Neutral,Bust,Bust,Bust,2,2,1,2,2
101109,Raymond Felton,-0.3904570185480579,-0.015009373222551026,-0.05756050538484603,-0.0010155152529982558,Bust,Bust,Bust,Bust,Bust,2,2,2,2,2
101110,Martell Webster,0.7172754082585463,0.07412315068684122,0.14762637033537085,2.2400533736747654,Sleeper,Sleeper,Neutral,Neutral,Sleeper,0,0,0,1,1
101111,Charlie Villanueva,-0.8737022069374998,-0.05022561687069371,-0.27598945257929675,-3.23269993771091,Bust,Bust,Bust,Bust,Bust,2,2,2,2,2
101112,Channing Frye,0.6782439182567264,0.02747093834436065,-0.017442506659752777,-0.6687311126512441,Sleeper,Neutral,Bust,Bust,Bust,2,0,1,2,2
101113,Ike Diogu,-0.8866747046453367,-0.07814168196429855,-0.5101549883479003,-8.42208112870798,Bust,Bust,Bust,Bust,Bust,2,2,2,2,2
101114,Deron Williams,0.32853467557320326,0.003595745964543151,-0.2335678003019226,-1.8120359876390069,Neutral,Neutral,Bust,Bust,Neutral,1,1,1,2,2
101115,Andrew Bynum,0.7943788423980167,0.014395349645035638,0.13807202472373126,3.389373130585179,Sleeper,Neutral,Neutral,Sleeper,Sleeper,0,0,1,1,0
101120,Antoine Wright,-0.47469720438704044,-0.19063751200389562,-0.46470483332370527,-7.08242223949029,Bust,Bust,Bust,Bust,Bust,2,2,2,2,2
101121,Joey Graham,-0.48312300197329694,-0.001038507161146951,-0.23128111225123982,-3.109094193566836,Bust,Bust,Bust,Bust,Bust,2,2,2,2,2
101122,Danny Granger,-0.7880952643050865,-0.057785999243963104,-0.286365019338928,-5.71983858279598,Bust,Bust,Bust,Bust,Bust,2,2,2,2,2
101123,Gerald Green,0.44981832508727415,0.005437755429836488,-0.1073483148002159,0.41136770831365865,Neutral,Neutral,Bust,Neutral,Neutral,1,1,1,2,1
101124,Hakim Warrick,-0.5689778318695123,-0.013949294500961273,0.04817631953109247,0.2161888542266368,Bust,Bust,Neutral,Neutral,Neutral,1,2,2,1,1
101126,Nate Robinson,-0.6490835970376713,-0.0896873387232176,-0.15274888144180987,-3.135305860244925,Bust,Bust,Bust,Bust,Bust,2,2,2,2,2
101127,Jarrett Jack,-0.031378761747912376,0.020425131388978834,0.2038259901040571,3.146348560712907,Bust,Neutral,Sleeper,Sleeper,Sleeper,0,2,1,0,0
101128,Francisco Garcia,-0.8537552137691865,-0.04030255907292335,-0.12414701673813511,-3.3290557463437533,Bust,Bust,Bust,Bust,Bust,2,2,2,2,2
101130,Johan Petro,-0.23276898370318777,-0.033661463174256,-0.09136418142188307,-0.7105894100326839,Bust,Bust,Bust,Bust,Bust,2,2,2,2,2
101131,Jason Maxiell,0.35243255584867583,-0.03877426501509318,-0.15804703299194212,-2.616475329928175,Neutral,Bust,Bust,Bust,Bust,2,1,2,2,2
101132,Linas Kleiza,-0.5996307792505368,-0.03747609321906903,-0.24642435920131245,-3.046764740246381,Bust,Bust,Bust,Bust,Bust,2,2,2,2,2
101133,Ian Mahinmi,0.5383423527058382,-0.004075017121928259,-0.15148499146137784,-1.4761237641916019,Neutral,Bust,Bust,Bust,Bust,2,1,2,2,2
101135,David Lee,0.7542138219294852,-0.002473127353736726,-0.014545806313837062,3.4056451000740218,Sleeper,Bust,Bust,Sleeper,Neutral,1,0,2,2,0
101138,Brandon Bass,1.129104524983194,0.05342999840403384,0.29650845882882115,3.79817959123611,Sleeper,Sleeper,Sleeper,Sleeper,Sleeper,0,0,0,0,0
101139,CJ Miles,0.5044233708463409,-0.034823279055628154,-0.21934452932750204,-0.9128535903004433,Neutral,Bust,Bust,Bust,Bust,2,1,2,2,2
101141,Ersan Ilyasova,0.2842400738267544,0.007074177803590875,-0.1266481420729464,-0.3404360739348906,Neutral,Neutral,Bust,Bust,Neutral,1,1,1,2,2
101142,Ronny Turiaf,-0.6853233312871146,-0.05788096713161994,-0.13877393763040513,-3.4822731831423237,Bust,Bust,Bust,Bust,Bust,2,2,2,2,2
101143,Travis Diener,-1.478864572919135,-0.26875865602898363,0.1612512692764756,-5.370289185696286,Bust,Bust,Neutral,Bust,Bust,2,2,2,1,2
101144,Von Wafer,0.3180713915931217,0.08905303896341599,0.1984886459483043,1.4544424908210285,Neutral,Sleeper,Sleeper,Neutral,Sleeper,0,1,0,0,1
101145,Monta Ellis,1.7507355944357281,-0.035360859893989516,-0.08407803702951022,-0.5583538453270478,Sleeper,Bust,Bust,Bust,Bust,2,0,2,2,2
101150,Lou Williams,0.8819499445046154,0.031002964322140558,0.12354955498688258,4.6005935543274745,Sleeper,Neutral,Neutral,Sleeper,Sleeper,0,0,1,1,0
101154,Andray Blatche,1.0631309342934192,-0.026456927982743794,-0.047309028999405145,2.6593084992805256,Sleeper,Bust,Bust,Neutral,Bust,2,0,2,2,1
101155,Ryan Gomes,-0.7637832866533867,-0.10240225703708644,-0.2989671550109325,-6.706564245733737,Bust,Bust,Bust,Bust,Bust,2,2,2,2,2
101161,Amir Johnson,1.4140930426840774,0.017327666872323566,-0.1486679865580891,-0.5419268714749634,Sleeper,Neutral,Bust,Bust,Bust,2,0,1,2,2
101162,Marcin Gortat,1.762504399790167,0.008914062172629023,0.1077595345654141,1.0398090659621673,Sleeper,Neutral,Neutral,Neutral,Neutral,1,0,1,1,1
200745,Andrea Bargnani,-0.7562156129700436,-0.03778504754127843,-0.07657512237311814,-0.627905986376275,Bust,Bust,Bust,Bust,Bust,2,2,2,2,2
200746,LaMarcus Aldridge,0.6823797994478522,-0.010065983564523484,0.027018499726345846,2.9872742627008186,Sleeper,Bust,Neutral,Sleeper,Sleeper,0,0,2,1,0
200748,Tyrus Thomas,-0.9542089054346189,0.0769265472925994,-0.5277686568848952,1.1534344792782463,Bust,Sleeper,Bust,Neutral,Bust,2,2,0,2,1
200749,Shelden Williams,0.4984824403236427,0.007333480618056276,0.07126890417849197,-0.7532465228278671,Neutral,Neutral,Neutral,Bust,Neutral,1,1,1,1,2
200750,Brandon Roy,-2.081152497179743,-0.13089714669458463,-0.32357164692064955,-10.952403668080574,Bust,Bust,Bust,Bust,Bust,2,2,2,2,2
200751,Randy Foye,0.2753219880742733,-0.01711153813851618,-0.12801362487161816,-2.6633123182778373,Neutral,Bust,Bust,Bust,Bust,2,1,2,2,2
200752,Rudy Gay,-0.363792260006205,-0.02179615481289443,0.06886279893983338,-0.6604887580626162,Bust,Bust,Neutral,Bust,Bust,2,2,2,1,2
200755,JJ Redick,1.1061029044527186,0.07001066457059946,0.09184697428339517,3.693590845881502,Sleeper,Sleeper,Neutral,Sleeper,Sleeper,0,0,0,1,0
200756,Hilton Armstrong,-0.4468840263240661,-0.019993575230804528,0.17760136238695878,1.550352192273058,Bust,Bust,Sleeper,Neutral,Bust,2,2,2,0,1
200757,Thabo Sefolosha,0.2608310525017674,0.0377338648805694,0.2604656648744197,1.7351130622069704,Neutral,Neutral,Sleeper,Neutral,Neutral,1,1,1,0,1
200758,Ronnie Brewer,-0.7117530514396087,-0.1414144430309474,0.1034160454977533,-5.516549242728319,Bust,Bust,Neutral,Bust,Bust,2,2,2,1,2
200760,Rodney Carney,-0.845513800810106,0.0024702626300269204,-0.14817234488007058,-1.544487067681347,Bust,Neutral,Bust,Bust,Bust,2,2,1,2,2
200761,Shawne Williams,-0.08301123158233747,-0.04585727905510717,-0.21208930025607697,-4.298728695884254,Bust,Bust,Bust,Bust,Bust,2,2,2,2,2
200764,Renaldo Balkman,-0.8851547295988796,0.03967665017026789,-0.30971789873789657,-1.8375022192346524,Bust,Neutral,Bust,Bust,Bust,2,2,1,2,2
200765,Rajon Rondo,-0.37652406955685525,-0.032377056644954216,-0.08380736187226079,-1.1453618807644599,Bust,Bust,Bust,Bust,Bust,2,2,2,2,2
200768,Kyle Lowry,1.3500519016474724,0.042399900582262506,0.1616786145329172,4.2657416054064985,Sleeper,Sleeper,Neutral,Sleeper,Sleeper,0,0,0,1,0
200769,Shannon Brown,0.17842348462239643,-0.03531490054634473,-0.21690123755549162,-2.810311398169535,Neutral,Bust,Bust,Bust,Bust,2,1,2,2,2
200770,Jordan Farmar,-0.441120272644763,0.014608424065116976,0.10987878880553881,1.7323862502514782,Bust,Neutral,Neutral,Neutral,Neutral,1,2,1,1,1
200771,Sergio Rodriguez,0.8980699255037599,-0.021795517278945076,0.187867502491897,0.9648282194786191,Sleeper,Bust,Sleeper,Neutral,Sleeper,0,0,2,0,1
200779,Steve Novak,-0.3039311925096405,0.06878994511888459,-0.07217150532858874,-1.765769310192292,Bust,Sleeper,Bust,Bust,Bust,2,2,0,2,2
200780,Solomon Jones,-0.8681893756561462,-0.20300626414874978,-0.4745364151458026,-8.410384586149899,Bust,Bust,Bust,Bust,Bust,2,2,2,2,2
200782,P.J. Tucker,0.5276925498784293,0.017549549880571558,-0.11423931596521086,-2.746120538571553,Neutral,Neutral,Bust,Bust,Neutral,1,1,1,2,2
200783,Craig Smith,-0.9130836067322662,0.022347859456667285,-0.08096659316727384,-1.2735046714414757,Bust,Neutral,Bust,Bust,Bust,2,2,1,2,2
200789,Daniel Gibson,-0.027381422379828435,-0.02725774150662741,-0.1422798508625629,-0.5568037781093675,Bust,Bust,Bust,Bust,Bust,2,2,2,2,2
200794,Paul Millsap,0.9633539907035721,-0.004898494983844093,-0.09103927341006202,1.8334104630218704,Sleeper,Bust,Bust,Neutral,Bust,2,0,2,2,1
200796,Leon Powe,-0.7507669983192405,-0.006240077618444362,-0.19759634502476053,1.241546427994784,Bust,Bust,Bust,Neutral,Bust,2,2,2,2,1
200797,Ryan Hollins,-0.07838606014342986,0.11014899259270328,-0.1633827593951407,-2.0744066588395746,Bust,Sleeper,Bust,Bust,Bust,2,2,0,2,2
201142,Kevin Durant,0.1307156268915024,0.0492596449743441,0.46768561775334416,-0.09034230850909353,Neutral,Sleeper,Sleeper,Bust,Sleeper,0,1,0,0,2
201143,Al Horford,-0.14303941815700827,-0.008674928543067617,0.0451034566865558,0.1259743081842153,Bust,Bust,Neutral,Neutral,Neutral,1,2,2,1,1
201144,Mike Conley,0.43493890029593163,0.030275608371058582,0.10422823028554529,4.673539994082043,Neutral,Neutral,Neutral,Sleeper,Neutral,1,1,1,1,0
201145,Jeff Green,-0.4793163138021285,0.027012840774900626,0.06601879619305517,1.4377680256505432,Bust,Neutral,Neutral,Neutral,Neutral,1,2,1,1,1
201146,Yi Jianlian,-1.37263662895448,-0.093239319401417,-0.23914967677172005,-1.8680784736542275,Bust,Bust,Bust,Bust,Bust,2,2,2,2,2
201147,Corey Brewer,0.2031243923158204,-0.0066335534878583235,-0.0197268345875663,0.7094398800734005,Neutral,Bust,Bust,Neutral,Neutral,1,1,2,2,1
201148,Brandan Wright,0.04529898507004948,0.08793873492011683,0.4784278388857284,4.048918341696851,Neutral,Sleeper,Sleeper,Sleeper,Sleeper,0,1,0,0,0
201149,Joakim Noah,-0.12931045341212719,-0.028198786089114303,0.09312856316541329,1.3899040184066376,Bust,Bust,Neutral,Neutral,Neutral,1,2,2,1,1
201150,Spencer Hawes,0.2544012940145462,-0.014556633405109043,0.011127631062854082,0.6242870369259315,Neutral,Bust,Neutral,Neutral,Neutral,1,1,2,1,1
201155,Rodney Stuckey,-0.30979041278232083,-0.013118460084902028,-0.0903544061636794,-1.4951621252922305,Bust,Bust,Bust,Bust,Bust,2,2,2,2,2
201156,Nick Young,-0.20001910174563886,-0.006484558588700451,-0.0734268378434152,-1.504893017221967,Bust,Bust,Bust,Bust,Bust,2,2,2,2,2
201158,Marco Belinelli,0.6700353906007013,0.02031608479499969,0.045701489468357614,0.4895263456203267,Sleeper,Neutral,Neutral,Neutral,Neutral,1,0,1,1,1
201160,Jason Smith,0.0778827132883505,-0.014874593281189896,-0.13404255905512374,0.5727055724009276,Neutral,Bust,Bust,Neutral,Neutral,1,1,2,2,1
201161,Daequan Cook,-0.34944082747321514,-0.062421568602588406,-0.187128921553796,-3.289008520493735,Bust,Bust,Bust,Bust,Bust,2,2,2,2,2
201162,Jared Dudley,-0.01029692756452561,0.007924982022426308,-0.053447181721143266,-2.355626522562277,Bust,Neutral,Bust,Bust,Bust,2,2,1,2,2
201163,Wilson Chandler,-0.2168341057619956,-0.023301013174760632,-0.16451022808838456,-2.557824600791397,Bust,Bust,Bust,Bust,Bust,2,2,2,2,2
201166,Aaron Brooks,-0.39141096240620776,-0.00904807549320219,-0.07879877196980489,-2.694269874683341,Bust,Bust,Bust,Bust,Bust,2,2,2,2,2
201167,Arron Afflalo,0.7109008686897337,0.011729223683235257,-0.05685376996310243,1.2460888092090538,Sleeper,Neutral,Bust,Neutral,Neutral,1,0,1,2,1
201168,Tiago Splitter,-0.7915676673642339,0.01806634136529295,-0.04823296210890704,0.7518325361472566,Bust,Neutral,Bust,Neutral,Neutral,1,2,1,2,1
201171,Carl Landry,-0.6141261287257324,0.011918657182232728,-0.09979067755464843,0.08617247077993184,Bust,Neutral,Bust,Neutral,Neutral,1,2,1,2,1
201175,Glen Davis,0.23735972825421542,-0.03800766090859903,-0.05037812087104787,1.5009888224691608,Neutral,Bust,Bust,Neutral,Neutral,1,1,2,2,1
201177,Josh McRoberts,0.03678196869413353,-0.0982035982959838,-0.32707162829913616,-6.997315596334976,Neutral,Bust,Bust,Bust,Bust,2,1,2,2,2
201178,Kyrylo Fesenko,-0.6295519644475469,0.011864701792588694,0.6438719544650136,15.593676714919136,Bust,Neutral,Sleeper,Sleeper,Sleeper,0,2,1,0,0
201187,Dominic McGuire,-0.046720421313593774,-0.029955878221170573,0.21688916612676223,0.09837138716906679,Bust,Bust,Sleeper,Neutral,Bust,2,2,2,0,1
201188,Marc Gasol,0.5388842973372572,-0.019553328623186483,-0.0660316276574675,0.5972862538902639,Neutral,Bust,Bust,Neutral,Neutral,1,1,2,2,1
201189,Aaron Gray,-0.13473510321075488,-0.017818724413321774,-0.2445856028826474,-4.4349254090746975,Bust,Bust,Bust,Bust,Bust,2,2,2,2,2
201196,Ramon Sessions,-0.14495022461449106,-0.01018604860629202,-0.006954630581601062,-0.20798414185562208,Bust,Bust,Bust,Bust,Bust,2,2,2,2,2
201563,Michael Beasley,-0.9779042019126625,-0.02141631346764239,-0.06665425473157982,-1.220085262554882,Bust,Bust,Bust,Bust,Bust,2,2,2,2,2
201564,O.J. Mayo,-0.17559607950443923,-0.022058956623644876,-0.055174075428856995,-2.3513939096226313,Bust,Bust,Bust,Bust,Bust,2,2,2,2,2
201565,Derrick Rose,-1.4586113949762205,-0.042076755505102814,-0.17604764603919332,-5.283627805887939,Bust,Bust,Bust,Bust,Bust,2,2,2,2,2
201566,Russell Westbrook,0.8029859658871144,-0.014561251925651053,0.025470382077307008,1.2742663377732093,Sleeper,Bust,Neutral,Neutral,Neutral,1,0,2,1,1
201567,Kevin Love,-0.43822333805898667,-0.004966944154102482,-0.06546725751006965,-2.047594984092676,Bust,Bust,Bust,Bust,Bust,2,2,2,2,2
201568,Danilo Gallinari,0.22973943440552436,0.044305619503182014,0.14481808405439778,3.917655780765015,Neutral,Sleeper,Neutral,Sleeper,Sleeper,0,1,0,1,0
201569,Eric Gordon,-0.20645343406857128,0.025082535080949375,-0.0033894760316943717,-1.0799693946958833,Bust,Neutral,Bust,Bust,Bust,2,2,1,2,2
201571,D.J. Augustin,0.06797867709214228,0.04605126993403397,0.16822088435934557,1.626441344825249,Neutral,Sleeper,Neutral,Neutral,Neutral,1,1,0,1,1
201572,Brook Lopez,0.5174693380013874,0.019390861504267498,0.08584570205366271,0.7437574257255619,Neutral,Neutral,Neutral,Neutral,Neutral,1,1,1,1,1
201573,Jerryd Bayless,0.10734610615040885,-0.017531591359771004,-0.02596510281955755,-1.8326440594558502,Neutral,Bust,Bust,Bust,Bust,2,1,2,2,2
201574,Jason Thompson,0.3000948171588234,-0.013407823118305129,-0.07985144459081117,-1.3538983923525425,Neutral,Bust,Bust,Bust,Bust,2,1,2,2,2
201575,Brandon Rush,-1.220566002726075,-0.05166211337408927,-0.1991595303487279,-3.6416422980759053,Bust,Bust,Bust,Bust,Bust,2,2,2,2,2
201576,Anthony Randolph,-0.574043858914502,-0.019436370201197706,-0.13623594532469485,-1.0706309041630693,Bust,Bust,Bust,Bust,Bust,2,2,2,2,2
201577,Robin Lopez,0.8841657553265594,0.03471105409592845,0.16673046198998653,1.3106945839080595,Sleeper,Neutral,Neutral,Neutral,Neutral,1,0,1,1,1
201578,Marreese Speights,0.2714252801341174,-0.008680043714141994,-0.16578890729527784,2.801646489240227,Neutral,Bust,Bust,Neutral,Neutral,1,1,2,2,1
201579,Roy Hibbert,0.655742616398108,-0.030036264150471892,-0.11981293529690973,-4.061927662174691,Sleeper,Bust,Bust,Bust,Bust,2,0,2,2,2
201580,JaVale McGee,-0.43390749662714106,0.04974094775616644,0.0012560352684969356,3.764396967768903,Bust,Sleeper,Neutral,Sleeper,Sleeper,0,2,0,1,0
201581,JJ Hickson,0.47982992200738617,-0.0037019653796622753,0.2014390559506558,3.1546554793852533,Neutral,Bust,Sleeper,Sleeper,Sleeper,0,1,2,0,0
201582,Alexis Ajinca,0.5377984751339908,0.02560181314340415,-0.04855059960012276,2.3928040644922657,Neutral,Neutral,Bust,Neutral,Neutral,1,1,1,2,1
201583,Ryan Anderson,-0.10116342743046357,-0.024581185395515348,-0.09134107579512407,-1.5981386164040572,Bust,Bust,Bust,Bust,Bust,2,2,2,2,2
201584,Courtney Lee,0.40486314892382197,0.021330126891636825,0.09632011739250546,0.4411908850644082,Neutral,Neutral,Neutral,Neutral,Neutral,1,1,1,1,1
201585,Kosta Koufos,1.0979115767191119,0.008935028199337225,0.12325279271845946,1.6578469756661658,Sleeper,Neutral,Neutral,Neutral,Neutral,1,0,1,1,1
201586,Serge Ibaka,0.15586419245763095,-0.021990143342353052,-0.30212605540992277,-1.5867777564538201,Neutral,Bust,Bust,Bust,Bust,2,1,2,2,2
201587,Nicolas Batum,0.784986676959605,0.01548169280300371,0.27307528918919566,-0.8095758910804811,Sleeper,Neutral,Sleeper,Bust,Sleeper,0,0,1,0,2
201588,George Hill,0.3460207202050358,0.04649095753002763,0.21855869661121274,1.9560262852312817,Neutral,Sleeper,Sleeper,Neutral,Sleeper,0,1,0,0,1
201589,Darrell Arthur,-0.031125238814668943,-0.0049136251928240116,-0.17259507229586135,-1.0769286974879897,Bust,Bust,Bust,Bust,Bust,2,2,2,2,2
201591,DJ White,-1.271167467561729,-0.2959923729122466,-0.13393470937236862,-6.875473629058355,Bust,Bust,Bust,Bust,Bust,2,2,2,2,2
201593,Nikola Pekovic,-1.169751386922342,-0.08112217218605344,-0.2647967368355295,-4.565544535354004,Bust,Bust,Bust,Bust,Bust,2,2,2,2,2
201596,Mario Chalmers,0.6547765715542371,0.02841391705011931,0.003235239948214952,2.8516089873202706,Sleeper,Neutral,Neutral,Neutral,Neutral,1,0,1,1,1
201599,DeAndre Jordan,0.8814319318464747,0.08566561280169227,0.41820712562815654,4.620848872201005,Sleeper,Sleeper,Sleeper,Sleeper,Sleeper,0,0,0,0,0
201600,Omer Asik,-0.24871415095674437,-0.03550837517459793,0.008647163261701563,-2.753255431256358,Bust,Bust,Neutral,Bust,Bust,2,2,2,1,2
201601,Luc Mbah a Moute,-0.359093802565446,-0.029178318445628237,-0.12254495785034769,-0.9522409162621557,Bust,Bust,Bust,Bust,Bust,2,2,2,2,2
201604,Chris Douglas-Roberts,-0.49632575579426474,-0.036147207267965054,-0.14160794826559164,-3.8459222760582836,Bust,Bust,Bust,Bust,Bust,2,2,2,2,2
201609,Goran Dragic,1.0260021352527473,0.021326337002835483,0.07087417179014488,2.828252280237713,Sleeper,Neutral,Neutral,Neutral,Neutral,1,0,1,1,1
201611,Henry Walker,-0.3674454119938185,-0.05120631720397084,-0.39839740555894276,-6.012526115335641,Bust,Bust,Bust,Bust,Bust,2,2,2,2,2
201933,Blake Griffin,-1.0469388745020822,-0.03677454283014614,-0.32829670974976555,-8.73514018511413,Bust,Bust,Bust,Bust,Bust,2,2,2,2,2
201934,Hasheem Thabeet,-0.869032219908579,-0.0006268752693822099,-0.6502771548575202,-10.49607229787221,Bust,Bust,Bust,Bust,Bust,2,2,2,2,2
201935,James Harden,1.9194300132303872,0.05780612571725574,0.3012009902903554,8.581277083581252,Sleeper,Sleeper,Sleeper,Sleeper,Sleeper,0,0,0,0,0
201936,Tyreke Evans,-0.3332752899253647,-0.030230938975199573,-0.06531155363418972,-0.5075784987066108,Bust,Bust,Bust,Bust,Bust,2,2,2,2,2
201937,Ricky Rubio,0.8084811065937434,0.011339809520221067,0.03491606169732342,2.730466502387042,Sleeper,Neutral,Neutral,Neutral,Neutral,1,0,1,1,1
201939,Stephen Curry,0.6274853205868451,0.06329640950816562,0.03755537861388847,6.950017244800662,Sleeper,Sleeper,Neutral,Sleeper,Sleeper,0,0,0,1,0
201941,Jordan Hill,0.7804517057478285,-0.02183577615490484,-0.07483258327409215,1.2451055574862018,Sleeper,Bust,Bust,Neutral,Bust,2,0,2,2,1
201942,DeMar DeRozan,1.4274174337424792,0.02134660092737839,0.3965551567186729,8.921686356434334,Sleeper,Neutral,Sleeper,Sleeper,Sleeper,0,0,1,0,0
201943,Brandon Jennings,-0.892661212831587,-0.03648658950848488,-0.003576846441217141,-3.2744302980186593,Bust,Bust,Bust,Bust,Bust,2,2,2,2,2
201945,Gerald Henderson,0.8635695293386493,-0.01076129232815548,-0.006309592667937736,-0.5453222556989328,Sleeper,Bust,Bust,Bust,Bust,2,0,2,2,2
201946,Tyler Hansbrough,-0.1886365427507416,0.05023144563394766,0.11325039627963718,-0.0015409913577943968,Bust,Sleeper,Neutral,Bust,Bust,2,2,0,1,2
201947,Earl Clark,-0.5196679801068251,-0.06129383862352544,-0.19354513708572174,-3.427936229098343,Bust,Bust,Bust,Bust,Bust,2,2,2,2,2
201948,Austin Daye,-0.8891598898367391,-0.06852961417489567,-0.2595223000954554,-2.3239857939542823,Bust,Bust,Bust,Bust,Bust,2,2,2,2,2
201949,James Johnson,-0.06323410174721056,-0.012477395283728154,-0.02516471693420086,-0.5320093855712678,Bust,Bust,Bust,Bust,Bust,2,2,2,2,2
201950,Jrue Holiday,0.3783384525090083,0.02415091961905913,0.15339593726221,4.565250838007012,Neutral,Neutral,Neutral,Sleeper,Neutral,1,1,1,1,0
201951,Ty Lawson,0.5217873218220144,-0.025533868030285234,0.01091590531944453,-1.6810954531886075,Neutral,Bust,Neutral,Bust,Neutral,1,1,2,1,2
201952,Jeff Teague,1.0836770376507738,0.025042449511168074,0.19755057262546827,3.6786298191539615,Sleeper,Neutral,Sleeper,Sleeper,Sleeper,0,0,1,0,0
201953,Eric Maynor,-0.8630999366458686,-0.12013543003525762,-0.12124960438045873,-4.377491539201267,Bust,Bust,Bust,Bust,Bust,2,2,2,2,2
201954,Darren Collison,0.041521374259696375,-0.0031425760172514305,0.09956639153153479,0.2755606443233276,Neutral,Bust,Neutral,Neutral,Neutral,1,1,2,1,1
201956,Omri Casspi,-0.010490841568890408,0.05984958948301988,0.1924230668003155,2.4120497035818858,Bust,Sleeper,Sleeper,Neutral,Sleeper,0,2,0,0,1
201957,Byron Mullens,-0.27673775605720896,0.05147294269979491,-0.20878349850042277,1.3845260514222382,Bust,Sleeper,Bust,Neutral,Bust,2,2,0,2,1
201959,Taj Gibson,0.032000045550673956,0.016383498425005194,0.009596528342725286,0.6692799161671381,Neutral,Neutral,Neutral,Neutral,Neutral,1,1,1,1,1
201960,DeMarre Carroll,1.2925232694255575,0.03329607349872887,0.1090765446181694,1.8919825260703682,Sleeper,Neutral,Neutral,Neutral,Neutral,1,0,1,1,1
201961,Wayne Ellington,0.14589435867455786,0.03170180531124178,0.07651361563014558,1.6872663353242405,Neutral,Neutral,Neutral,Neutral,Neutral,1,1,1,1,1
201962,Toney Douglas,-0.6854372030498392,-0.03574160618575567,-0.06439327252425242,-2.118694171136326,Bust,Bust,Bust,Bust,Bust,2,2,2,2,2
201965,Jeff Ayres,-0.5540305572185432,0.04826250392512432,-0.22995287747048754,-2.3017032535106026,Bust,Sleeper,Bust,Bust,Bust,2,2,0,2,2
201967,Dante Cunningham,0.5449323176638378,0.01014350363785943,0.10608469128648479,-1.2640428867301114,Neutral,Neutral,Neutral,Bust,Neutral,1,1,1,1,2
201971,DeJuan Blair,-1.0053721833438594,-0.05806299406886695,-0.37954141389565077,-5.331820802988801,Bust,Bust,Bust,Bust,Bust,2,2,2,2,2
201973,Jonas Jerebko,0.10650386906845724,0.01733364242551738,-0.011631061647636276,-0.4320249714897777,Neutral,Neutral,Bust,Bust,Neutral,1,1,1,2,2
201975,Jodie Meeks,-0.2191511458385567,0.047472971588331525,0.2117052380520601,4.4533814479647535,Bust,Sleeper,Sleeper,Sleeper,Sleeper,0,2,0,0,0
201976,Patrick Beverley,0.3457899028261665,0.023703424958138486,0.008038985670905552,0.7821438693943019,Neutral,Neutral,Neutral,Neutral,Neutral,1,1,1,1,1
201977,Marcus Thornton,-0.663562001546106,-0.03804726742355735,-0.15216699587338467,-3.596288111260453,Bust,Bust,Bust,Bust,Bust,2,2,2,2,2
201978,Chase Budinger,-0.19171535331818407,-0.015083090315975989,-0.0595223280131576,-2.817387796952456,Bust,Bust,Bust,Bust,Bust,2,2,2,2,2
201980,Danny Green,1.009473763320799,-0.01415718411493705,-0.07806787355663514,-2.505664991191921,Sleeper,Bust,Bust,Bust,Bust,2,0,2,2,2
201985,AJ Price,-1.0847783522702963,-0.04480283926689266,-0.0659616882759333,-0.4723749858904309,Bust,Bust,Bust,Bust,Bust,2,2,2,2,2
201988,Patty Mills,0.7433820144584207,0.011288583519112994,-0.05653467852926175,-0.5874206017126529,Sleeper,Neutral,Bust,Bust,Bust,2,0,1,2,2
202322,John Wall,0.14527601462736173,-0.01773238578319647,-0.07293845216458972,0.8925254481157303,Neutral,Bust,Bust,Neutral,Neutral,1,1,2,2,1
202323,Evan Turner,0.05589388258466532,-0.039408760926213704,0.09826096095618775,-0.42466262798262555,Neutral,Bust,Neutral,Bust,Neutral,1,1,2,1,2
202324,Derrick Favors,0.4765904645332002,0.03712765454944944,0.30659314092560064,3.5580817917478686,Neutral,Neutral,Sleeper,Sleeper,Sleeper,0,1,1,0,0
202325,Wesley Johnson,0.09607651908581265,-0.030612727766877346,-0.05503925579165925,-1.2792776663692145,Neutral,Bust,Bust,Bust,Bust,2,1,2,2,2
202326,DeMarcus Cousins,-0.14703824675890753,0.0003859306201514645,-0.03673690937560736,0.3980332105703148,Bust,Neutral,Bust,Neutral,Neutral,1,2,1,2,1
202327,Ekpe Udoh,-0.42895862260526585,0.08411447845908437,0.5674676000544376,5.88684019415148,Bust,Sleeper,Sleeper,Sleeper,Sleeper,0,2,0,0,0
202328,Greg Monroe,-0.6882155037792108,0.009461104021874944,0.08615043214685714,2.4302665121942937,Bust,Neutral,Neutral,Neutral,Neutral,1,2,1,1,1
202329,Al-Farouq Aminu,0.2673537394027017,-0.02448554746832371,0.15609799740191743,1.6411302153713798,Neutral,Bust,Neutral,Neutral,Neutral,1,1,2,1,1
202330,Gordon Hayward,0.27905190005151004,0.022465895146632442,0.12618759079365915,3.2162227044071052,Neutral,Neutral,Neutral,Sleeper,Neutral,1,1,1,1,0
202331,Paul George,0.2759065063002848,0.02090667894382714,-0.044085628019227885,2.872623213109449,Neutral,Neutral,Bust,Neutral,Neutral,1,1,1,2,1
202332,Cole Aldrich,0.30954532564575066,-0.03981023602044198,-0.011746513409788495,0.47686993591535654,Neutral,Bust,Bust,Neutral,Neutral,1,1,2,2,1
202333,Xavier Henry,-1.1008038424282724,-0.08754499901448726,-0.41268762051876684,-6.612053591528732,Bust,Bust,Bust,Bust,Bust,2,2,2,2,2
202335,Patrick Patterson,0.05376246393072574,0.005353073505110828,-0.02694906882563064,-2.1905193717218943,Neutral,Neutral,Bust,Bust,Neutral,1,1,1,2,2
202336,Larry Sanders,-0.8908097375438733,-0.06327570161030427,-0.5078601501255249,-3.9302360114425223,Bust,Bust,Bust,Bust,Bust,2,2,2,2,2
202337,Luke Babbitt,0.48496078877966364,0.07490674217901283,-0.03662668720933482,-1.1451987018968897,Neutral,Sleeper,Bust,Bust,Bust,2,1,0,2,2
202338,Kevin Seraphin,-0.18493078511423472,-0.022650815712962902,0.0005290116583400728,0.702027072107013,Bust,Bust,Neutral,Neutral,Neutral,1,2,2,1,1
202339,Eric Bledsoe,1.4159639941170077,0.0301739815580101,0.1684645801897804,5.433799385798897,Sleeper,Neutral,Neutral,Sleeper,Sleeper,0,0,1,1,0
202340,Avery Bradley,0.796437495058801,-0.0011720125122672842,-0.07607930554466824,-0.5509368605780658,Sleeper,Bust,Bust,Bust,Bust,2,0,2,2,2
202341,James Anderson,-0.20051269769799807,-0.04986454008862584,-0.1590735252564338,-4.927702252270838,Bust,Bust,Bust,Bust,Bust,2,2,2,2,2
202344,Trevor Booker,0.7438299013642016,-0.000259283784303177,-0.006110097264591996,1.4990243964248062,Sleeper,Bust,Bust,Neutral,Bust,2,0,2,2,1
202347,Quincy Pondexter,-0.0633757996654567,0.010187043659675266,-0.0386665309477765,-1.2278702394538659,Bust,Neutral,Bust,Bust,Bust,2,2,1,2,2
202348,Jordan Crawford,-1.4616712763595163,0.06692831057122628,0.1732599577604239,6.076385276482439,Bust,Sleeper,Neutral,Sleeper,Sleeper,0,2,0,1,0
202349,Greivis Vasquez,-1.0276458451484733,-0.07999146829567866,-0.2718846086834057,-4.799659938771454,Bust,Bust,Bust,Bust,Bust,2,2,2,2,2
202355,Hassan Whiteside,1.657558766181844,0.08726627996565905,0.2927677148444823,7.2968206408061,Sleeper,Sleeper,Sleeper,Sleeper,Sleeper,0,0,0,0,0
202357,Nemanja Bjelica,0.27594432855853096,0.03730905511871896,0.03384972848047019,2.079142210010133,Neutral,Neutral,Neutral,Neutral,Neutral,1,1,1,1,1
202361,Landry Fields,-1.0377293751057293,0.0051361178533754215,0.3492694921085304,-0.4814927987649664,Bust,Neutral,Sleeper,Bust,Bust,2,2,1,0,2
202362,Lance Stephenson,0.04994570116221192,-0.009485644551515349,-0.010767599701742014,2.0124968069208755,Neutral,Bust,Bust,Neutral,Neutral,1,1,2,2,1
202379,Jeremy Evans,-0.6249334771689458,0.18678303379402483,-0.08686338104761093,-1.7513298664504973,Bust,Sleeper,Bust,Bust,Bust,2,2,0,2,2
202681,Kyrie Irving,0.035406997151392616,0.0311085520447002,0.06339283838334375,2.651685196265717,Neutral,Neutral,Neutral,Neutral,Neutral,1,1,1,1,1
202682,Derrick Williams,-0.7920642365275049,-0.07993085687320178,-0.12981910643068417,-3.167613442769353,Bust,Bust,Bust,Bust,Bust,2,2,2,2,2
202683,Enes Freedom,0.33340703510818503,0.04436862059017166,0.383041582013278,6.023410181438294,Neutral,Sleeper,Sleeper,Sleeper,Sleeper,0,1,0,0,0
202684,Tristan Thompson,-0.32369824122812085,0.011493357298563822,0.27280960329373105,2.9645843348152017,Bust,Neutral,Sleeper,Sleeper,Sleeper,0,2,1,0,0
202685,Jonas Valančiūnas,0.7814841749623715,0.04465228205927496,0.2604494681841325,7.406202255585281,Sleeper,Sleeper,Sleeper,Sleeper,Sleeper,0,0,0,0,0
202687,Bismack Biyombo,-0.08745295770064188,0.04208635427179819,0.0698416529431427,3.3261891384094255,Bust,Sleeper,Neutral,Sleeper,Sleeper,0,2,0,1,0
202688,Brandon Knight,-1.3483537928696936,-0.01984171444055094,-0.06562332498518053,-1.627903483609229,Bust,Bust,Bust,Bust,Bust,2,2,2,2,2
202689,Kemba Walker,0.26843048696776084,0.03276495763542431,-0.013950202066016049,2.2566640424834254,Neutral,Neutral,Bust,Neutral,Neutral,1,1,1,2,1
202690,Jimmer Fredette,-1.2009330755628231,-0.04082953490231128,-0.23926408957006684,-3.534352280354671,Bust,Bust,Bust,Bust,Bust,2,2,2,2,2
202691,Klay Thompson,0.27853028228307575,0.013335186698909096,0.03378884615738431,0.001877204692537049,Neutral,Neutral,Neutral,Neutral,Neutral,1,1,1,1,1
202692,Alec Burks,0.17048351006499732,0.01933608697147582,0.04864631506242523,2.389346847512238,Neutral,Neutral,Neutral,Neutral,Neutral,1,1,1,1,1
202693,Markieff Morris,-0.6840558060515556,-0.02584368879702592,-0.1970485744437862,-3.897876107664171,Bust,Bust,Bust,Bust,Bust,2,2,2,2,2
202694,Marcus Morris Sr.,0.9850712831733622,0.039596373093458315,0.008527219473725367,1.8374247908656347,Sleeper,Neutral,Neutral,Neutral,Neutral,1,0,1,1,1
202695,Kawhi Leonard,0.6514528204212252,0.04390718587983411,0.10813210702246301,9.551198085852953,Sleeper,Sleeper,Neutral,Sleeper,Sleeper,0,0,0,1,0
202696,Nikola Vučević,1.4073536172471193,-0.005107182164987734,0.08815978807778668,4.087679354945703,Sleeper,Bust,Neutral,Sleeper,Sleeper,0,0,2,1,0
202697,Iman Shumpert,-0.7339439733425472,-0.07254645794155323,-0.1950463301727463,-3.2907566471376963,Bust,Bust,Bust,Bust,Bust,2,2,2,2,2
202699,Tobias Harris,1.5824845369179237,0.02323164602484651,0.18112929636828845,2.429256587688016,Sleeper,Neutral,Sleeper,Neutral,Sleeper,0,0,1,0,1
202700,Donatas Motiejunas,-1.289938542563058,-0.07865955221504423,-0.4802634329143032,-9.094551763225706,Bust,Bust,Bust,Bust,Bust,2,2,2,2,2
202702,Kenneth Faried,-0.6812522277895589,0.020475033068029114,0.04638292456489257,1.4935998257413914,Bust,Neutral,Neutral,Neutral,Neutral,1,2,1,1,1
202703,Nikola Mirotic,-0.13551446276150697,0.04418167254899941,0.03953110279553251,2.4882665953816137,Bust,Sleeper,Neutral,Neutral,Neutral,1,2,0,1,1
202704,Reggie Jackson,0.4950545470766382,0.0003923870622245529,-0.030648341090917297,1.2382692123368102,Neutral,Neutral,Bust,Neutral,Neutral,1,1,1,2,1
202705,MarShon Brooks,-0.8839551580489297,-0.030041299375006214,-0.2589157923670764,-1.241013386361164,Bust,Bust,Bust,Bust,Bust,2,2,2,2,2
202706,Jordan Hamilton,-0.511850405307767,-0.009456939653449015,-0.16312391955368843,-0.7259586497605799,Bust,Bust,Bust,Bust,Bust,2,2,2,2,2
202708,Norris Cole,-0.7588872296722393,-0.08424243540857534,-0.14478253472025115,1.0698787048770502,Bust,Bust,Bust,Neutral,Bust,2,2,2,2,1
202709,Cory Joseph,0.8365661094554804,-0.002412703070541866,0.1302758953204901,-0.8615767587670469,Sleeper,Bust,Neutral,Bust,Bust,2,0,2,1,2
202710,Jimmy Butler III,1.319141741729254,0.0691339399530948,0.5786924849597095,12.577760815076049,Sleeper,Sleeper,Sleeper,Sleeper,Sleeper,0,0,0,0,0
202711,Bojan Bogdanovic,0.6774293440410655,0.055077103732730226,0.2167140774255778,5.713481375849696,Sleeper,Sleeper,Sleeper,Sleeper,Sleeper,0,0,0,0,0
202713,Kyle Singler,-1.5529652186268146,-0.06036442986746238,-0.1663486378557586,-1.343894854795833,Bust,Bust,Bust,Bust,Bust,2,2,2,2,2
202714,Shelvin Mack,0.4330625947740381,-0.00807614213474872,0.03521607973299856,0.20872890854855264,Neutral,Bust,Neutral,Neutral,Neutral,1,1,2,1,1
202718,Chandler Parsons,-1.527460155425949,-0.052944654756755416,-0.28188545505196627,-4.41513831525242,Bust,Bust,Bust,Bust,Bust,2,2,2,2,2
202720,Jon Leuer,0.33385174690022096,0.021371096311961657,-0.08296908367868205,-0.3467811466239681,Neutral,Neutral,Bust,Bust,Neutral,1,1,1,2,2
202722,Davis Bertans,-0.45809613872526517,0.047334979118286546,-0.1899191291696356,-1.598890200021593,Bust,Sleeper,Bust,Bust,Bust,2,2,0,2,2
202730,Lavoy Allen,0.35703253495247655,-0.01189421424876469,0.17697580121920575,0.2928971030731624,Neutral,Bust,Sleeper,Neutral,Neutral,1,1,2,0,1
202732,DeAndre Liggins,0.11503864664771957,-0.08405080125997344,-0.4023605798278682,-8.21702459568289,Neutral,Bust,Bust,Bust,Bust,2,1,2,2,2
202734,E'Twaun Moore,0.5859956815800764,0.028087402232163328,0.05300448129264179,1.2913063384796697,Neutral,Neutral,Neutral,Neutral,Neutral,1,1,1,1,1
202738,Isaiah Thomas,-1.009214500189349,-0.04605068398389639,-0.2499497347230344,-3.479548038026106,Bust,Bust,Bust,Bust,Bust,2,2,2,2,2
203076,Anthony Davis,0.37812142281014904,-0.000995154673374521,-0.02032319902453139,0.8083059472183329,Neutral,Bust,Bust,Neutral,Neutral,1,1,2,2,1
203077,Michael Kidd-Gilchrist,0.3717579889377911,-0.034837503242471035,-0.11575060035974594,-1.6060269727284098,Neutral,Bust,Bust,Bust,Bust,2,1,2,2,2
203078,Bradley Beal,0.7154727211323023,0.03085792545231214,0.059760138789996864,5.323318515957318,Sleeper,Neutral,Neutral,Sleeper,Sleeper,0,0,1,1,0
203079,Dion Waiters,-0.8701742128374961,-0.010973215663740765,-0.028095195730763356,0.7454446781740938,Bust,Bust,Bust,Neutral,Bust,2,2,2,2,1
203080,Thomas Robinson,-0.26668189602178316,0.030013096210005363,0.11474833463819567,5.338612636897871,Bust,Neutral,Neutral,Sleeper,Neutral,1,2,1,1,0
203081,Damian Lillard,0.3554395146565299,0.048448001178810096,0.1539303618619734,3.489906445014398,Neutral,Sleeper,Neutral,Sleeper,Sleeper,0,1,0,1,0
203082,Terrence Ross,0.13163793126219858,0.009807258404863739,0.06425757497861118,2.6269594259531637,Neutral,Neutral,Neutral,Neutral,Neutral,1,1,1,1,1
203083,Andre Drummond,0.1318938101306768,-0.02521380972311804,-0.34895280472019086,-2.507025128659926,Neutral,Bust,Bust,Bust,Bust,2,1,2,2,2
203084,Harrison Barnes,1.0668309993809495,0.05998982824049648,0.24223710749860405,5.034087323276147,Sleeper,Sleeper,Sleeper,Sleeper,Sleeper,0,0,0,0,0
203085,Austin Rivers,0.461201754968486,0.03265939104768201,-0.03332994239712739,0.3489171609686661,Neutral,Neutral,Bust,Neutral,Neutral,1,1,1,2,1
203086,Meyers Leonard,-0.4168956919431532,0.0782476992347183,-0.06164480472390954,-0.2791184957180626,Bust,Sleeper,Bust,Bust,Bust,2,2,0,2,2
203087,Jeremy Lamb,0.7758676469325583,0.024251393171839553,0.15427755646323393,3.5225450726316936,Sleeper,Neutral,Neutral,Sleeper,Sleeper,0,0,1,1,0
203089,John Henson,-0.05563468559477963,0.01815706406039752,0.09775202417430995,0.7356163804609892,Bust,Neutral,Neutral,Neutral,Neutral,1,2,1,1,1
203090,Maurice Harkless,0.3567809299675614,0.042556768303756654,0.004821963432455778,-0.1300821778642529,Neutral,Sleeper,Neutral,Bust,Neutral,1,1,0,1,2
203092,Tyler Zeller,-1.0327971958136257,-0.04853782667069545,0.0036000556818622798,4.454248556009764,Bust,Bust,Neutral,Sleeper,Bust,2,2,2,1,0
203093,Terrence Jones,-1.0209527495352684,-0.1859077428634513,-0.48641082729576124,-12.902435981091397,Bust,Bust,Bust,Bust,Bust,2,2,2,2,2
203094,Andrew Nicholson,-0.8148736235256969,-0.1091778479251761,-0.38315658221727267,-6.815609072893017,Bust,Bust,Bust,Bust,Bust,2,2,2,2,2
203095,Evan Fournier,0.5527399856273197,0.0025462128096900294,-0.061049087047661654,1.1988127412220795,Neutral,Neutral,Bust,Neutral,Neutral,1,1,1,2,1
203096,Jared Sullinger,-2.130434504891183,-0.17415301993050314,-0.7082894380491702,-11.102935504049416,Bust,Bust,Bust,Bust,Bust,2,2,2,2,2
203098,John Jenkins,-0.751955519127641,0.025250163116449564,0.2337054166130561,2.1162931122219177,Bust,Neutral,Sleeper,Neutral,Neutral,1,2,1,0,1
203101,Miles Plumlee,-0.564869626750401,0.06167627308744916,0.1654972860116506,1.2543762109409577,Bust,Sleeper,Neutral,Neutral,Neutral,1,2,0,1,1
203107,Tomas Satoransky,-0.3077856185764518,0.003751317463085546,0.2241275944397263,0.2818081324423307,Bust,Neutral,Sleeper,Neutral,Neutral,1,2,1,0,1
203109,Jae Crowder,0.23688315381950736,0.03381059680305121,0.06505680687613391,-0.13836292788871773,Neutral,Neutral,Neutral,Bust,Neutral,1,1,1,1,2
203110,Draymond Green,0.7634675557910541,0.02146927547231603,0.16051322224914166,-0.6414324920666097,Sleeper,Neutral,Neutral,Bust,Neutral,1,0,1,1,2
203112,Quincy Acy,-0.5144489756864048,-0.06492983632238158,-0.4115732179329683,-5.21885534376273,Bust,Bust,Bust,Bust,Bust,2,2,2,2,2
203114,Khris Middleton,0.32399305923983146,0.0280096927283775,0.09255648501491276,4.672135937956764,Neutral,Neutral,Neutral,Sleeper,Neutral,1,1,1,1,0
203115,Will Barton,1.0274210577578813,0.012398107162007177,0.1696433444176324,1.630770834412269,Sleeper,Neutral,Neutral,Neutral,Neutral,1,0,1,1,1
203118,Mike Scott,-0.07887233524691017,-0.029481062923497947,-0.09461969822418648,-4.051098422717587,Bust,Bust,Bust,Bust,Bust,2,2,2,2,2
203121,Darius Miller,0.3316878794615461,0.12358365401557292,0.3713637104395384,4.630905090814128,Neutral,Sleeper,Sleeper,Sleeper,Sleeper,0,1,0,0,0
203124,Kyle O'Quinn,0.1798408641462129,0.024968599163670002,0.2971746226689329,4.680408141049277,Neutral,Neutral,Sleeper,Sleeper,Sleeper,0,1,1,0,0
203457,Nerlens Noel,-0.4926951482975492,0.03634576411597479,0.0686704011457202,-1.82429428173306,Bust,Neutral,Neutral,Bust,Neutral,1,2,1,1,2
203458,Alex Len,-0.3271945353382517,0.05622894021652003,0.16454422461035323,3.005402235814941,Bust,Sleeper,Neutral,Sleeper,Sleeper,0,2,0,1,0
203459,Allen Crabbe,0.2082950520320947,-0.01711891897907436,-0.20267838401970084,-1.626844472112774,Neutral,Bust,Bust,Bust,Bust,2,1,2,2,2
203460,Andre Roberson,-1.2537949872011305,-0.16274651911219995,-0.19586871182824828,-2.6620854981033064,Bust,Bust,Bust,Bust,Bust,2,2,2,2,2
203463,Ben McLemore,-0.558573935539942,0.031717337643967,-0.02465406872983833,2.866816715487749,Bust,Neutral,Bust,Neutral,Neutral,1,2,1,2,1
203468,CJ McCollum,1.0491171311280014,0.00672455329308419,0.051991099776840466,1.2420296287482167,Sleeper,Neutral,Neutral,Neutral,Neutral,1,0,1,1,1
203469,Cody Zeller,-0.8075685397179679,0.04292166685840815,0.009593390439034621,2.9943673837683953,Bust,Sleeper,Neutral,Sleeper,Sleeper,0,2,0,1,0
203471,Dennis Schröder,0.8435712259775966,0.01191759421251759,0.10333605843863691,0.6089087219539593,Sleeper,Neutral,Neutral,Neutral,Neutral,1,0,1,1,1
203476,Gorgui Dieng,-1.1186058078469983,0.005758150126292105,-0.18354998029552316,0.9788244624153819,Bust,Neutral,Bust,Neutral,Neutral,1,2,1,2,1
203477,Isaiah Canaan,-0.5472388514042383,0.017572441748533674,0.16272965186879906,0.5655789722794822,Bust,Neutral,Neutral,Neutral,Neutral,1,2,1,1,1
203481,Jeff Withey,-1.1655254140952915,-0.09692092938635744,-0.30198610407431303,-3.9361923589645222,Bust,Bust,Bust,Bust,Bust,2,2,2,2,2
203482,Kelly Olynyk,0.4072513700292498,0.06186153885810308,0.03411922207964424,1.0288963636979922,Neutral,Sleeper,Neutral,Neutral,Neutral,1,1,0,1,1
203484,Kentavious Caldwell-Pope,0.6102302204526695,0.05498241193626596,0.22058382554359524,2.244284351143042,Sleeper,Sleeper,Sleeper,Neutral,Sleeper,0,0,0,0,1
203485,Lorenzo Brown,-0.28933481717356924,-0.12124021255689005,-0.12846666046839217,-3.4121192236127325,Bust,Bust,Bust,Bust,Bust,2,2,2,2,2
203486,Mason Plumlee,-0.13083231124308747,0.08142254037476415,0.2677047832736248,0.8560490078254936,Bust,Sleeper,Sleeper,Neutral,Sleeper,0,2,0,0,1
203487,Michael Carter-Williams,-1.4805995913470076,-0.04189172042377953,-0.1106915517757674,-2.5019573143373783,Bust,Bust,Bust,Bust,Bust,2,2,2,2,2
203488,Mike Muscala,-0.04402395061647757,0.02283870718815495,-0.04225838605418786,0.675951184820315,Bust,Neutral,Bust,Neutral,Neutral,1,2,1,2,1
203490,Otto Porter Jr.,-0.37678677328581434,0.0464108941255188,0.19742324522987365,2.2170219346399165,Bust,Sleeper,Sleeper,Neutral,Sleeper,0,2,0,0,1
203493,Reggie Bullock Jr.,1.1279110420233955,0.05633827990465334,0.06119884846877377,-0.9641906844269155,Sleeper,Sleeper,Neutral,Bust,Sleeper,0,0,0,1,2
203498,Shabazz Muhammad,-0.691838550649037,-0.03501345365748321,-0.05176818997481614,1.2164126022380817,Bust,Bust,Bust,Neutral,Bust,2,2,2,2,1
203500,Steven Adams,0.49904451095413205,0.028003229271065244,0.49505892161909903,5.637614258251103,Neutral,Neutral,Sleeper,Sleeper,Sleeper,0,1,1,0,0
203501,Tim Hardaway Jr.,0.7238898368732798,0.02728457835905751,0.06557626728161248,2.1725746841579774,Sleeper,Neutral,Neutral,Neutral,Neutral,1,0,1,1,1
203503,Tony Snell,0.26556297250861216,0.08351722363858827,0.23044816732409457,1.3195721989438827,Neutral,Sleeper,Sleeper,Neutral,Sleeper,0,1,0,0,1
203504,Trey Burke,-0.6875838328862226,0.009005440576792978,0.0855585173099902,3.7421082791215454,Bust,Neutral,Neutral,Sleeper,Neutral,1,2,1,1,0
203506,Victor Oladipo,-1.0538994302141445,-0.004059014554319562,-0.014774128836037681,1.111195482205023,Bust,Bust,Bust,Neutral,Bust,2,2,2,2,1
203507,Giannis Antetokounmpo,1.0674411154234589,0.06665980330119081,0.21879588645934533,14.843197775507178,Sleeper,Sleeper,Sleeper,Sleeper,Sleeper,0,0,0,0,0
203516,James Ennis III,-0.14218767491988155,0.04115304452922475,0.0007393937172825993,2.537399826889118,Bust,Neutral,Neutral,Neutral,Neutral,1,2,1,1,1
203524,Solomon Hill,-0.7672975278459235,-0.1090794120885073,-0.042731135367614526,-2.0954124329453085,Bust,Bust,Bust,Bust,Bust,2,2,2,2,2
203526,Raul Neto,0.32387889130378233,0.042840796775630574,0.20403130496948885,1.7093451135086521,Neutral,Sleeper,Sleeper,Neutral,Sleeper,0,1,0,0,1
203648,Thanasis Antetokounmpo,-0.6493667611317346,-0.027003776167143667,-0.26131508741688947,-2.9058196696909153,Bust,Bust,Bust,Bust,Bust,2,2,2,2,2
203894,Shabazz Napier,0.5791081098754227,0.03336714514075623,0.20028028659745334,5.361161926959628,Neutral,Neutral,Sleeper,Sleeper,Sleeper,0,1,1,0,0
203897,Zach LaVine,0.9964451259884347,0.062297362569590176,0.16697587887985477,7.190561049388219,Sleeper,Sleeper,Neutral,Sleeper,Sleeper,0,0,0,1,0
203901,Elfrid Payton,-1.0632397730299117,-0.0866598675856809,-0.15474916439342845,-2.829341564992367,Bust,Bust,Bust,Bust,Bust,2,2,2,2,2
203903,Jordan Clarkson,-0.0892164904406495,0.0030817752887958294,-0.039554631267163964,1.5241796428053433,Bust,Neutral,Bust,Neutral,Neutral,1,2,1,2,1
203914,Gary Harris,-0.4283827541532874,0.02050471907645801,0.00033871132198637355,-3.2359056647410966,Bust,Neutral,Neutral,Bust,Neutral,1,2,1,1,2
203915,Spencer Dinwiddie,1.1824750195392522,0.047909459473346905,0.11592409399410641,4.089120269404788,Sleeper,Sleeper,Neutral,Sleeper,Sleeper,0,0,0,1,0
203917,Nik Stauskas,-0.7537252667550719,0.03178322199399575,0.08559945573695948,3.2965173105287313,Bust,Neutral,Neutral,Sleeper,Neutral,1,2,1,1,0
203918,Rodney Hood,-0.5631519726158747,-0.006738809099988807,-0.006870595658729606,-4.191291135593392,Bust,Bust,Bust,Bust,Bust,2,2,2,2,2
203922,Glenn Robinson III,0.2807978819235108,0.02211687256997641,-0.01945914901155632,-0.40188318195981765,Neutral,Neutral,Bust,Bust,Neutral,1,1,1,2,2
203924,Jerami Grant,0.881467685695205,0.04743871403861866,-0.0354044361711241,5.52799935326993,Sleeper,Sleeper,Bust,Sleeper,Sleeper,0,0,0,2,0
203925,Joe Harris,0.8786072853882764,0.10269697322493931,0.017706573584229224,1.0870777333447617,Sleeper,Sleeper,Neutral,Neutral,Sleeper,0,0,0,1,1
203926,Doug McDermott,-0.054596365727687834,0.0717486752150609,-0.008259324225827092,2.5503071480607,Bust,Sleeper,Bust,Neutral,Bust,2,2,0,2,1
203932,Aaron Gordon,0.7511859623887581,0.04726675262669022,0.19398788200281092,3.0601024902361083,Sleeper,Sleeper,Sleeper,Sleeper,Sleeper,0,0,0,0,0
203933,T.J. Warren,-0.6069217794192555,-0.005734156141064206,-0.18003989955326039,-1.2887083229140508,Bust,Bust,Bust,Bust,Bust,2,2,2,2,2
203935,Marcus Smart,0.4851847516350637,0.043182551134210545,0.05522220816226486,3.675291256512887,Neutral,Sleeper,Neutral,Sleeper,Sleeper,0,1,0,1,0
203937,Kyle Anderson,0.6993684036596456,0.02736255129752785,0.35512131565891436,3.2162816026589756,Sleeper,Neutral,Sleeper,Sleeper,Sleeper,0,0,1,0,0
203939,Dwight Powell,0.3563899855354849,0.152835435216798,0.23558788543190978,0.7212941542935134,Neutral,Sleeper,Sleeper,Neutral,Sleeper,0,1,0,0,1
203943,Noah Vonleh,-0.3386769614326307,-0.1010026572774112,-0.16131249724580599,-6.895910821542602,Bust,Bust,Bust,Bust,Bust,2,2,2,2,2
203944,Julius Randle,1.606032350668879,0.036671844718550894,-0.009714255590721033,5.104034484756969,Sleeper,Neutral,Bust,Sleeper,Sleeper,0,0,1,2,0
203952,Andrew Wiggins,-0.1155980095390936,-0.004221379143893422,0.15920938785154237,-0.6215292500837819,Bust,Bust,Neutral,Bust,Bust,2,2,2,1,2
203953,Jabari Parker,-0.7481109650760942,0.030221230718357806,-0.05105033011882676,0.9410853492337914,Bust,Neutral,Bust,Neutral,Neutral,1,2,1,2,1
203954,Joel Embiid,0.13397273642944918,0.035235785418105126,0.09289368210327797,5.385757241328612,Neutral,Neutral,Neutral,Sleeper,Neutral,1,1,1,1,0
203957,Dante Exum,-0.5283096512499238,0.04078286865170144,0.2388671189760716,2.6654828997733198,Bust,Neutral,Sleeper,Neutral,Neutral,1,2,1,0,1
203967,Dario Saric,-1.3812487201582035,-0.03531197576474521,-0.08925427179279843,-3.6940787654254095,Bust,Bust,Bust,Bust,Bust,2,2,2,2,2
203991,Clint Capela,0.9382712082304276,0.0415858168130121,0.40915306430280074,2.9355805913547357,Sleeper,Neutral,Sleeper,Sleeper,Sleeper,0,0,1,0,0
203992,Bogdan Bogdanović,-0.18035414299414426,0.008815787006482667,-0.14242724377810112,-1.8479505880662082,Bust,Neutral,Bust,Bust,Bust,2,2,1,2,2
203994,Jusuf Nurkić,0.5534239693206721,0.03461265932877755,0.2291127152343857,4.49876435215603,Neutral,Neutral,Sleeper,Sleeper,Sleeper,0,1,1,0,0
203998,Bruno Caboclo,0.3411285616900106,0.05871001068466852,-0.023113331203558962,2.6656423271972525,Neutral,Sleeper,Bust,Neutral,Neutral,1,1,0,2,1
203999,Nikola Jokić,1.578050108764662,0.07168955133576171,0.2627191487075502,6.405352589124213,Sleeper,Sleeper,Sleeper,Sleeper,Sleeper,0,0,0,0,0
204001,Kristaps Porziņģis,-0.1909570983688761,0.0391712866844347,0.040420002083694895,2.8097298587594217,Bust,Neutral,Neutral,Neutral,Neutral,1,2,1,1,1
1626143,Jahlil Okafor,-1.1446365987185434,-0.13731475986379704,-0.46775095832142655,-0.32919069966251513,Bust,Bust,Bust,Bust,Bust,2,2,2,2,2
1626144,Emmanuel Mudiay,-1.4282178260334224,-0.04701031946572376,0.1849989576886344,1.0093629176629975,Bust,Bust,Sleeper,Neutral,Bust,2,2,2,0,1
1626145,Tyus Jones,0.9673224111689194,0.02205103858199009,0.6117386817698818,4.8879060907300875,Sleeper,Neutral,Sleeper,Sleeper,Sleeper,0,0,1,0,0
1626147,Justin Anderson,-1.027657144917621,-0.09866296697500798,-0.095970242695391,-4.762458333089086,Bust,Bust,Bust,Bust,Bust,2,2,2,2,2
1626149,Montrezl Harrell,0.20037944976541866,0.0522359741195465,0.09832169745666275,2.3955904184470853,Neutral,Sleeper,Neutral,Neutral,Neutral,1,1,0,1,1
1626153,Delon Wright,0.4822511572321462,0.002200728028549759,0.5857852620296577,0.7221036484770789,Neutral,Neutral,Sleeper,Neutral,Neutral,1,1,1,0,1
1626155,Sam Dekker,-0.8417791834051943,-0.4789834898956763,-1.1483706359160344,-11.389998453984708,Bust,Bust,Bust,Bust,Bust,2,2,2,2,2
1626156,D'Angelo Russell,0.0006916314783167454,0.019692328696568673,0.09929470388161743,-0.11906803390272103,Neutral,Neutral,Neutral,Bust,Neutral,1,1,1,1,2
1626157,Karl-Anthony Towns,-0.6585594445950063,0.003686802908382636,-0.33937097101024616,-7.381067279177888,Bust,Neutral,Bust,Bust,Bust,2,2,1,2,2
1626158,Richaun Holmes,0.06003311654823962,0.09945306382875374,0.16834191969326895,1.6075180586717366,Neutral,Sleeper,Neutral,Neutral,Neutral,1,1,0,1,1
1626159,Justise Winslow,-0.9499208573786455,-0.06984194137346472,-0.1537381897338439,0.03129983219142041,Bust,Bust,Bust,Neutral,Bust,2,2,2,2,1
1626161,Willie Cauley-Stein,-1.045479596919205,0.012147286157430437,-0.08969642142334044,-4.855385360308318,Bust,Neutral,Bust,Bust,Bust,2,2,1,2,2
1626162,Kelly Oubre Jr.,0.7986194649601086,0.022921604940771667,0.003617873837627572,3.302434637755269,Sleeper,Neutral,Neutral,Sleeper,Sleeper,0,0,1,1,0
1626163,Frank Kaminsky,-0.9001805070144833,0.05983608712849442,0.32066597921572826,4.228071941497596,Bust,Sleeper,Sleeper,Sleeper,Sleeper,0,2,0,0,0
1626164,Devin Booker,0.7880531844300199,0.03638932548074125,0.28880450645687494,4.130915310715224,Sleeper,Neutral,Sleeper,Sleeper,Sleeper,0,0,1,0,0
1626166,Cameron Payne,0.3156885113236406,0.02875108490271172,0.10977726773824026,4.37146339478703,Neutral,Neutral,Neutral,Sleeper,Neutral,1,1,1,1,0
1626167,Myles Turner,0.39413655003888926,0.03270580981118609,-0.09437157818813358,-0.9944863640985133,Neutral,Neutral,Bust,Bust,Neutral,1,1,1,2,2
1626168,Trey Lyles,0.1554850757379645,0.05431370026520821,0.29226571044712735,0.9746213206725756,Neutral,Sleeper,Sleeper,Neutral,Sleeper,0,1,0,0,1
1626169,Stanley Johnson,-0.6057122640640661,0.03944599491056733,0.20840962276611563,2.8532275062756334,Bust,Neutral,Sleeper,Neutral,Neutral,1,2,1,0,1
1626170,Jerian Grant,-1.5440677876329536,-0.06347352184442451,-0.39782178682594194,-4.168897298758555,Bust,Bust,Bust,Bust,Bust,2,2,2,2,2
1626171,Bobby Portis,0.7447449012924363,0.02471092602245084,0.10472676532006742,2.92552344582716,Sleeper,Neutral,Neutral,Neutral,Neutral,1,0,1,1,1
1626172,Kevon Looney,0.6440880086859482,-0.009038014346586687,0.0981568185929127,-0.1213368049528647,Sleeper,Bust,Neutral,Bust,Bust,2,0,2,1,2
1626178,Rondae Hollis-Jefferson,-1.0329121693638987,0.0036527007141906598,0.13972429699603706,-0.078149412901384,Bust,Neutral,Neutral,Bust,Neutral,1,2,1,1,2
1626179,Terry Rozier,1.6261462558940047,0.044067166057262075,0.11884124863180623,5.633382449437033,Sleeper,Sleeper,Neutral,Sleeper,Sleeper,0,0,0,1,0
1626181,Norman Powell,0.9598678283477492,0.08305442181765144,0.12007272383385637,6.454708572537813,Sleeper,Sleeper,Neutral,Sleeper,Sleeper,0,0,0,1,0
1626192,Pat Connaughton,0.42843436309884175,0.051241233547862475,0.35109975182080055,1.6589243112949497,Neutral,Sleeper,Sleeper,Neutral,Sleeper,0,1,0,0,1
1626195,Willy Hernangomez,-0.17064768008291886,0.03170238669504877,0.16082473440491474,5.633475722629569,Bust,Neutral,Neutral,Sleeper,Neutral,1,2,1,1,0
1626196,Josh Richardson,-0.42916140592026236,-0.007825195332771484,-0.1539796005147236,-1.2660998412268665,Bust,Bust,Bust,Bust,Bust,2,2,2,2,2
1626204,Larry Nance Jr.,-0.5217872799534298,0.03753959224228609,0.10169670220232607,-0.604840239014429,Bust,Neutral,Neutral,Bust,Neutral,1,2,1,1,2
1626209,Mario Hezonja,-0.34855831008218585,0.0034083094556595084,0.027390282255819187,-1.8581672465523802,Bust,Neutral,Neutral,Bust,Neutral,1,2,1,1,2
1626224,Cedi Osman,0.007165227799806233,0.054842338390131196,0.020714385895344245,1.7955957891735324,Neutral,Sleeper,Neutral,Neutral,Neutral,1,1,0,1,1
1627732,Ben Simmons,-1.9251464965316136,-0.010118007357351577,-0.0370431394484092,-8.501311310277604,Bust,Bust,Bust,Bust,Bust,2,2,2,2,2
1627734,Domantas Sabonis,1.3889721263423067,0.06460876701364482,0.33838971659801276,5.907882063131215,Sleeper,Sleeper,Sleeper,Sleeper,Sleeper,0,0,0,0,0
1627736,Malik Beasley,1.1612678634828966,0.03252308104957147,-0.03404831846856449,1.2966310106852763,Sleeper,Neutral,Bust,Neutral,Neutral,1,0,1,2,1
1627737,Marquese Chriss,-1.5331626873850632,-0.06626439095492453,-0.1604536461587014,0.7881873365562626,Bust,Bust,Bust,Neutral,Bust,2,2,2,2,1
1627739,Kris Dunn,-0.3315903947172508,-0.02868950225292094,-0.02075135253985083,-1.8577294136441687,Bust,Bust,Bust,Bust,Bust,2,2,2,2,2
1627740,Henry Ellenson,-0.577392318956051,-0.004104388215247667,-0.01126651449723326,3.696765970552528,Bust,Bust,Bust,Sleeper,Bust,2,2,2,2,0
1627741,Buddy Hield,0.3501593094238661,0.015685221471034128,0.05379245883806916,-3.6056789968641176,Neutral,Neutral,Neutral,Bust,Neutral,1,1,1,1,2
1627742,Brandon Ingram,0.3475096854778953,0.019003347871355603,0.08096807949687923,5.17145383535923,Neutral,Neutral,Neutral,Sleeper,Neutral,1,1,1,1,0
1627745,Damian Jones,0.09607928273510369,0.13156346901642524,0.09153702077791426,1.7701283106230328,Neutral,Sleeper,Neutral,Neutral,Neutral,1,1,0,1,1
1627746,Skal Labissiere,-1.1395321810937546,0.07514830938900674,0.4367494018158451,2.5077578706954746,Bust,Sleeper,Sleeper,Neutral,Sleeper,0,2,0,0,1
1627747,Caris LeVert,0.54429818362889,0.0041427093466767095,0.008609118110580294,0.9507836044014475,Neutral,Neutral,Neutral,Neutral,Neutral,1,1,1,1,1
1627748,Thon Maker,-1.1357689978122556,0.13234524004817438,0.5899487609926533,6.289631957040907,Bust,Sleeper,Sleeper,Sleeper,Sleeper,0,2,0,0,0
1627749,Dejounte Murray,0.9715457831127517,0.019154119791027324,0.07747647109939937,5.845942339202672,Sleeper,Neutral,Neutral,Sleeper,Sleeper,0,0,1,1,0
1627750,Jamal Murray,0.7229121375561175,0.04039858620704051,0.2874798888106067,4.87951503644274,Sleeper,Neutral,Sleeper,Sleeper,Sleeper,0,0,1,0,0
1627751,Jakob Poeltl,1.229158638057923,0.06847321932090289,0.2417671771274037,4.724573220411248,Sleeper,Sleeper,Sleeper,Sleeper,Sleeper,0,0,0,0,0
1627752,Taurean Prince,-0.28684461861139254,0.05600784294172334,0.06498438599566603,-1.7624285725805873,Bust,Sleeper,Neutral,Bust,Bust,2,2,0,1,2
1627756,Denzel Valentine,-1.4868319742956273,0.006867007154196081,-0.19558994510778827,-3.4924820702839785,Bust,Neutral,Bust,Bust,Bust,2,2,1,2,2
1627759,Jaylen Brown,1.3364570091107488,0.027238996791932646,0.04840979807975199,6.776642829602878,Sleeper,Neutral,Neutral,Sleeper,Sleeper,0,0,1,1,0
1627761,DeAndre' Bembry,0.31879583609762296,0.06827222527967891,0.13189623491940128,0.20130609241685526,Neutral,Sleeper,Neutral,Neutral,Neutral,1,1,0,1,1
1627763,Malcolm Brogdon,-0.28831766773656653,0.00957490743153211,0.057758222188064146,3.465461031237634,Bust,Neutral,Neutral,Sleeper,Neutral,1,2,1,1,0
1627767,Cheick Diallo,-1.22574121642652,-0.056153219080026906,-0.44697671694182395,-2.5968280217970747,Bust,Bust,Bust,Bust,Bust,2,2,2,2,2
1627774,Jake Layman,-0.2408506627717647,0.02846187555766677,0.11863612728729156,0.05736601934566998,Bust,Neutral,Neutral,Neutral,Neutral,1,2,1,1,1
1627775,Patrick McCaw,-0.7139975223503883,0.5594316678148791,0.47886283835332266,1.643940133220564,Bust,Sleeper,Sleeper,Neutral,Sleeper,0,2,0,0,1
1627777,Georges Niang,1.1782555479803198,0.09183303953530353,-0.009635242988600412,0.9468410306804333,Sleeper,Sleeper,Bust,Neutral,Sleeper,0,0,0,2,1
1627783,Pascal Siakam,1.4186955857029062,0.013232530764296424,-0.0011961606087416143,4.265898739709559,Sleeper,Neutral,Bust,Sleeper,Sleeper,0,0,1,2,0
1627788,Furkan Korkmaz,-0.21006615840023124,0.014206175210280558,0.077588557964539,-1.4697100741805613,Bust,Neutral,Neutral,Bust,Neutral,1,2,1,1,2
1627789,Timothe Luwawu-Cabarrot,0.05034600832824676,0.006776554491662146,-0.08080560447831542,-1.3702139979552221,Neutral,Neutral,Bust,Bust,Neutral,1,1,1,2,2
1627823,Juancho Hernangomez,-0.3277540319513298,0.00752394493053965,0.13666661513425882,-0.5236442429248722,Bust,Neutral,Neutral,Bust,Neutral,1,2,1,1,2
1627826,Ivica Zubac,1.6477426097614658,0.10090371202072312,0.50702061064997,4.306239847827644,Sleeper,Sleeper,Sleeper,Sleeper,Sleeper,0,0,0,0,0
1627846,Abdel Nader,-0.9585146810862897,-0.09497220675898155,-0.3195165965654114,-6.763311503258844,Bust,Bust,Bust,Bust,Bust,2,2,2,2,2
1628365,Markelle Fultz,0.1662426035899301,-0.012628671036513217,0.11470785038172626,2.823787411532969,Neutral,Bust,Neutral,Neutral,Neutral,1,1,2,1,1
1628366,Lonzo Ball,-0.7563182362815244,0.000668928787874834,-0.05239299161716704,-1.1603554695151246,Bust,Neutral,Bust,Bust,Bust,2,2,1,2,2
1628367,Josh Jackson,-0.7410914310152488,-0.03869205120145042,-0.15790777737557637,-4.175291720487719,Bust,Bust,Bust,Bust,Bust,2,2,2,2,2
1628368,De'Aaron Fox,0.885492957575861,0.0252296688073107,-0.09319191470638843,0.9704318978430564,Sleeper,Neutral,Bust,Neutral,Neutral,1,0,1,2,1
1628369,Jayson Tatum,0.547102142223066,0.004819075929704875,0.04284214384051266,2.368891691209331,Neutral,Neutral,Neutral,Neutral,Neutral,1,1,1,1,1
1628370,Malik Monk,1.151143583536617,0.046916158262329755,0.20270273270781347,4.809430815543227,Sleeper,Sleeper,Sleeper,Sleeper,Sleeper,0,0,0,0,0
1628371,Jonathan Isaac,-0.0048554956740876065,0.003802884164952114,0.30657362129834986,2.6510938792681262,Bust,Neutral,Sleeper,Neutral,Neutral,1,2,1,0,1
1628372,Dennis Smith Jr.,0.004908472578221523,-0.027030464919925556,0.19618258615662532,0.4591926556908703,Neutral,Bust,Sleeper,Neutral,Neutral,1,1,2,0,1
1628373,Frank Ntilikina,-0.648813030282683,-0.08987512343098786,-0.20399852934104135,-3.792874317747998,Bust,Bust,Bust,Bust,Bust,2,2,2,2,2
1628374,Lauri Markkanen,0.5939764261955465,0.05012005872314351,0.12078562632090173,5.293685961501126,Neutral,Sleeper,Neutral,Sleeper,Sleeper,0,1,0,1,0
1628378,Donovan Mitchell,0.6510347001773049,0.03060315311227302,0.12639124437153693,0.9763965264013628,Sleeper,Neutral,Neutral,Neutral,Neutral,1,0,1,1,1
1628379,Luke Kennard,0.282739112311364,0.11061366938310813,0.3292265276015196,1.932300177461883,Neutral,Sleeper,Sleeper,Neutral,Sleeper,0,1,0,0,1
1628380,Zach Collins,0.4830550817634608,0.0677948015424179,0.12791458271601308,6.282268864582186,Neutral,Sleeper,Neutral,Sleeper,Sleeper,0,1,0,1,0
1628381,John Collins,0.1794549902356758,0.01684462179065649,-0.20128722177749436,-4.112441532037945,Neutral,Neutral,Bust,Bust,Neutral,1,1,1,2,2
1628382,Justin Jackson,-1.3308373745185487,-0.24595393994341597,-0.4669205610139603,-5.454740381504597,Bust,Bust,Bust,Bust,Bust,2,2,2,2,2
1628384,OG Anunoby,1.196599304196169,0.043974050252638675,0.0017675506897081306,3.335950271622135,Sleeper,Sleeper,Neutral,Sleeper,Sleeper,0,0,0,1,0
1628386,Jarrett Allen,0.90549067403331,0.08724656606308967,0.6349335444888449,4.04574795625949,Sleeper,Sleeper,Sleeper,Sleeper,Sleeper,0,0,0,0,0
1628389,Bam Adebayo,1.1891669470681991,0.003785760918603387,-0.06312841576263928,2.5422677816580297,Sleeper,Neutral,Bust,Neutral,Neutral,1,0,1,2,1
1628391,D.J. Wilson,-0.6385393692390273,0.27729606895435077,1.6379376653779905,18.018292673521998,Bust,Sleeper,Sleeper,Sleeper,Sleeper,0,2,0,0,0
1628392,Isaiah Hartenstein,1.235469316453349,0.039168695435327416,0.3085188310169631,1.7425205192739313,Sleeper,Neutral,Sleeper,Neutral,Sleeper,0,0,1,0,1
1628395,Jordan Bell,-1.0031639107645443,-0.5306521384312695,-0.6087826167925536,7.676230086056236,Bust,Bust,Bust,Sleeper,Bust,2,2,2,2,0
1628396,Tony Bradley,-0.47311662538315125,0.07305005675778842,0.24507597182560104,4.50959875997609,Bust,Sleeper,Sleeper,Sleeper,Sleeper,0,2,0,0,0
1628398,Kyle Kuzma,0.7962686884785384,-0.0014740136025211958,0.021432818642245444,0.6786062508659967,Sleeper,Bust,Neutral,Neutral,Neutral,1,0,2,1,1
1628400,Semi Ojeleye,-0.5414327288014533,-0.06637546047713444,-0.10874829175194867,-1.3706400224003499,Bust,Bust,Bust,Bust,Bust,2,2,2,2,2
1628401,Derrick White,1.9206116573044918,0.02925033344317085,0.10223531471488956,2.275423823312625,Sleeper,Neutral,Neutral,Neutral,Neutral,1,0,1,1,1
1628402,Frank Jackson,-1.6380302323784908,-0.528757192260212,-0.47968762904314965,-17.494349472731034,Bust,Bust,Bust,Bust,Bust,2,2,2,2,2
1628404,Josh Hart,1.6607242193095557,0.062497563449978366,0.39421945564936745,4.311530965041845,Sleeper,Sleeper,Sleeper,Sleeper,Sleeper,0,0,0,0,0
1628410,Edmond Sumner,0.36778070278220193,0.03579292227188269,-0.32522793161483543,1.764941287506966,Neutral,Neutral,Bust,Neutral,Neutral,1,1,1,2,1
1628411,Wes Iwundu,-1.0184084222227963,0.04686402059272432,-0.16135067241849022,-1.8531581635031724,Bust,Sleeper,Bust,Bust,Bust,2,2,0,2,2
1628415,Dillon Brooks,0.5422521612676579,-0.0026084132673207527,-0.1287307835491498,0.03166056885887336,Neutral,Bust,Bust,Neutral,Neutral,1,1,2,2,1
1628418,Thomas Bryant,-0.2356830294187668,0.05468881769159373,0.052412716657464165,2.0518362937906645,Bust,Sleeper,Neutral,Neutral,Neutral,1,2,0,1,1
1628420,Monte Morris,-0.2256226889913183,-0.03763301421883003,0.10802356669955238,-1.0887675366914458,Bust,Bust,Neutral,Bust,Bust,2,2,2,1,2
1628422,Damyean Dotson,-1.3550804023072636,-0.020434650201493043,0.7706254367176075,-5.123564157293463,Bust,Bust,Sleeper,Bust,Bust,2,2,2,0,2
1628425,Sterling Brown,-0.9322792251354378,-0.2795072847733402,-0.07863399265911841,-4.356211179916119,Bust,Bust,Bust,Bust,Bust,2,2,2,2,2
1628427,Vlatko Čančar,-0.893209119201318,-0.08769209332844091,-0.18774817777046193,-8.110974856388214,Bust,Bust,Bust,Bust,Bust,2,2,2,2,2
1628960,Grayson Allen,1.1556308342968449,0.08638358149637981,0.2301812645565029,3.157097027305591,Sleeper,Sleeper,Sleeper,Sleeper,Sleeper,0,0,0,0,0
1628963,Marvin Bagley III,-0.21417307660497317,0.047360063550449416,0.18836397598214338,4.03473558214527,Bust,Sleeper,Sleeper,Sleeper,Sleeper,0,2,0,0,0
1628964,Mo Bamba,-0.907895901504667,-0.0037357921833788277,-0.07090798525376862,-1.5123416820077082,Bust,Bust,Bust,Bust,Bust,2,2,2,2,2
1628966,Keita Bates-Diop,0.6313626760815034,0.03898272314937745,0.3411099915129274,2.2764873408398785,Sleeper,Neutral,Sleeper,Neutral,Sleeper,0,0,1,0,1
1628969,Mikal Bridges,1.375222808985405,0.016515038294861117,-0.015919529005379074,4.119496634580855,Sleeper,Neutral,Bust,Sleeper,Sleeper,0,0,1,2,0
1628970,Miles Bridges,0.8590117311888567,-0.006036417851602471,-0.014236997162653475,2.5212887162157926,Sleeper,Bust,Bust,Neutral,Bust,2,0,2,2,1
1628971,Bruce Brown,0.3901276370448362,0.004946018140783215,-0.06596141349881357,0.24866927036337572,Neutral,Neutral,Bust,Neutral,Neutral,1,1,1,2,1
1628972,Troy Brown Jr.,0.5673593089706913,0.012213830964643124,0.0295812768891226,-2.024807868178087,Neutral,Neutral,Neutral,Bust,Neutral,1,1,1,1,2
1628973,Jalen Brunson,1.6541856657170828,0.04101888592031533,0.04992772015712488,8.940307682369582,Sleeper,Neutral,Neutral,Sleeper,Sleeper,0,0,1,1,0
1628975,Jevon Carter,0.23337789502349304,0.014728616080561197,0.020343050562497522,1.4663031882762212,Neutral,Neutral,Neutral,Neutral,Neutral,1,1,1,1,1
1628976,Wendell Carter Jr.,0.6035198199544081,0.033616700143314304,-0.04521511261031197,-0.45227842092661064,Sleeper,Neutral,Bust,Bust,Bust,2,0,1,2,2
1628977,Hamidou Diallo,-0.6906674748108466,0.013201419967942774,0.13223737038314098,11.661524247242872,Bust,Neutral,Neutral,Sleeper,Neutral,1,2,1,1,0
1628978,Donte DiVincenzo,1.4156436444450158,0.06477932398983988,0.11755024400780933,2.963522233599207,Sleeper,Sleeper,Neutral,Sleeper,Sleeper,0,0,0,1,0
1628981,Bruno Fernando,-0.30221802039185264,0.03686669096655959,-0.021394135761454658,3.2392752176055595,Bust,Neutral,Bust,Sleeper,Bust,2,2,1,2,0
1628983,Shai Gilgeous-Alexander,1.8977899279539328,0.07520815237254441,0.3363428387701066,14.227897457591194,Sleeper,Sleeper,Sleeper,Sleeper,Sleeper,0,0,0,0,0
1628984,Devonte' Graham,-0.8248424504759863,0.0115097777298937,0.07462554546841726,-0.9490554212924529,Bust,Neutral,Neutral,Bust,Neutral,1,2,1,1,2
1628988,Aaron Holiday,-0.19875942165800387,0.03671149443704058,-0.037921733227234355,-0.6203949374521294,Bust,Neutral,Bust,Bust,Bust,2,2,1,2,2
1628989,Kevin Huerter,0.2869004162912594,0.033781694474058654,0.007373104420363763,2.549905811905788,Neutral,Neutral,Neutral,Neutral,Neutral,1,1,1,1,1
1628991,Jaren Jackson Jr.,1.2590442167808746,0.020929482486579665,-0.095770363629742,3.049919013545555,Sleeper,Neutral,Bust,Sleeper,Sleeper,0,0,1,2,0
1628993,Alize Johnson,-0.9195945058039598,-0.015378395216431917,-0.29122041663797993,-7.3844619588997835,Bust,Bust,Bust,Bust,Bust,2,2,2,2,2
1628995,Kevin Knox II,-0.421023255900575,0.06831114865195287,0.13927335540060048,3.6931646887595395,Bust,Sleeper,Neutral,Sleeper,Sleeper,0,2,0,1,0
1628998,Cody Martin,-0.42762680604949244,-0.10359775793443443,-0.11340403097736518,-2.5737239601798745,Bust,Bust,Bust,Bust,Bust,2,2,2,2,2
1629001,De'Anthony Melton,-0.12143438000341224,0.0206272238687657,-0.1086824749608506,1.193829498267565,Bust,Neutral,Bust,Neutral,Neutral,1,2,1,2,1
1629002,Chimezie Metu,0.3289795474758163,0.08879690030428389,0.27143485008875956,3.7587377162480973,Neutral,Sleeper,Sleeper,Sleeper,Sleeper,0,1,0,0,0
1629003,Shake Milton,0.0176476204205947,0.007424664909160161,-0.014891156950015416,-1.1100581931539857,Neutral,Neutral,Bust,Bust,Neutral,1,1,1,2,2
1629004,Svi Mykhailiuk,-0.22547618526602153,0.06661034260329124,0.2279456272100302,2.8081548181408014,Bust,Sleeper,Sleeper,Neutral,Sleeper,0,2,0,0,1
1629006,Josh Okogie,0.09791478714984661,0.038592868738964836,0.21307235852308448,3.7758596906519433,Neutral,Neutral,Sleeper,Sleeper,Sleeper,0,1,1,0,0
1629008,Michael Porter Jr.,1.573127964194935,0.043562942909009306,0.029502282742687624,2.139764806282468,Sleeper,Sleeper,Neutral,Neutral,Sleeper,0,0,0,1,1
1629011,Mitchell Robinson,-0.5027879964659064,0.02510548102418142,0.3079604300536012,-0.7091099696961436,Bust,Neutral,Sleeper,Bust,Bust,2,2,1,0,2
1629012,Collin Sexton,0.18213737549247844,0.051810841743173075,0.1651051490568276,3.5343779971250484,Neutral,Sleeper,Neutral,Sleeper,Sleeper,0,1,0,1,0
1629013,Landry Shamet,-0.4796959769936551,0.04879328195574906,-0.006191326702879696,1.8602463050093867,Bust,Sleeper,Bust,Neutral,Bust,2,2,0,2,1
1629014,Anfernee Simons,1.150643420496274,0.03742398860442964,0.019482060669546275,4.5943512563508015,Sleeper,Neutral,Neutral,Sleeper,Sleeper,0,0,1,1,0
1629018,Gary Trent Jr.,0.6553822373735672,0.03289683325723258,-0.06404892597165102,-0.378167078234382,Sleeper,Neutral,Bust,Bust,Bust,2,0,1,2,2
1629020,Jarred Vanderbilt,0.13497218387364923,0.001312142774403724,0.061163592391332955,-0.8628078265789725,Neutral,Neutral,Neutral,Bust,Neutral,1,1,1,1,2
1629021,Moritz Wagner,0.034474785608222036,0.07803989652968868,0.09255592221048903,6.8177345988227,Neutral,Sleeper,Neutral,Sleeper,Sleeper,0,1,0,1,0
1629022,Lonnie Walker IV,-0.10647362467196575,0.030814701525311627,-0.005236631764465871,2.2872519071434816,Bust,Neutral,Bust,Neutral,Neutral,1,2,1,2,1
1629023,P.J. Washington,0.4309652482612002,-0.007858040598413107,-0.09183699510252374,-0.5001667454275172,Neutral,Bust,Bust,Bust,Bust,2,1,2,2,2
1629027,Trae Young,-0.1391129466726262,0.022241864571285186,0.06570591779639501,-3.671643175118678,Bust,Neutral,Neutral,Bust,Neutral,1,2,1,1,2
1629028,Deandre Ayton,0.08975582988587683,0.010429894948693952,0.037452925930216985,-1.9881504692976613,Neutral,Neutral,Neutral,Bust,Neutral,1,1,1,1,2
1629029,Luka Dončić,0.7271218611054844,0.03669103052476297,-0.058446167265366666,-0.4276991943155366,Sleeper,Neutral,Bust,Bust,Bust,2,0,1,2,2
1629048,Goga Bitadze,0.854644746181838,0.11278712008378466,0.6550089580073175,5.226583541618407,Sleeper,Sleeper,Sleeper,Sleeper,Sleeper,0,0,0,0,0
1629057,Robert Williams III,-0.7630516307588857,0.09707463626348423,0.5675219379044201,1.6005519823944176,Bust,Sleeper,Sleeper,Neutral,Sleeper,0,2,0,0,1
1629060,Rui Hachimura,0.5674129858675914,0.06560611141122108,0.12262130516181191,0.06994992327275185,Neutral,Sleeper,Neutral,Neutral,Neutral,1,1,0,1,1
1629611,Terance Mann,0.47751080723601796,0.03847093220766751,-0.027821529954139113,-0.8888810059624781,Neutral,Neutral,Bust,Bust,Neutral,1,1,1,2,2
1629626,Bol Bol,-0.19886928406134075,0.10690831266705358,0.417751283736268,6.057474310023434,Bust,Sleeper,Sleeper,Sleeper,Sleeper,0,2,0,0,0
1629627,Zion Williamson,-0.3788590258460083,0.010655234440691608,-0.025454164686726344,3.1739015008213016,Bust,Neutral,Bust,Sleeper,Bust,2,2,1,2,0
1629628,RJ Barrett,0.08364834212707795,0.030366507806805054,0.15616654369380156,3.743027979634107,Neutral,Neutral,Neutral,Sleeper,Neutral,1,1,1,1,0
1629629,Cam Reddish,-0.4446359659556478,-0.026492343158068477,0.08795224888711495,-3.9353293244015557,Bust,Bust,Neutral,Bust,Bust,2,2,2,1,2
1629630,Ja Morant,-1.4597465173172788,-0.010365909268821083,-0.12688205629811256,-1.7786261835427837,Bust,Bust,Bust,Bust,Bust,2,2,2,2,2
1629631,De'Andre Hunter,0.16240439875129578,0.03899718344697789,-0.05643154617201329,3.450146537526349,Neutral,Neutral,Bust,Sleeper,Neutral,1,1,1,2,0
1629632,Coby White,1.0144558851810066,0.04695582391888087,0.04499954106073001,4.469599061154881,Sleeper,Sleeper,Neutral,Sleeper,Sleeper,0,0,0,1,0
1629634,Brandon Clarke,-1.407300891229337,-0.07345947492184535,-0.3035503382305429,-2.069096958234134,Bust,Bust,Bust,Bust,Bust,2,2,2,2,2
1629636,Darius Garland,0.11375783401198258,0.02701648919273336,0.08654663727073242,2.1210540283580563,Neutral,Neutral,Neutral,Neutral,Neutral,1,1,1,1,1
1629637,Jaxson Hayes,0.01665648171984553,0.1392986113641702,0.20842497228560264,-0.7600020953714868,Neutral,Sleeper,Sleeper,Bust,Sleeper,0,1,0,0,2
1629638,Nickeil Alexander-Walker,1.4489225545610065,0.0656738731029356,0.14864001353126488,1.6139528842578805,Sleeper,Sleeper,Neutral,Neutral,Sleeper,0,0,0,1,1
1629639,Tyler Herro,0.15670017268450098,0.036544549607513854,0.1758962966620874,4.272134363079388,Neutral,Neutral,Neutral,Sleeper,Neutral,1,1,1,1,0
1629640,Keldon Johnson,0.24913664302654248,0.015825358357228203,-0.027164750070231447,-0.1317951568450475,Neutral,Neutral,Bust,Bust,Neutral,1,1,1,2,2
1629642,Nassir Little,-0.4097475507618651,0.038430517126415875,-0.016420274693638826,-1.1908066559252397,Bust,Neutral,Bust,Bust,Bust,2,2,1,2,2
1629643,Chuma Okeke,-1.0495550726855245,0.13346710955819807,1.3475462987676585,4.267814070462791,Bust,Sleeper,Sleeper,Sleeper,Sleeper,0,2,0,0,0
1629645,Kevin Porter Jr.,0.369456532689153,0.012153333340573558,0.20025775278869018,4.069295153351149,Neutral,Neutral,Sleeper,Sleeper,Sleeper,0,1,1,0,0
1629647,Darius Bazley,-1.3370160445136574,0.1550545070303,1.150287589957407,2.5428512342155987,Bust,Sleeper,Sleeper,Neutral,Sleeper,0,2,0,0,1
1629651,Nic Claxton,1.5316051741891694,0.009033762665971112,0.1680189906545213,1.1363045912866525,Sleeper,Neutral,Neutral,Neutral,Neutral,1,0,1,1,1
1629655,Daniel Gafford,0.7106995308405488,0.10082807643020975,0.3325441541917742,4.628865344186238,Sleeper,Sleeper,Sleeper,Sleeper,Sleeper,0,0,0,0,0
1629659,Talen Horton-Tucker,-0.12899495212831658,0.005173441143591417,-0.040476683992284324,2.8896989469211594,Bust,Neutral,Bust,Neutral,Neutral,1,2,1,2,1
1629660,Ty Jerome,-0.18635538756286274,0.06376377265376876,0.1608028951980196,9.481137215045933,Bust,Sleeper,Neutral,Sleeper,Sleeper,0,2,0,1,0
1629661,Cameron Johnson,0.5212233737049322,0.05895940989556936,0.07441478271642543,2.113035316104817,Neutral,Sleeper,Neutral,Neutral,Neutral,1,1,0,1,1
1629667,Jalen McDaniels,-1.1746618383951868,-0.34069951403401644,-0.9115795277518339,-4.957725391833588,Bust,Bust,Bust,Bust,Bust,2,2,2,2,2
1629669,Jaylen Nowell,-1.1473596046626078,-0.06902716061281267,-0.1789845783307349,-4.116636389276254,Bust,Bust,Bust,Bust,Bust,2,2,2,2,2
1629673,Jordan Poole,0.5344649348096634,0.01135786344228662,-0.028304650589541014,-0.0641792393231313,Neutral,Neutral,Bust,Bust,Neutral,1,1,1,2,2
1629680,Matisse Thybulle,-0.5671752436726583,0.05569770782057293,0.28587917574315846,5.33076058275187,Bust,Sleeper,Sleeper,Sleeper,Sleeper,0,2,0,0,0
1629684,Grant Williams,-0.2189711960653787,0.06799304429207409,0.0990627673813198,3.732126719813577,Bust,Sleeper,Neutral,Sleeper,Sleeper,0,2,0,1,0
