PLAYER_ID,PLAYER_NAME,PCA1,PCA2,PCA3,pca_cluster,pca_label,expected_score,realized_score,delta_score
15,Eric Piatkowski,-3.217278331491755,-1.0354634368523983,0.03704394564833812,1,Bust,479.475,119.26666666666665,-360.20833333333337
56,Gary Payton,1.3716540938742954,-4.459198012514923,0.057377797559386524,0,Sleeper,1474.1750000000002,759.7666666666668,-714.4083333333334
87,Dikembe Mutombo,-1.75329958269881,-1.3779872365796555,1.5480176544814384,1,Bust,743.5749999999999,330.3333333333333,-413.2416666666666
89,Nick Van Exel,-1.5903303627973993,-2.680995614757778,-0.029178714514235465,1,Bust,894.3000000000001,316.3333333333333,-577.9666666666667
109,Robert Horry,-1.5982157002910542,-0.3903867936334128,0.3555565980677814,1,Bust,497.25,348.6333333333334,-148.61666666666662
133,David Wesley,0.09650963145340143,-1.60999354081502,-0.2632908392392683,2,Neutral,802.55,532.6666666666666,-269.8833333333333
136,P.J. Brown,1.3278290109229884,-0.24681818273639294,1.6021741396877893,2,Neutral,754.8,744.4333333333333,-10.366666666666674
147,Jalen Rose,0.9497029136157105,-2.392322296336275,0.08765114274680869,2,Neutral,1048.55,696.8333333333334,-351.7166666666666
185,Chris Webber,1.256224598656999,-3.021677108543573,1.3890256055856929,2,Neutral,1269.0749999999998,773.0333333333334,-496.0416666666664
208,Sam Cassell,2.1266264020281618,-2.703662978850303,-1.0050067091421475,0,Sleeper,1162.5,946.7000000000002,-215.79999999999984
213,Antonio Davis,-0.8615274060764961,-1.3484056957163257,1.3747805932170398,1,Bust,763.425,386.4666666666667,-376.95833333333326
224,Eddie Jones,1.4388709878328718,-1.3763308083276478,0.24023420045245772,2,Neutral,920.0750000000002,795.0666666666666,-125.00833333333355
255,Grant Hill,0.7521019706611044,-0.6123932534090746,0.21897671488932405,2,Neutral,738.9,743.3333333333334,4.433333333333394
258,Brian Grant,-2.009911201362516,-1.2185306331758188,0.9350139320014696,1,Bust,640.475,252.9333333333333,-387.54166666666674
278,Stacey Augmon,-2.840244671547322,0.3180202520850118,-0.2600161316027674,1,Bust,225.59999999999997,154.46666666666667,-71.1333333333333
283,Lindsey Hunter,-2.9570394862548195,-0.9386025859571154,-0.2287821588963377,1,Bust,453.725,132.66666666666666,-321.0583333333334
353,Darrell Armstrong,-1.5757886631770321,-2.7942075455232547,0.06968953681632395,1,Bust,927.4499999999999,327.8333333333333,-599.6166666666666
361,Clifford Robinson,-0.436343274944288,-1.7938067429781985,0.44334961096170505,2,Neutral,824.975,434.1000000000001,-390.87499999999994
389,Toni Kukoc,-1.5672479168633064,-0.8623953329801587,-0.1786595128688453,1,Bust,548.75,338.43333333333334,-210.31666666666666
406,Shaquille O'Neal,2.6743093299400638,-3.789605080462876,2.5629829047498127,0,Sleeper,1656.0750000000003,1122.5,-533.5750000000003
436,Juwan Howard,0.7035693060209295,-1.2558869375807997,1.2801263340536395,2,Neutral,868.0750000000002,633.4333333333334,-234.64166666666677
448,Bo Outlaw,-2.862179792382275,-1.2922862889855489,0.4699376370905772,1,Bust,580.0749999999999,170.43333333333337,-409.64166666666654
458,Howard Eisley,-2.0638456618243683,-0.7686808683360287,-0.792860393502817,1,Bust,443.5,234.36666666666665,-209.13333333333335
467,Jason Kidd,3.0563317159481533,-2.6076901465390474,-0.7317217596905767,0,Sleeper,1198.4499999999998,1022.6666666666666,-175.7833333333332
673,Alan Henderson,-2.842453842520166,-0.48303537393417356,0.5095453168615737,1,Bust,429.9749999999999,174.99999999999997,-254.97499999999994
677,Eric Williams,-2.0084241716880995,-0.19945412381683833,-0.01604371602263327,1,Bust,398.6,267.8333333333333,-130.7666666666667
686,Antonio McDyess,-0.001048288610029536,-0.7957921527173466,1.5533514778951212,2,Neutral,760.2,572.7666666666667,-187.4333333333334
689,Theo Ratliff,-2.291923607425516,-1.2263190385063387,0.825844188139309,1,Bust,628.6500000000001,237.43333333333337,-391.2166666666667
693,Joe Smith,-0.2438180464231423,0.30189230727877875,1.1026441867528365,2,Neutral,518.425,560.4333333333333,42.008333333333326
699,Brent Barry,-0.7395355876722903,-1.8199216225940749,-0.1697620884379777,1,Bust,812.875,489.79999999999995,-323.07500000000005
703,Kurt Thomas,0.6626127055507299,-0.37149787343616153,1.6351847302702347,2,Neutral,708.3000000000001,613.7999999999998,-94.50000000000023
708,Kevin Garnett,6.097522919824442,-2.0137370681122144,2.3781000743917002,0,Sleeper,1599.15,1703.8333333333333,104.68333333333317
711,Jerry Stackhouse,-1.3524872174367069,-3.839051188476964,0.6809290212808327,1,Bust,1192.1499999999999,390.9666666666667,-801.1833333333332
714,Michael Finley,0.7833360365486964,-2.5670498243607818,0.6406324020183916,2,Neutral,1129.4250000000002,724.2666666666665,-405.15833333333364
722,Corliss Williamson,-1.802215692502411,-0.8967169343711071,0.40621310954920276,1,Bust,580.55,321.90000000000003,-258.6499999999999
727,Eric Snow,0.22911553291873515,-1.4857878305109113,-1.1237721683636233,2,Neutral,706.625,489.2666666666666,-217.3583333333334
731,Greg Ostertag,-1.8930858338009071,0.13223262929936927,0.526371609078262,1,Bust,370.525,278.2666666666667,-92.25833333333327
739,Rasheed Wallace,1.783019496918763,-1.6786100647060345,1.4672485270143572,0,Sleeper,1076.45,864.5333333333334,-211.91666666666663
754,Jim Jackson,-0.7407629227671045,-0.16370036420237433,0.029073286187532247,1,Bust,468.20000000000005,398.13333333333327,-70.06666666666678
757,Damon Stoudamire,0.8667236121592822,-0.8753771161188781,-1.0184210641039875,2,Neutral,682.55,675.3,-7.25
905,Dale Davis,-2.2307162334191104,-1.477659736804958,0.9833776505247176,1,Bust,688.0249999999999,248.59999999999994,-439.42499999999995
923,Donyell Marshall,0.8938845787399811,-0.5422464507591828,1.611677422533367,2,Neutral,802.125,740.1666666666666,-61.95833333333337
947,Allen Iverson,4.077195761386756,-2.5252377006945603,-1.254314563204498,0,Sleeper,1315.925,1350.0666666666668,34.14166666666688
948,Marcus Camby,0.8489704023880007,1.147724600552582,1.3247465255764306,2,Neutral,461.17499999999995,745.0999999999999,283.92499999999995
949,Shareef Abdur-Rahim,1.1057377922033882,-2.725549527139875,1.5131702662301607,2,Neutral,1242.275,805.3666666666667,-436.9083333333334
950,Stephon Marbury,3.4737513182334063,-2.614882367820038,-1.724536534053049,0,Sleeper,1216.95,1158.2,-58.75
951,Ray Allen,3.0264966957368,-2.2013051672789494,0.050813807232353965,0,Sleeper,1246.4250000000002,1172.9,-73.52500000000009
952,Antoine Walker,2.0989534589320797,-2.1788213600601276,1.2576413423827901,0,Sleeper,1132.8249999999998,817.3000000000002,-315.52499999999964
953,Lorenzen Wright,-0.38902396724178634,0.39474351216298476,1.0818809738748512,2,Neutral,462.875,483.1666666666667,20.291666666666686
956,Erick Dampier,0.297462305264803,1.588860165226744,1.554486628159332,2,Neutral,329.09999999999997,619.1,290.00000000000006
958,Vitaly Potapenko,-2.930336155792198,-0.15934555588450922,0.14097110432299761,1,Bust,333.67499999999995,148.00000000000003,-185.67499999999993
959,Steve Nash,3.8492725112905095,-1.4209697517929352,-2.922469031018536,0,Sleeper,945.7,1224.6666666666667,278.9666666666667
960,Tony Delk,-2.6371396835771215,-0.5866263783157228,-0.15035227949848956,1,Bust,434.875,221.33333333333337,-213.54166666666663
962,Walter McCarty,-2.404285109670654,0.6110444953963768,-0.265101284928442,1,Bust,194.65,199.26666666666665,4.616666666666646
965,Derek Fisher,0.7353786300166452,0.012575115015971106,-1.193595408922952,2,Neutral,500.87500000000006,661.8666666666667,160.99166666666662
970,Othella Harrington,-2.238958494901408,-0.6403098196638811,0.4368097006525477,1,Bust,489.85,238.23333333333335,-251.61666666666667
976,Jeff McInnis,-0.4153827899158818,-0.5737466602367571,-1.1664119560556816,2,Neutral,519.45,485.26666666666665,-34.183333333333394
977,Kobe Bryant,4.370042714950391,-2.56196284841,-0.019269545011294346,0,Sleeper,1443.7250000000001,1451.0666666666666,7.34166666666647
978,Peja Stojakovic,2.5023937614595924,-0.6571422567269262,0.600029415644337,0,Sleeper,944.9499999999999,1085.3000000000002,140.35000000000025
979,Jermaine O'Neal,1.3734869084619685,-0.575558802956137,1.2618380774384372,2,Neutral,833.575,847.2666666666668,13.69166666666672
980,Zydrunas Ilgauskas,1.7032938392244046,0.5659338774525345,1.3401188317986488,2,Neutral,656.8000000000002,906.7333333333332,249.93333333333305
983,Moochie Norris,-3.2339528891884997,-0.7366161123566161,-0.2666957708379115,1,Bust,395.575,102.83333333333333,-292.7416666666667
990,Malik Rose,-1.596619542862691,-0.2251428798955712,0.5824966250615564,1,Bust,459.475,312.83333333333337,-146.64166666666665
1000,Shandon Anderson,-2.1520106403407255,-0.7978555701589827,0.16561962491215015,1,Bust,502.30000000000007,221.4666666666667,-280.83333333333337
1088,Chucky Atkins,-0.11956924931334267,-0.3075403159260404,-1.0600670646436992,2,Neutral,501.2500000000001,530.6666666666666,29.416666666666515
1112,Ben Wallace,2.245356589908415,0.19719171101773647,2.6291484047169984,0,Sleeper,818.65,922.1666666666666,103.51666666666665
1425,Aaron Williams,-2.672164629489223,-0.920771264818478,0.44899642527730876,1,Bust,514.9000000000001,183.0333333333333,-331.8666666666668
1477,Bruce Bowen,-0.15758673687211272,0.9071081006056654,-0.09426125032044061,2,Neutral,303.8500000000001,456.7,152.8499999999999
1495,Tim Duncan,3.44055819651317,-3.016493301813174,2.634752913722503,0,Sleeper,1569.7,1233.0,-336.70000000000005
1496,Keith Van Horn,-0.5299228291780077,-1.2854672183242866,0.9048875089095769,2,Neutral,786.875,520.4666666666667,-266.4083333333333
1497,Chauncey Billups,3.2457302811789828,-0.5778728656581773,-2.0500650572662638,0,Sleeper,813.3750000000001,1166.0333333333333,352.6583333333332
1498,Antonio Daniels,0.16256057927658416,0.1994519226633708,-1.2977365992197574,2,Neutral,444.725,644.2,199.47500000000002
1499,Tony Battie,-0.9015385512387056,0.3288667048641238,0.9702626465821798,1,Bust,421.82499999999993,383.2666666666666,-38.55833333333334
1501,Tim Thomas,-1.0138326721313913,-0.8126891624119437,0.33590108029160043,1,Bust,616.675,423.7,-192.97499999999997
1502,Adonal Foyle,-1.7567218645750386,0.09570027253874103,0.7987181057284037,1,Bust,410.37499999999994,303.9666666666667,-106.40833333333325
1503,Tracy McGrady,3.1820057626813014,-3.27596482462014,0.32922404418876255,0,Sleeper,1464.825,1182.8000000000002,-282.02499999999986
1506,Austin Croshere,-1.418352264977716,0.013338358413499715,0.43577250693517666,1,Bust,434.775,369.0,-65.77499999999998
1507,Derek Anderson,-1.4728428509290334,-1.9899115959508655,0.034401011725380085,1,Bust,782.825,346.13333333333327,-436.6916666666668
1509,Kelvin Cato,-1.836080807958955,0.20405528775707132,0.6562597043249577,1,Bust,380.275,308.7666666666667,-71.50833333333327
1510,Brevin Knight,0.3139524598644146,0.23512061653235955,-2.143854513005115,2,Neutral,370.3,618.2333333333333,247.93333333333334
1513,Scot Pollard,-2.876128653528605,-0.3871823821430054,0.45854334594375984,1,Bust,397.625,149.86666666666665,-247.75833333333335
1517,Bobby Jackson,-1.459946829634502,-0.5135986606805348,-0.2023343762070571,1,Bust,505.6,390.6333333333334,-114.96666666666664
1521,Jacque Vaughn,-2.0794408118928898,-0.28751837362243,-0.6109223277053953,1,Bust,358.27500000000003,215.6,-142.67500000000004
1531,Marc Jackson,-1.3218877783693839,0.9206018114327992,0.10544052187016567,1,Bust,251.72499999999997,387.70000000000005,135.97500000000008
1533,Anthony Johnson,-0.568682032630617,1.359800234587915,-1.540226505335707,2,Neutral,118.72500000000001,463.6666666666667,344.94166666666666
1536,Stephen Jackson,0.9545582713264831,0.371697870750251,-0.557993945155815,2,Neutral,494.9750000000001,715.9,220.9249999999999
1548,Mark Blount,0.34363116556721934,1.1583991700273715,0.43423659469324855,2,Neutral,335.54999999999995,581.3000000000001,245.7500000000001
1559,Adrian Griffin,-2.6938947365453667,-0.018348935172372235,-0.04305259355138797,1,Bust,312.625,176.86666666666667,-135.75833333333333
1563,Kevin Ollie,-2.638397631316136,-0.10984148510160201,-0.5309581288354024,1,Bust,302.625,176.33333333333334,-126.29166666666666
1607,Troy Hudson,-2.1292736893261144,-0.9687814366836665,-0.6104445631571417,1,Bust,499.74999999999994,252.3666666666667,-247.38333333333324
1630,Mikki Moore,-1.6718115390913515,1.2568501000158627,0.035168863775644384,1,Bust,159.325,336.9,177.575
1709,Michael Olowokandi,-2.358614921153891,-0.4567602850089196,0.6926509358882994,1,Bust,449.07500000000005,195.0666666666667,-254.00833333333335
1710,Mike Bibby,3.633544738241555,-0.7946120793446628,-1.4940371008177606,0,Sleeper,911.65,1207.1999999999998,295.54999999999984
1711,Raef LaFrentz,-1.0165923337935954,-1.326669037652781,1.0175239726022158,1,Bust,756.9749999999999,431.7333333333333,-325.2416666666666
1712,Antawn Jamison,2.473620908899057,-1.0806805889964903,1.6286671934093315,0,Sleeper,1047.3500000000001,1016.4000000000002,-30.949999999999932
1713,Vince Carter,3.589035468080058,-1.6050881933944228,-0.10708542512673755,0,Sleeper,1148.375,1226.3,77.92499999999995
1715,Jason Williams,0.3489888756302162,-1.2855001804926722,-1.4385096511093172,2,Neutral,709.5,626.8000000000001,-82.69999999999993
1716,Larry Hughes,0.4991701016941045,-0.31539095815409635,-0.12374820643397623,2,Neutral,637.15,706.8000000000001,69.65000000000009
1717,Dirk Nowitzki,4.745033529357646,-1.439871007533974,1.6568607235443416,0,Sleeper,1363.325,1519.4333333333334,156.10833333333335
1718,Paul Pierce,4.427664391900649,-2.135153706917222,0.345301668548111,0,Sleeper,1344.2250000000004,1364.3000000000002,20.074999999999818
1719,Bonzi Wells,-0.4825123047592903,-0.9141798444641421,0.44431655865266406,2,Neutral,684.75,509.5333333333333,-175.2166666666667
1720,Michael Doleac,-2.6193562915069593,0.4509426597838834,0.144388632038208,1,Bust,234.32499999999993,178.1333333333333,-56.191666666666634
1723,Matt Harpring,0.5311664613373424,-0.016010088997714052,0.6198472312544121,2,Neutral,614.1500000000001,677.4666666666666,63.31666666666649
1725,Rasho Nesterovic,-0.5874797155159611,0.3033115988643775,1.0376674502077488,2,Neutral,464.5,453.3,-11.199999999999989
1727,Pat Garrity,-3.049979052752601,-0.8752481769493116,0.13178203625351873,1,Bust,458.425,123.53333333333332,-334.8916666666667
1729,Ricky Davis,2.5043583667322045,0.005411251885331018,-0.9498337703137052,0,Sleeper,668.9500000000002,958.3000000000002,289.35
1730,Brian Skinner,-1.894035643662643,0.8491553560282145,0.39416302708237033,1,Bust,233.54999999999995,293.06666666666666,59.51666666666671
1731,Tyronn Lue,-0.80207381820106,0.08447769041307147,-1.1117779738630484,1,Bust,381.57500000000005,461.73333333333335,80.1583333333333
1733,Al Harrington,1.6090209641195372,1.2787441772978878,0.18595037097778275,2,Neutral,393.6,774.2666666666668,380.66666666666674
1737,Nazr Mohammed,-0.5737952648084012,1.406079692629275,0.9655781308173574,2,Neutral,265.27500000000003,495.2666666666667,229.99166666666667
1739,Ruben Patterson,-0.3965495707435993,-0.8124421778987335,0.2207214800555643,2,Neutral,673.0749999999999,543.5666666666667,-129.5083333333332
1740,Rashard Lewis,2.4430993469144653,-0.18815703589273017,0.5722136261090949,0,Sleeper,835.575,1046.9333333333334,211.35833333333335
1747,Rafer Alston,1.417384434141279,1.8218601827979863,-2.1420943201699054,2,Neutral,134.95,726.3666666666668,591.4166666666667
1749,Cuttino Mobley,1.5986199139357211,-1.424082742462375,0.10424286311804765,2,Neutral,925.5000000000002,800.4666666666668,-125.03333333333342
1761,Greg Buckner,-1.7990114494016751,0.6283500565232673,-0.36825956855497294,1,Bust,244.175,308.8666666666667,64.69166666666666
1763,Ryan Bowen,-3.4481655341396173,0.07976821900777648,-0.13698202063448284,1,Bust,232.72500000000002,70.26666666666667,-162.45833333333337
1800,Damon Jones,0.27207807032159503,1.041121928987253,-1.6563184783817906,2,Neutral,237.225,580.1666666666666,342.9416666666666
1802,Brad Miller,2.380959508912267,0.49961717795867755,0.4062820651283555,0,Sleeper,656.025,984.5333333333334,328.50833333333344
1853,Anthony Carter,-1.884302002359235,0.1509229246781987,-1.058026067902255,1,Bust,278.525,286.33333333333337,7.808333333333394
1863,Earl Boykins,0.3336878718568627,0.6620399827080442,-1.6250332772780205,2,Neutral,352.375,677.3333333333334,324.95833333333337
1882,Elton Brand,4.158517683800631,-0.8698684588462171,1.7270004247517514,0,Sleeper,1197.9750000000001,1395.1666666666667,197.1916666666666
1883,Steve Francis,2.7808989604309122,-2.3546014223815352,-0.5070250247292118,0,Sleeper,1135.475,954.0666666666666,-181.4083333333333
1884,Baron Davis,1.5645647733752652,-1.3089183853119926,-1.3765495989113472,2,Neutral,818.4499999999999,839.7666666666665,21.316666666666606
1885,Lamar Odom,2.930992063339025,0.464293893227811,0.6055300417490905,0,Sleeper,672.45,977.1666666666666,304.7166666666666
1886,Jonathan Bender,-3.4107185128355066,0.4076536898183225,-0.3320318917691817,1,Bust,172.17500000000004,104.60000000000002,-67.57500000000002
1887,Wally Szczerbiak,0.23804773132989485,-1.277164055547956,0.17653702488347148,2,Neutral,828.45,680.4666666666666,-147.98333333333346
1888,Richard Hamilton,2.396915748015966,-0.18596955688758207,-0.902378976023738,0,Sleeper,706.825,960.6333333333333,253.80833333333328
1889,Andre Miller,3.0494314961991273,-1.9030061953312032,-1.3758250505016498,0,Sleeper,1040.6,1034.8,-5.7999999999999545
1890,Shawn Marion,4.424340383555823,0.011109805689560189,2.1436658284634604,0,Sleeper,1071.1499999999999,1418.4333333333334,347.28333333333353
1891,Jason Terry,2.15157755473921,-1.6000431371190118,-1.004771595739559,0,Sleeper,958.5250000000001,938.1333333333333,-20.391666666666765
1894,Corey Maggette,0.9915676142162324,0.6223710600545286,-0.1764892452450305,2,Neutral,507.70000000000005,811.2666666666668,303.5666666666667
1897,Metta World Peace,1.7390285042632714,0.1504872739761122,-0.17476353549776494,2,Neutral,643.3999999999999,886.1333333333333,242.73333333333346
1899,James Posey,-0.43117835826255746,-0.3285883869107432,0.4680527888931257,2,Neutral,586.775,521.1333333333333,-65.64166666666665
1902,Jeff Foster,-0.7521859640685948,0.8427874566361286,1.432800342059985,1,Bust,372.97499999999997,441.0333333333333,68.05833333333334
1903,Kenny Thomas,1.1806505894551111,0.6796010443013462,1.1913754053384606,2,Neutral,540.1750000000001,727.7666666666668,187.5916666666667
1904,Devean George,-1.3607022938321889,0.8880795474666608,0.09438472262083374,1,Bust,241.09999999999997,342.1666666666667,101.06666666666672
1905,Andrei Kirilenko,1.1590304572764658,-1.258910523177132,0.29468996794662156,2,Neutral,900.8249999999999,813.0999999999999,-87.72500000000002
1908,Jumaine Jones,-1.4843753177032262,0.42584334457633527,0.37750498539492716,1,Bust,344.35,346.56666666666666,2.21666666666664
1909,Scott Padgett,-2.7445516809460826,0.5190278323094465,-0.0678559714175053,1,Bust,210.62500000000003,184.46666666666667,-26.15833333333336
1913,Michael Ruffin,-3.178785543208408,0.6684301372079755,0.047398568547125874,1,Bust,147.825,102.36666666666666,-45.45833333333333
1916,Calvin Booth,-3.7613156116609865,0.133051579142118,-0.22584713227580946,1,Bust,200.5,45.36666666666665,-155.13333333333335
1922,Francisco Elson,-2.8425763809525244,0.28161137069459374,0.13380536671778187,1,Bust,248.35000000000002,142.7,-105.65000000000003
1938,Manu Ginobili,1.1592505281147893,-0.47034353915867977,-0.3903749987657849,2,Neutral,740.7750000000001,893.5333333333334,152.75833333333333
1952,Raja Bell,1.1257503345992195,1.3526354164837906,-0.7295978494758096,2,Neutral,315.15,727.2999999999998,412.14999999999986
1956,Ira Newble,-2.7230303697720726,0.36082009577144125,-0.1260206178404805,1,Bust,229.57500000000002,158.00000000000003,-71.57499999999999
1960,Milt Palacio,-1.6032758436950867,0.5042291468833158,-1.123760311092962,1,Bust,210.675,283.4666666666667,72.79166666666669
2030,Kenyon Martin,0.4688791143185657,-0.6920296764668808,0.9901789101148886,2,Neutral,767.7,692.0333333333333,-75.66666666666674
2031,Stromile Swift,-1.5970668660178946,-0.3729750095181671,0.6653109420706804,1,Bust,516.55,362.8333333333333,-153.71666666666664
2032,Darius Miles,-1.8754821169712448,-0.8787080327539283,0.22772222351701013,1,Bust,560.175,310.7333333333333,-249.44166666666666
2034,Mike Miller,1.38201110193089,0.08198746177787931,-0.2257597825702861,2,Neutral,613.5,807.1,193.60000000000002
2036,Chris Mihm,-1.5409424845053727,0.6894277854105848,0.4681429466913821,1,Bust,302.175,361.5,59.32499999999999
2037,Jamal Crawford,1.203668212707887,0.46092768098200565,-1.158879071285846,2,Neutral,465.45000000000005,757.6,292.15
2038,Joel Przybilla,-1.7381304199999708,1.0844881547152005,0.7852475864274662,1,Bust,215.14999999999998,295.90000000000003,80.75000000000006
2039,Keyon Dooling,-1.7023046076726474,0.5898325073285215,-0.797388333283453,1,Bust,237.9,333.3,95.4
2041,Etan Thomas,-2.4068101941512094,0.37883068960047067,0.4008714564181723,1,Bust,294.825,241.89999999999998,-52.92500000000001
2045,Hedo Turkoglu,0.6766580965142419,0.630687076717466,-0.47821223724354,2,Neutral,432.525,685.6,253.07500000000005
2046,Desmond Mason,0.5995925894981717,-0.39792542492846517,0.3072323637986715,2,Neutral,643.475,611.4666666666667,-32.008333333333326
2047,Quentin Richardson,-0.2247446304566486,-0.14449572305808558,0.4638898058994841,2,Neutral,546.9,513.9333333333333,-32.9666666666667
2048,Jamaal Magloire,-0.9835895519379698,-0.5966015782976496,1.5623775148098447,1,Bust,615.0,362.53333333333336,-252.46666666666664
2050,Morris Peterson,0.694746087621309,0.13596917296815977,0.14371216851342825,2,Neutral,573.6750000000001,698.6,124.92499999999995
2052,DeShawn Stevenson,-0.47575316647072885,1.0879821620659553,-0.7212218136595727,2,Neutral,226.70000000000005,470.3666666666666,243.66666666666657
2054,Jake Tsakalidis,-3.2860465008931268,0.4208865899633703,-0.03621001848739494,1,Bust,194.575,117.83333333333333,-76.74166666666666
2056,Primoz Brezec,-3.427619564680238,-0.5447186641739107,0.13377478584492572,1,Bust,367.075,74.66666666666667,-292.4083333333333
2058,Mark Madsen,-3.4161053701743733,0.4672984287411483,-0.07930271880023648,1,Bust,156.625,57.96666666666667,-98.65833333333333
2059,Eduardo Najera,-1.5106006268885381,0.9080421225570614,0.2265839047595109,1,Bust,245.9,349.53333333333336,103.63333333333335
2060,Marko Jaric,-1.5502780077385296,-0.4313949784393242,-0.4929393688730541,1,Bust,441.05000000000007,311.26666666666665,-129.78333333333342
2063,Jake Voskuhl,-2.792808973489751,0.45926666507851144,0.04938126983395453,1,Bust,215.32500000000002,157.33333333333334,-57.991666666666674
2067,Eddie House,-1.769455720200859,0.6920756248015115,-0.7114935062145434,1,Bust,229.12500000000006,354.76666666666665,125.6416666666666
2072,Michael Redd,2.5893607856477447,-0.7728326801635004,-0.12604132007846883,0,Sleeper,944.95,1134.0666666666666,189.11666666666656
2073,Brian Cardinal,-3.317241705150034,-0.2186406349614092,-0.13676257916157933,1,Bust,296.325,86.0,-210.325
2078,Jason Hart,-2.4730228021428564,0.3038066955271343,-0.7455200724757872,1,Bust,208.3,168.10000000000008,-40.19999999999993
2124,Malik Allen,-2.844142798082953,0.4132012412066542,-0.09113546351878081,1,Bust,213.87499999999997,150.96666666666667,-62.9083333333333
2198,Kwame Brown,-1.7333559959546407,0.15729760461715286,0.46797161762781436,1,Bust,376.6,303.5,-73.10000000000002
2199,Tyson Chandler,1.2566193612904568,1.424874000371126,2.188092425685764,2,Neutral,464.5,742.0333333333333,277.5333333333333
2200,Pau Gasol,2.9818145214754628,-1.0592397682660861,1.002789952849707,0,Sleeper,1070.675,1158.1000000000001,87.42500000000018
2201,Eddy Curry,0.49754841196421223,0.48254557270121473,0.9175086174670948,2,Neutral,535.325,680.3666666666668,145.04166666666674
2202,Jason Richardson,2.1780290263096647,-0.833711058121298,0.19239868720586306,0,Sleeper,898.0,981.6,83.60000000000002
2203,Shane Battier,1.0058221835389123,-0.39607574400419415,0.5378766139819415,2,Neutral,716.325,712.2666666666668,-4.05833333333328
2205,DeSagana Diop,-1.957642976848612,1.27392684305214,0.5641344750467852,1,Bust,147.5,256.8666666666666,109.36666666666662
2207,Joe Johnson,3.3274881346668206,-0.009620001724782588,-1.3321232734296073,0,Sleeper,728.6750000000001,1123.3666666666668,394.6916666666667
2209,Vladimir Radmanovic,-1.1969542624985678,-0.26431998876206875,0.15265652255684087,1,Bust,483.32500000000005,388.6333333333334,-94.69166666666666
2210,Richard Jefferson,2.3374260897755565,-0.1936089243972119,-0.07780977833918949,0,Sleeper,776.8000000000001,1006.3000000000002,229.5000000000001
2211,Troy Murphy,0.843850913903876,0.6004365630385254,1.0075829011536026,2,Neutral,530.9250000000001,706.8666666666667,175.9416666666666
2212,Steven Hunter,-2.3023164528941558,0.9579704759563126,0.1395972451950266,1,Bust,179.14999999999998,255.16666666666666,76.01666666666668
2215,Jason Collins,-2.162749002977076,-0.2419018780505846,0.6133083608827483,1,Bust,383.25,126.93333333333335,-256.31666666666666
2216,Zach Randolph,2.144799968635079,0.9383567986050094,1.1617511439167758,2,Neutral,576.4000000000001,914.5666666666667,338.16666666666663
2217,Brendan Haywood,-0.07781859773333713,0.6442569199592411,1.1695175598581098,2,Neutral,472.2,584.9666666666667,112.76666666666671
2222,Gerald Wallace,1.5153370239077744,2.3265109262839405,-0.22756103984965315,2,Neutral,238.525,916.9,678.375
2223,Samuel Dalembert,0.9984147478881096,1.5119955888416976,1.9749119970482094,2,Neutral,419.625,708.8000000000001,289.17500000000007
2224,Jamaal Tinsley,-0.5065879801388933,-0.8242978518544314,-1.192465159952527,2,Neutral,544.75,458.4000000000001,-86.34999999999991
2225,Tony Parker,2.5614407565749073,-0.6336834430602549,-1.4619904033501308,0,Sleeper,795.9250000000001,1049.6666666666667,253.74166666666667
2229,Mike James,-1.316696343062872,-1.61722282939848,-0.3431272102647998,1,Bust,694.975,352.2666666666666,-342.7083333333334
2230,Maurice Evans,-1.5632630751524168,0.13173367209671366,0.08441522863986317,1,Bust,385.125,340.4666666666667,-44.6583333333333
2239,Trenton Hassell,-1.242169842432377,0.08482720119442641,-0.41080450418838665,1,Bust,361.825,324.7,-37.125
2240,Gilbert Arenas,3.0915327691674555,-0.729274327617743,-1.2195282554441595,0,Sleeper,897.95,1195.6333333333334,297.6833333333334
2243,Brian Scalabrine,-3.0223537622655465,0.5576868937140964,-0.37468838953541783,1,Bust,146.775,99.5,-47.275000000000006
2246,Mehmet Okur,1.8490004065297334,0.13604521261532102,1.059830935063177,2,Neutral,724.1999999999999,905.0333333333334,180.83333333333348
2248,Earl Watson,0.44546029967725104,0.26147289982481425,-1.8304613869355926,2,Neutral,378.69999999999993,601.2,222.5000000000001
2250,Bobby Simmons,-0.503993271901818,0.6292270567967256,-0.040865448566244085,2,Neutral,356.62500000000006,483.2333333333334,126.60833333333335
2260,Jarron Collins,-2.3291730995503697,0.5155434344265472,-0.011285110566007278,1,Bust,228.575,199.5,-29.07499999999999
2306,Carlos Arroyo,-1.3984600167975545,0.30352094981282257,-1.0667682574029815,1,Bust,288.825,363.93333333333334,75.10833333333335
2365,Chris Andersen,-1.5135353898518409,1.0000699936846171,0.6555763279136657,1,Bust,278.125,407.6000000000001,129.47500000000008
2397,Yao Ming,1.9259408711826598,-1.047041114097925,1.650122945023939,0,Sleeper,1023.7750000000001,1005.7000000000002,-18.074999999999932
2399,Mike Dunleavy,1.2049338151549158,0.10993712766016174,-0.0463254448701378,2,Neutral,609.95,792.1666666666666,182.21666666666658
2400,Drew Gooden,0.10275081724910158,-0.5987880545095697,1.5796294247362714,2,Neutral,729.0999999999999,586.9,-142.19999999999993
2403,Nene,2.1271852172581225,0.9328604896567372,0.9142814775861227,2,Neutral,623.3,1021.2666666666668,397.9666666666668
2404,Chris Wilcox,-0.09520411414007376,1.2449587051849695,0.6563335525073153,2,Neutral,324.7,586.2333333333333,261.53333333333336
2405,Amar'e Stoudemire,3.185889935774582,-0.804569225328636,1.7459990833437748,0,Sleeper,1131.9750000000001,1294.9999999999998,163.02499999999964
2406,Caron Butler,2.1090690629708426,-0.19333574760002853,-0.05220168291597987,0,Sleeper,756.675,974.8666666666668,218.19166666666683
2407,Jared Jeffries,-1.7544640069101172,0.15249207848607121,0.20120353618284975,1,Bust,352.34999999999997,273.1666666666667,-79.18333333333328
2408,Melvin Ely,-3.474398603173639,-0.05483949372357385,-0.09024167161523003,1,Bust,255.92499999999995,65.86666666666666,-190.05833333333328
2410,Fred Jones,3.967720093941648,1.8125875272038598,-1.6222803498471179,0,Sleeper,335.55000000000007,996.0,660.4499999999999
2413,Juan Dixon,-2.0532791345380526,-0.12140615285751234,-0.5064473977447985,1,Bust,351.25,260.93333333333334,-90.31666666666666
2419,Tayshaun Prince,2.074279482683256,0.26411815146671036,-0.01451884051775098,2,Neutral,646.2,900.6999999999999,254.4999999999999
2420,Nenad Krstic,-1.20030100989607,0.2488463952149284,0.6535899340072856,1,Bust,425.875,410.90000000000003,-14.974999999999966
2422,John Salmons,1.2460596418713168,1.6584460025659904,-0.8461032046051599,2,Neutral,267.125,777.8666666666668,510.7416666666668
2427,Roger Mason Jr.,-2.6825143901750104,-0.0437336163283424,-0.32873246610364903,1,Bust,302.99999999999994,180.26666666666668,-122.73333333333326
2429,Dan Gadzuric,-2.6814712069256705,-0.17374561909206104,0.4140236009382453,1,Bust,368.0,179.96666666666667,-188.03333333333333
2430,Carlos Boozer,2.3043272914091784,0.46055480975354,1.2853539337294686,0,Sleeper,721.825,1018.8333333333331,297.0083333333331
2436,Flip Murray,-1.0139519870906009,0.0654387445968356,-0.5740161744360126,1,Bust,401.125,433.4333333333334,32.308333333333394
2440,Matt Barnes,-0.17676230585985092,1.2955318414250963,-0.015339592240068084,2,Neutral,245.67499999999998,520.7333333333333,275.0583333333334
2443,Darius Songaila,-1.261342799745921,0.4102465823058258,-0.034119373435275394,1,Bust,339.95000000000005,378.4333333333334,38.48333333333335
2446,Rasual Butler,-0.9638083668908383,0.8854235016279804,-0.10167918151083996,1,Bust,272.25,414.06666666666666,141.81666666666666
2449,Luis Scola,0.2765262575576857,-1.4205009286327073,1.136289475065357,2,Neutral,869.0749999999999,606.9666666666667,-262.10833333333323
2457,Jannero Pargo,-1.4372461929626272,1.2261509821557752,-1.0575094675611012,1,Bust,102.625,337.93333333333334,235.30833333333334
2484,Devin Brown,-1.8798261856540956,0.0882276243491072,-0.2220388726328981,1,Bust,336.34999999999997,276.2999999999999,-60.05000000000007
2501,Reggie Evans,-1.405940834092145,0.6746847353415524,1.1025497573818033,1,Bust,321.85,318.9666666666667,-2.8833333333333258
2544,LeBron James,6.636205736809478,-2.3206217954770985,-0.4992946827829571,0,Sleeper,1591.4,1907.1333333333332,315.7333333333331
2545,Darko Milicic,-1.9632138117897289,0.9839190252940124,0.21594741772845447,1,Bust,189.725,277.96666666666664,88.24166666666665
2546,Carmelo Anthony,3.28310205386843,-1.4816610202071467,0.717357164456794,0,Sleeper,1161.775,1215.4999999999998,53.72499999999968
2547,Chris Bosh,3.583004247352282,-0.4701932279971372,1.577119058697735,0,Sleeper,1065.85,1309.1000000000001,243.25000000000023
2548,Dwyane Wade,4.298296121330234,-1.6656612782518374,-1.125728220497823,0,Sleeper,1211.8500000000001,1463.3,251.44999999999982
2549,Chris Kaman,0.4393296921400411,0.5467038651764375,1.162653966381723,2,Neutral,520.5749999999999,657.9999999999999,137.42499999999995
2550,Kirk Hinrich,0.19408951033078767,-2.1484734232977094,-0.5505542189722533,2,Neutral,896.2,565.1666666666666,-331.0333333333334
2551,T.J. Ford,-0.8620395583828651,-0.9911337668407849,-0.6398829185042997,1,Bust,607.0,457.2666666666667,-149.7333333333333
2553,Jarvis Hayes,-1.6993372253944194,0.4413520533278528,-0.03576226121784463,1,Bust,304.35,319.13333333333327,14.783333333333246
2554,Mickael Pietrus,-1.4747387167588264,0.40380502492559894,0.06889756872929705,1,Bust,341.75,366.86666666666673,25.11666666666673
2555,Nick Collison,-1.001919590255152,-0.1614354550023249,0.9737539015851876,1,Bust,531.575,424.0666666666668,-107.50833333333327
2556,Marcus Banks,-3.5214907844235026,-0.23010779484122978,-0.36688899269736647,1,Bust,283.85,89.56666666666668,-194.28333333333336
2557,Luke Ridnour,-0.3713288816365989,-0.9758178074406618,-1.0514433554171414,2,Neutral,612.5250000000001,513.9000000000001,-98.625
2561,David West,3.3101678912107473,1.792087453781115,0.5588398741051066,0,Sleeper,510.975,1161.2333333333333,650.2583333333333
2562,Sasha Pavlovic,-2.520115304851661,0.41412645594563985,-0.35125139868454447,1,Bust,208.05,160.9333333333333,-47.1166666666667
2563,Dahntay Jones,-1.7551316373644235,0.9897170777563042,-0.49989658279027466,1,Bust,166.05,308.09999999999997,142.04999999999995
2564,Boris Diaw,1.4627285206804925,0.14807855853900964,-0.4409583411633501,2,Neutral,557.8,736.9666666666667,179.16666666666674
2566,Travis Outlaw,-0.837581165318746,0.27538488719366544,0.22399140406116094,1,Bust,417.225,442.9333333333334,25.70833333333337
2567,Brian Cook,-3.426118557655104,-0.22381960345526694,-0.05854199129740232,1,Bust,299.12499999999994,85.53333333333335,-213.59166666666658
2568,Carlos Delfino,-0.6103410194029183,0.9134731071610663,-0.3239473479253785,2,Neutral,279.375,474.2,194.825
2570,Kendrick Perkins,-0.6011661634943611,1.072730752269025,0.8790877297807005,2,Neutral,312.04999999999995,468.2,156.15000000000003
2571,Leandro Barbosa,-0.2983935457517727,-0.2109127641201375,-0.45091677060008284,2,Neutral,552.05,615.6333333333333,63.58333333333337
2572,Josh Howard,0.017899895234052044,-0.7612892787598347,0.5349781034647294,2,Neutral,724.5500000000001,636.7333333333335,-87.8166666666666
2574,Jason Kapono,-1.7857246770703459,0.4885048530694771,-0.4065909207042451,1,Bust,263.35,293.3333333333333,29.98333333333329
2575,Luke Walton,-2.0045473240436578,0.09586009448792232,-0.4477307068418584,1,Bust,315.45,269.93333333333334,-45.51666666666665
2581,Steve Blake,0.40551014404005625,0.45313512178154847,-1.6914744789084801,2,Neutral,347.07500000000005,580.7666666666665,233.6916666666665
2584,Willie Green,-1.0565914200176447,0.38951005378028225,-0.5938869228297177,1,Bust,330.07499999999993,407.36666666666673,77.2916666666668
2585,Zaza Pachulia,-1.7843942601168519,-0.2935194466920829,0.7876531920684626,1,Bust,478.19999999999993,303.5,-174.69999999999993
2586,Keith Bogans,-1.3798725523118514,0.3306444878905754,-0.04742403036038012,1,Bust,339.375,337.63333333333327,-1.741666666666731
2588,Matt Bonner,-1.1322789983774397,0.6924442901796818,0.17876543100479012,1,Bust,327.425,435.8999999999999,108.47499999999991
2590,Mo Williams,1.8817714886625208,0.4004594868983404,-1.478539773644511,2,Neutral,523.3000000000001,891.5666666666667,368.26666666666665
2592,James Jones,-2.7793175057611372,-0.22452026085254784,-0.06622361676365428,1,Bust,355.02500000000003,180.6,-174.42500000000004
2594,Kyle Korver,-1.1572734075942985,-0.5264595115241756,-0.05281547936716519,1,Bust,540.2,423.13333333333327,-117.06666666666678
2605,Marquis Daniels,-1.4339902133844824,0.10733685832377554,-0.20763263913379706,1,Bust,378.47499999999997,362.6333333333334,-15.841666666666583
2617,Udonis Haslem,0.2654737577530006,-0.1263457295832963,1.5516605857207382,2,Neutral,645.4000000000001,588.6999999999999,-56.70000000000016
2624,Quinton Ross,-3.308648382131802,-0.12827126003056374,-0.15230877476116542,1,Bust,276.75,75.23333333333336,-201.51666666666665
2679,Matt Carroll,-3.480842305131848,-0.663881394452638,-0.052000044277426154,1,Bust,382.70000000000005,81.90000000000002,-300.8
2730,Dwight Howard,4.566820231956753,-0.1435221308476515,3.292470765594475,0,Sleeper,1174.45,1455.5333333333335,281.0833333333335
2731,Emeka Okafor,1.3811200026307866,0.12753952392181583,2.3008120900667155,2,Neutral,752.75,813.0333333333333,60.2833333333333
2732,Ben Gordon,0.7957032609594208,-1.2752545815001295,-0.2841033194562666,2,Neutral,826.525,722.7666666666668,-103.75833333333321
2733,Shaun Livingston,-1.6114252161060156,0.36056018126855366,-0.7455712874400152,1,Bust,286.075,339.3,53.22500000000002
2734,Devin Harris,1.9719502701949023,0.17013576733184613,-2.046520303527332,2,Neutral,541.6000000000001,917.3666666666668,375.76666666666665
2736,Luol Deng,1.3827064126186286,-0.714245393146395,0.717038992918471,2,Neutral,830.125,824.5333333333334,-5.591666666666583
2738,Andre Iguodala,3.2729478914255643,-1.2662712427757972,-0.4395448815624952,0,Sleeper,1014.1,1113.8,99.69999999999993
2740,Andris Biedrins,-1.0543800708003033,0.024359150254654585,1.0512254490921729,1,Bust,497.69999999999993,433.00000000000006,-64.69999999999987
2742,Sebastian Telfair,-1.8871605672198324,-0.2359217999523505,-0.9748328134189362,1,Bust,351.0750000000001,272.0333333333333,-79.0416666666668
2743,Kris Humphries,-1.3575655080017572,1.3965447086459113,0.6043475537973515,1,Bust,191.89999999999998,399.3999999999999,207.49999999999994
2744,Al Jefferson,2.3494652037654613,0.5244698149030744,1.4883184921441974,0,Sleeper,734.75,1034.1,299.3499999999999
2746,Josh Smith,2.5873109621519848,-0.35848008117029007,0.8575896094712768,0,Sleeper,868.4999999999999,1028.7333333333333,160.23333333333346
2747,JR Smith,0.8173906565436899,0.7237301947547221,-0.5004953478634487,2,Neutral,440.0000000000001,745.5666666666667,305.5666666666666
2748,Dorell Wright,-1.0494054867604972,-0.2872928125568849,0.21363796175518365,1,Bust,521.65,450.2,-71.44999999999999
2749,Jameer Nelson,0.3518016206874194,-0.6690341070847347,-1.195720103469256,2,Neutral,608.8499999999999,640.8333333333334,31.983333333333462
2753,Delonte West,-1.3966059078405226,-0.40900823147879595,-0.5183164184870239,1,Bust,472.34999999999997,389.6000000000001,-82.74999999999989
2754,Tony Allen,-1.8597051997260778,0.4045832917758797,-0.3136785687699289,1,Bust,306.32500000000005,351.76666666666665,45.441666666666606
2755,Kevin Martin,1.1316007832565362,-0.2618433085507419,-0.3196248093614457,2,Neutral,714.5249999999999,900.6666666666666,186.14166666666677
2756,Sasha Vujacic,-1.9151777284772258,0.5797414476077222,-0.49492389252742514,1,Bust,240.95000000000002,304.93333333333334,63.98333333333332
2757,Beno Udrih,1.346677321865751,1.1094901085096223,-1.6487847391768924,2,Neutral,326.70000000000005,783.1333333333333,456.4333333333333
2760,Anderson Varejao,-0.33368620289702644,1.1774734751082752,0.8553102007681944,2,Neutral,331.7,546.0333333333333,214.33333333333331
2767,Royal Ivey,-3.5068044074247573,0.3466068798095962,-0.4177788192339389,1,Bust,168.375,78.86666666666667,-89.50833333333333
2768,Chris Duhon,-0.3644725216238374,-0.40838963315187904,-1.392370635093198,2,Neutral,463.425,459.1666666666667,-4.258333333333326
2772,Trevor Ariza,0.7840074008438548,1.4317818135218103,-0.2614665152316864,2,Neutral,291.725,675.8666666666667,384.14166666666665
2804,Andres Nocioni,-1.2996726355497237,-0.6270443999214307,0.42536975361285173,1,Bust,554.6999999999999,362.36666666666673,-192.3333333333332
2863,Damien Wilkins,-2.438543530482619,-0.27447747437965003,-0.0903373228672157,1,Bust,382.29999999999995,220.13333333333335,-162.1666666666666
101106,Andrew Bogut,0.19475224522640322,-0.3046964512227909,1.3597705244878822,2,Neutral,682.125,635.0333333333333,-47.0916666666667
101107,Marvin Williams,-0.32320583564349514,-0.43663018462620684,0.6875937382867142,2,Neutral,633.95,548.6333333333333,-85.31666666666672
101108,Chris Paul,2.702078176783707,-3.7961371871279876,-1.33959157955878,0,Sleeper,1437.4,1125.6000000000001,-311.79999999999995
101109,Raymond Felton,1.5762243358820285,-1.5062285167290455,-1.4686064179230378,2,Neutral,833.25,787.2333333333335,-46.01666666666654
101110,Martell Webster,-1.35328959403378,0.1269100428783765,-0.0011731931556810172,1,Bust,401.55,388.5333333333333,-13.016666666666708
101111,Charlie Villanueva,-0.8266140645759336,-0.5754003899137328,0.7074829990271561,1,Bust,619.6,480.6333333333334,-138.96666666666664
101112,Channing Frye,0.34633916148908,1.119649297435202,0.5147456114428427,2,Neutral,370.625,634.5333333333333,263.9083333333333
101114,Deron Williams,3.0057793685325147,-2.1285586309678264,-2.0915697787836844,0,Sleeper,1053.5,1079.0666666666666,25.566666666666606
101115,Andrew Bynum,0.8023153213651713,1.4313974676548924,1.107222783112228,2,Neutral,419.975,801.2333333333332,381.2583333333332
101122,Danny Granger,1.7832945385505952,-0.7996788579685943,0.39769266730813074,2,Neutral,885.775,951.0000000000001,65.22500000000014
101123,Gerald Green,-1.2308505153709817,1.263506967816829,-0.4292102111049583,1,Bust,177.325,427.66666666666674,250.34166666666675
101124,Hakim Warrick,-1.5790898465275798,-0.4783524231704794,0.43694190102519553,1,Bust,534.3000000000001,386.70000000000005,-147.60000000000002
101126,Nate Robinson,-1.6497674355532266,-1.0983541377676187,-0.50330256080119,1,Bust,580.2750000000001,352.3666666666666,-227.90833333333347
101127,Jarrett Jack,0.17233637185129028,-0.7995400281158874,-0.9802289356777915,2,Neutral,634.85,615.6999999999999,-19.15000000000009
101128,Francisco Garcia,-2.4925202033555656,-0.6533913754636886,-0.016336197012865875,1,Bust,467.65000000000003,238.80000000000004,-228.85
101130,Johan Petro,-2.796057132502746,0.32257740755099834,0.1184705349659722,1,Bust,242.77499999999998,152.3666666666667,-90.40833333333327
101131,Jason Maxiell,-1.7480859851598385,0.49981655431954775,0.5249276854744693,1,Bust,316.2,304.26666666666665,-11.933333333333337
101133,Ian Mahinmi,-1.365096722543086,1.2880231394366968,0.4620159827608988,1,Bust,194.875,369.03333333333336,174.15833333333336
101135,David Lee,2.9443393013949692,0.5136442267409647,1.1603275317004442,0,Sleeper,746.025,1089.6333333333334,343.60833333333346
101138,Brandon Bass,-0.9995435564142645,1.0686945063682876,0.2875626708568777,1,Bust,276.3,466.7333333333333,190.43333333333328
101139,CJ Miles,-1.0561041266006201,1.215815981193493,-0.5665582126785176,1,Bust,179.05000000000004,424.6333333333334,245.58333333333334
101141,Ersan Ilyasova,-0.39185377593494664,0.2524546048963003,0.621713403586416,2,Neutral,495.65000000000003,559.3333333333334,63.68333333333334
101142,Ronny Turiaf,-2.462276322638862,-0.008178179309865523,0.017696749551216882,1,Bust,339.30000000000007,225.5666666666666,-113.73333333333346
101145,Monta Ellis,2.69180435922108,0.05590024465992076,-1.4189741678092378,0,Sleeper,669.025,1048.5666666666668,379.54166666666686
101150,Lou Williams,0.3199494639253648,0.6569487582662416,-1.2079332216025753,2,Neutral,390.32500000000005,709.6,319.275
101154,Andray Blatche,-0.1435554462658859,1.1720647899165009,0.23253246611063708,2,Neutral,304.9,572.7666666666668,267.8666666666668
101155,Ryan Gomes,-1.4269266401242886,-1.0432665530361218,0.4026083634542992,1,Bust,625.55,339.83333333333326,-285.7166666666667
101161,Amir Johnson,0.23831093210167928,1.025128421833397,0.7996071173964847,2,Neutral,399.40000000000003,626.7666666666668,227.36666666666673
101162,Marcin Gortat,1.3543968273352938,0.949453265703785,1.4423818122875096,2,Neutral,550.95,825.9333333333334,274.98333333333335
101179,Ronnie Price,-3.014398300920811,0.661629314829796,-0.717111202821325,1,Bust,115.175,122.13333333333333,6.958333333333329
101181,Jose Calderon,0.5667707328608269,-1.4626716117716765,-1.754384907783251,2,Neutral,735.0250000000001,653.1,-81.92500000000007
101236,Chuck Hayes,-0.8006528147019902,1.03363520975205,0.3500612168058082,1,Bust,270.22499999999997,431.49999999999994,161.27499999999998
200745,Andrea Bargnani,-0.8718394471655427,-0.786008778419782,0.31333260402958907,1,Bust,639.825,488.73333333333335,-151.0916666666667
200746,LaMarcus Aldridge,2.9282461945271074,-0.11399174200840044,1.1548523406288096,0,Sleeper,899.4000000000001,1151.2333333333336,251.83333333333348
200748,Tyrus Thomas,-2.7060969090685534,-0.6498404588624115,0.33250993297410897,1,Bust,459.75,192.00000000000003,-267.75
200751,Randy Foye,-0.7156633661561397,-0.46394055776540405,-0.5695524439443747,1,Bust,524.4000000000001,464.79999999999995,-59.600000000000136
200752,Rudy Gay,1.453838499256252,-1.1253167346892565,0.6727564707303111,2,Neutral,910.3749999999998,839.5666666666667,-70.80833333333305
200755,JJ Redick,-0.2717550090171883,1.018805101026474,-1.0695453648202036,2,Neutral,261.9,563.1666666666666,301.26666666666665
200757,Thabo Sefolosha,-1.181315109318369,0.5311012144466122,0.06621053211971954,1,Bust,337.07500000000005,394.50000000000006,57.42500000000001
200758,Ronnie Brewer,-1.5394314033938978,-0.944971235835914,0.22113486972764085,1,Bust,601.9250000000001,355.6333333333334,-246.29166666666669
200765,Rajon Rondo,1.129496054739872,-2.0152515993828706,-1.7873965664316345,2,Neutral,864.55,710.7333333333335,-153.8166666666665
200768,Kyle Lowry,1.5308251296614968,-0.4305337345856708,-1.3259995790237886,2,Neutral,653.875,835.4333333333334,181.5583333333334
200769,Shannon Brown,-1.243735510380371,1.2666575711368184,-0.6154117290595169,1,Bust,161.8,415.8,254.0
200770,Jordan Farmar,-1.3632559847041867,-0.08089304050373952,-1.0813064358626232,1,Bust,367.625,381.0,13.375
200779,Steve Novak,-2.4738177335567904,1.0610440953688232,-0.3908926169490666,1,Bust,129.325,255.53333333333333,126.20833333333334
200780,Solomon Jones,-2.7835430418410296,0.8853949948566366,-0.12733318106385733,1,Bust,117.97500000000001,140.60000000000002,22.625000000000014
200782,P.J. Tucker,-0.039914993802780435,-0.14647646928754837,1.1047054522071533,2,Neutral,588.9499999999999,501.7,-87.24999999999994
200789,Daniel Gibson,-1.89867738843445,0.16919732020652772,-0.5747000105559217,1,Bust,306.49999999999994,286.50000000000006,-19.999999999999886
200794,Paul Millsap,1.990562275187533,0.37016418524504513,0.8036982549006988,2,Neutral,699.0,979.1666666666669,280.16666666666686
200797,Ryan Hollins,-2.867441355123789,0.8284709775956092,-0.14486105102421895,1,Bust,136.67499999999998,158.96666666666664,22.291666666666657
200811,Lou Amundson,-3.225746485399512,0.16780715225849926,-0.0018894029084507273,1,Bust,237.9,103.99999999999996,-133.90000000000003
200826,J.J. Barea,-0.6154550932523928,0.6225051974055367,-1.3708940677267059,2,Neutral,261.825,466.3666666666666,204.54166666666663
201142,Kevin Durant,5.581283944455246,-1.4850592456874492,0.485856031558384,0,Sleeper,1410.5500000000002,1742.4000000000003,331.85000000000014
201143,Al Horford,1.31385718329265,-1.0710636258901032,1.0126076010146474,2,Neutral,931.7,880.9999999999999,-50.70000000000016
201144,Mike Conley,1.8496420671979006,-0.5511941747148047,-1.694531709774521,2,Neutral,702.2249999999999,913.1999999999999,210.97500000000002
201145,Jeff Green,1.1154865656755195,-0.42505956439339676,0.39196353602213907,2,Neutral,726.5,762.5,36.0
201147,Corey Brewer,0.3927475023803457,0.6764354616661974,-0.35057567002028717,2,Neutral,426.3,669.7333333333335,243.43333333333345
201148,Brandan Wright,-1.174640307656465,1.465754255693448,0.09272811753663489,1,Bust,216.125,528.0,311.875
201149,Joakim Noah,2.0977981475309297,0.7438810716138008,0.9452575961538543,2,Neutral,603.5499999999998,916.1666666666666,312.6166666666668
201150,Spencer Hawes,0.3961384160331002,0.6033582613413058,0.5538891509825563,2,Neutral,461.92500000000007,631.2333333333335,169.3083333333334
201152,Thaddeus Young,1.3864611973438055,0.14961346486773397,0.7165421112372418,2,Neutral,685.9000000000001,870.9,184.9999999999999
201155,Rodney Stuckey,-0.0031403505595804394,-0.9349067001444111,-0.4926257967922103,2,Neutral,679.7750000000001,591.5333333333333,-88.24166666666679
201156,Nick Young,-0.743953476017838,0.17591518793055994,-0.2869739519366543,1,Bust,438.12500000000006,511.53333333333336,73.4083333333333
201158,Marco Belinelli,-0.4072237998916751,0.9842652710871052,-0.6928499763967839,2,Neutral,268.975,516.8333333333334,247.85833333333335
201160,Jason Smith,-1.7822267388278408,0.8066139791500688,-0.04580958904056617,1,Bust,226.77499999999998,314.7666666666667,87.99166666666673
201162,Jared Dudley,-0.29817747977083403,0.0386443942924202,-0.15937158987625447,2,Neutral,496.65,550.5,53.85000000000002
201163,Wilson Chandler,-0.25080197867861,-0.3338769916819889,0.49114538213819486,2,Neutral,596.35,543.9,-52.450000000000045
201166,Aaron Brooks,-0.9882758646563191,-0.7214462318773058,-0.6847937709838373,1,Bust,538.25,422.8666666666666,-115.38333333333338
201167,Arron Afflalo,0.8336058884956412,0.8309173062061063,-0.7573824246807812,2,Neutral,402.325,729.2999999999998,326.97499999999985
201168,Tiago Splitter,-0.23198309306571963,0.3981762886109294,0.4969963253299494,2,Neutral,481.5,597.3000000000001,115.80000000000007
201171,Carl Landry,-1.050821099654042,-0.5083088896546103,0.8260919399669155,1,Bust,607.0500000000001,472.7666666666666,-134.28333333333347
201175,Glen Davis,-1.2392442668131496,0.45543177209749286,0.38037593078311116,1,Bust,358.575,391.8666666666666,33.29166666666663
201177,Josh McRoberts,-1.1135650908896755,0.8821541233632232,-0.49709407741396316,1,Bust,228.575,390.8333333333333,162.25833333333333
201188,Marc Gasol,2.304936688963843,-0.5908652052922747,0.5647403019448559,0,Sleeper,877.75,996.3333333333334,118.58333333333337
201189,Aaron Gray,-3.1452660774920433,0.6903054102134966,-0.005135246459534636,1,Bust,139.375,104.89999999999998,-34.47500000000002
201196,Ramon Sessions,-0.24561173818847423,-1.1888431369592025,-0.6193633944104641,2,Neutral,702.475,563.5,-138.97500000000002
201202,Joel Anthony,-3.1210674489497245,0.5883826542624269,-0.025460284377120328,1,Bust,176.075,133.03333333333333,-43.04166666666666
201228,C.J. Watson,-1.5699682870363891,-0.10732548649662542,-0.6606504405121378,1,Bust,387.05,352.6333333333334,-34.41666666666663
201229,Anthony Tolliver,-1.8012503038029388,0.5278339124870527,0.060594636535565086,1,Bust,285.70000000000005,303.5,17.799999999999955
201563,Michael Beasley,-2.1203615238150815,-1.4035793968612036,0.4469641346044225,1,Bust,646.0500000000001,261.90000000000003,-384.15000000000003
201564,O.J. Mayo,0.055505883019278786,-1.1756286678194745,-0.38058223834036803,2,Neutral,723.1250000000002,572.3333333333334,-150.79166666666686
201565,Derrick Rose,0.5375586416411281,-2.810979248888967,-0.1649240096370219,2,Neutral,1091.125,671.2666666666668,-419.85833333333323
201566,Russell Westbrook,3.361701274184624,-1.808326476279108,-0.9093162053299033,0,Sleeper,1125.025,1224.1,99.07499999999982
201567,Kevin Love,3.536572174871419,-0.33753186805137614,1.7176715336834538,0,Sleeper,1002.5749999999999,1222.0333333333335,219.4583333333336
201568,Danilo Gallinari,0.3134405540896507,0.21733179636926722,0.007041381854605216,2,Neutral,548.8499999999999,716.2000000000002,167.35000000000025
201569,Eric Gordon,-0.33968197029996344,-1.1689454600341966,-0.4212191804325694,2,Neutral,704.7750000000001,543.1333333333333,-161.64166666666677
201571,D.J. Augustin,-0.4229734949383385,-0.7677915919834689,-1.0546628721138236,2,Neutral,574.3,514.0666666666667,-60.233333333333235
201572,Brook Lopez,2.0974811432106533,-1.3626799018344182,1.3300000181802294,0,Sleeper,1092.6,1051.7,-40.899999999999864
201573,Jerryd Bayless,-0.6398319454170522,0.4839949033650124,-0.9884206340414669,2,Neutral,306.77500000000003,446.2999999999999,139.52499999999986
201574,Jason Thompson,-0.04629155264797826,-0.15061235702548065,1.4220900277305408,2,Neutral,605.8,516.5666666666666,-89.23333333333335
201575,Brandon Rush,-3.2744435526101006,-0.9360801510972666,0.12774623188734413,1,Bust,454.775,97.49999999999999,-357.275
201577,Robin Lopez,0.6021659866299149,2.023575042925035,0.7449316732715211,2,Neutral,267.625,746.7666666666668,479.14166666666677
201578,Marreese Speights,-1.1871671233981487,0.5941584520371893,0.48945625632287587,1,Bust,355.55,437.76666666666665,82.21666666666664
201579,Roy Hibbert,0.7277233325299596,0.11185969781836055,1.378705776025211,2,Neutral,633.575,680.1999999999999,46.624999999999886
201580,JaVale McGee,-2.4886021014173942,-0.663303250422058,0.5415433541394657,1,Bust,515.2750000000001,277.93333333333334,-237.34166666666675
201581,JJ Hickson,0.4859434978993561,0.9841629401811595,1.4260887987497228,2,Neutral,457.5,668.9000000000001,211.4000000000001
201583,Ryan Anderson,-0.36336586356365397,0.2124621170072169,0.5109548577992871,2,Neutral,510.07500000000005,582.5,72.42499999999995
201584,Courtney Lee,-0.38909212471280136,-0.05486652791911869,-0.30606770922657334,2,Neutral,497.52500000000003,526.0666666666667,28.541666666666686
201585,Kosta Koufos,-0.8110217316050927,1.8928408724513897,0.7339115550623223,1,Bust,149.60000000000002,479.06666666666666,329.46666666666664
201586,Serge Ibaka,1.345295669449516,0.26861630926161495,1.4725047897812555,2,Neutral,693.8499999999999,842.9333333333334,149.08333333333348
201587,Nicolas Batum,2.025732268686313,0.6874161161349839,-0.5783341969809808,2,Neutral,504.925,855.1333333333333,350.2083333333333
201588,George Hill,0.630360754543379,0.1293692544965146,-0.8552244804043534,2,Neutral,516.375,708.4333333333334,192.0583333333334
201589,Darrell Arthur,-1.8123485367248906,0.4646291186660672,0.020991495282320038,1,Bust,288.0,296.26666666666665,8.266666666666652
201596,Mario Chalmers,0.283560901492835,-0.06594139116978824,-1.1499755640262297,2,Neutral,478.40000000000003,584.4666666666667,106.06666666666666
201599,DeAndre Jordan,2.167893532170788,2.399994829773192,2.5037940555363822,2,Neutral,410.79999999999995,973.5999999999999,562.8
201600,Omer Asik,-1.602708312574211,0.3586882507850354,1.0970842157226288,1,Bust,382.57499999999993,325.3666666666666,-57.208333333333314
201601,Luc Mbah a Moute,-1.6910129707945256,-0.18786647539620896,0.32940573695036274,1,Bust,434.19999999999993,296.6666666666667,-137.53333333333325
201609,Goran Dragic,2.5978070904809663,1.1935700062134615,-2.090824067153762,0,Sleeper,408.75,1037.2333333333333,628.4833333333333
201627,Anthony Morrow,-1.8361244032096793,-0.5149411628686386,0.04216627059090401,1,Bust,506.125,354.90000000000003,-151.22499999999997
201933,Blake Griffin,1.5907947437005658,-3.0334106792682776,0.8036607821485651,0,Sleeper,1312.15,930.2333333333332,-381.91666666666686
201935,James Harden,5.546500666067684,0.3049973047901684,-1.622895742632608,0,Sleeper,908.4,1661.1000000000004,752.7000000000004
201936,Tyreke Evans,0.7324097844145429,-1.4149316070558748,-0.5813424515455063,2,Neutral,810.9250000000001,696.5333333333334,-114.39166666666665
201937,Ricky Rubio,2.059993784411741,0.07160699636631633,-2.0641542674632105,2,Neutral,537.825,875.1999999999999,337.3749999999999
201939,Stephen Curry,5.421784356999406,-0.00271696519468982,-2.1033201255657983,0,Sleeper,950.2500000000001,1691.1333333333334,740.8833333333333
201941,Jordan Hill,-0.09239257878490885,1.8472924303223266,0.6742333629734888,2,Neutral,210.72499999999997,594.1333333333332,383.40833333333325
201942,DeMar DeRozan,2.6749231357285024,0.1410208545643386,-0.6380257151467769,0,Sleeper,716.7500000000001,1086.833333333333,370.0833333333329
201943,Brandon Jennings,-0.1306146295945627,-2.21299457358899,-0.9122219823056206,2,Neutral,877.1500000000001,563.5333333333333,-313.6166666666668
201945,Gerald Henderson,0.09979735044150785,0.35683718970788614,-0.2634871062147674,2,Neutral,448.4749999999999,589.0333333333334,140.5583333333335
201946,Tyler Hansbrough,-2.624162874384765,-0.16698321729324278,0.4661276339917764,1,Bust,386.5,212.06666666666663,-174.43333333333337
201949,James Johnson,-1.8226072737499819,0.6774503492904258,-0.3042698476595587,1,Bust,252.15,347.4666666666667,95.31666666666669
201950,Jrue Holiday,-0.30432298682260417,-1.6346969220016725,-0.8529011032936611,2,Neutral,771.5500000000001,570.9666666666667,-200.58333333333337
201951,Ty Lawson,1.2462365021253918,-1.3800651714542957,-1.753837985631742,2,Neutral,782.75,778.2999999999998,-4.450000000000159
201952,Jeff Teague,2.230497355593163,0.3289059775529885,-2.2758950014607113,0,Sleeper,525.6999999999999,973.8666666666668,448.16666666666686
201954,Darren Collison,0.45888887050162724,-0.9887539115026642,-0.896586349706319,2,Neutral,724.5,708.6666666666666,-15.833333333333371
201956,Omri Casspi,-0.8502555244910908,0.6338183841359492,0.17487162900873915,1,Bust,350.95,464.86666666666673,113.91666666666674
201959,Taj Gibson,0.2807467689729459,0.6506517557279273,0.8944667345213863,2,Neutral,487.07500000000005,650.8666666666667,163.79166666666663
201960,DeMarre Carroll,-0.9539211427458177,0.8195213536712667,0.029508667960926105,1,Bust,313.1,468.8333333333333,155.7333333333333
201961,Wayne Ellington,-1.9281301666169413,0.4041788751721589,-0.2746374736140112,1,Bust,283.75000000000006,295.76666666666665,12.016666666666595
201962,Toney Douglas,-2.5845668193461866,-0.3186259831518365,-0.3545884212675055,1,Bust,366.925,210.5666666666667,-156.35833333333332
201967,Dante Cunningham,-1.2417728026544945,0.42646712787690466,0.25551490995348464,1,Bust,353.77500000000003,365.59999999999997,11.824999999999932
201971,DeJuan Blair,-2.9813588655536827,-0.78081582154451,0.36885373463420484,1,Bust,467.42499999999995,160.29999999999998,-307.125
201973,Jonas Jerebko,-1.7889524189740786,0.14213172242527022,0.3664464544477261,1,Bust,372.475,303.3333333333333,-69.14166666666671
201975,Jodie Meeks,-0.941397430608467,0.4497776779925032,-0.46531611858295907,1,Bust,374.3,507.50000000000006,133.20000000000005
201976,Patrick Beverley,-0.11673805708085727,0.3017483049337771,-0.35879535765811726,2,Neutral,422.2,535.3000000000001,113.10000000000008
201977,Marcus Thornton,-1.7395163864130487,-1.1622108416257395,0.21180523347057928,1,Bust,635.5250000000001,350.9666666666667,-284.5583333333334
201978,Chase Budinger,-2.3518225933506347,-0.18815260273082784,0.024615609645812195,1,Bust,382.27500000000003,239.70000000000002,-142.57500000000002
201980,Danny Green,-0.7776308235673184,-0.693270756714788,0.24486414974644374,1,Bust,603.4000000000001,438.6333333333334,-164.7666666666667
201988,Patty Mills,-0.2003508168320852,0.6936583725534353,-1.233819800999785,2,Neutral,313.275,564.3666666666667,251.0916666666667
202066,Garrett Temple,-1.5538132194101064,1.3293865549502417,-0.7285319931906705,1,Bust,104.82499999999999,334.2666666666667,229.44166666666672
202083,Wesley Matthews,0.9015523039468823,-0.39934327503286615,-0.11087260553018173,2,Neutral,689.4749999999999,752.1999999999999,62.72500000000002
202322,John Wall,4.685741528431539,-1.0492199240896847,-2.7996158094855756,0,Sleeper,937.825,1340.9333333333334,403.10833333333335
202323,Evan Turner,0.5656164187512512,-0.4083505861895374,-0.5680504452217092,2,Neutral,579.625,603.1333333333333,23.508333333333326
202324,Derrick Favors,0.44796603383248434,0.34347878918300634,0.9225341970068134,2,Neutral,584.375,734.9666666666667,150.5916666666667
202325,Wesley Johnson,-1.3763577714117192,0.2980514743566778,0.20632896425392644,1,Bust,366.8999999999999,356.36666666666673,-10.53333333333319
202326,DeMarcus Cousins,3.5748606562331733,-0.14878046544469384,1.2921929673200672,0,Sleeper,951.45,1259.1333333333332,307.68333333333317
202327,Ekpe Udoh,-3.3109291356483173,0.18443134833783997,-0.20184248882956712,1,Bust,239.825,138.1,-101.725
202328,Greg Monroe,1.7674987898424732,-0.7721862771632292,1.5105060273939812,2,Neutral,933.925,944.9333333333334,11.00833333333344
202329,Al-Farouq Aminu,-0.4149559865783906,0.5077011132591414,0.6859402103606375,2,Neutral,426.3500000000001,499.9666666666667,73.61666666666662
202330,Gordon Hayward,2.860172815846875,0.6229791633592217,-0.5548495656988734,0,Sleeper,650.1500000000001,1127.4333333333334,477.2833333333333
202331,Paul George,3.6567447844850185,0.2820500772609322,-0.005036626574194228,0,Sleeper,812.6750000000002,1264.1666666666667,451.49166666666656
202332,Cole Aldrich,-3.0877894643895583,0.7300865851201438,-0.09739277419032803,1,Bust,153.35000000000002,162.5666666666667,9.216666666666669
202334,Ed Davis,-0.7406185618058719,0.5125981895114364,1.038744695980491,1,Bust,444.5,511.63333333333327,67.13333333333327
202335,Patrick Patterson,-0.5526568881264144,0.43463243160842463,0.37608725436189255,2,Neutral,415.04999999999995,477.3333333333333,62.28333333333336
202337,Luke Babbitt,-2.581644066806326,1.0898769605351626,-0.3500965408585383,1,Bust,97.14999999999999,200.20000000000002,103.05000000000003
202338,Kevin Seraphin,-2.544508757997756,0.41127961201223395,0.024813458005200854,1,Bust,247.07500000000002,207.1,-39.97500000000002
202339,Eric Bledsoe,1.517897350504038,0.863864624236258,-1.3993958296947304,2,Neutral,421.875,878.0,456.125
202340,Avery Bradley,0.5059560137154796,1.4203560211399064,-0.4830543479172677,2,Neutral,278.125,672.6,394.475
202344,Trevor Booker,-0.4166534737643958,0.9238302152276696,0.710558193298022,2,Neutral,353.09999999999997,518.0333333333334,164.93333333333345
202349,Greivis Vasquez,1.019255602584777,-0.25692044637317735,-1.2797581953930603,2,Neutral,523.1000000000001,614.7,91.59999999999991
202355,Hassan Whiteside,0.24442799553062083,-0.9171374256639077,2.177348987292434,2,Neutral,886.3,733.5,-152.79999999999995
202357,Nemanja Bjelica,-1.119235961882863,0.25287311129050793,-0.01735718517694303,1,Bust,392.7,435.73333333333335,43.03333333333336
202362,Lance Stephenson,-0.8663135694660195,-0.037944266360170495,-0.09254725215674746,1,Bust,441.92500000000007,427.06666666666666,-14.858333333333405
202389,Timofey Mozgov,-0.9483264441181719,1.2269186031478236,0.6104266417331043,1,Bust,258.17499999999995,455.70000000000005,197.5250000000001
202391,Jeremy Lin,-0.26689435680100976,-0.21334651859854073,-0.8370392163598347,2,Neutral,499.65,558.0666666666666,58.41666666666663
202397,Ish Smith,0.003668984048372851,1.4432831714080887,-1.835183411706198,2,Neutral,121.85000000000004,549.4666666666666,427.61666666666656
202498,Lance Thomas,-2.614167505522127,0.5513879143476339,-0.12208258714796862,1,Bust,199.175,167.13333333333335,-32.04166666666666
202681,Kyrie Irving,1.9593751788908533,-1.4650674388844076,-0.8469536412502259,0,Sleeper,978.3249999999998,1041.7,63.37500000000023
202682,Derrick Williams,0.8194095131322425,0.9047703007185938,0.4889096121004492,2,Neutral,458.52500000000003,731.1000000000001,272.5750000000001
202683,Enes Freedom,1.043725449915126,1.0264605102734703,1.4641136211917853,2,Neutral,545.45,868.9333333333334,323.48333333333335
202684,Tristan Thompson,-0.06171973653333701,-0.20905158314077102,1.801990724119079,2,Neutral,669.8,585.9666666666667,-83.83333333333326
202685,Jonas Valan?i?nas,0.6177585236433155,0.08666939235512827,1.6385637070022783,2,Neutral,687.625,774.2666666666668,86.64166666666677
202687,Bismack Biyombo,-0.5355609528593401,1.0780944830003207,1.2633138548661966,2,Neutral,339.9,483.5,143.60000000000002
202688,Brandon Knight,-1.3810265374509605,-1.4717610057679251,-0.2281289843923554,1,Bust,682.9250000000002,380.9333333333334,-301.9916666666668
202689,Kemba Walker,3.8205090546396727,-0.21341265196282208,-1.3925527636963473,0,Sleeper,859.8750000000001,1328.5333333333335,468.6583333333334
202691,Klay Thompson,2.414388232914246,-0.2939510867554835,-0.08896069648092719,0,Sleeper,840.8750000000001,1102.7666666666667,261.89166666666654
202692,Alec Burks,-2.380742437346247,-0.18288124492648175,-0.03263764836027422,1,Bust,378.59999999999997,248.60000000000005,-129.99999999999991
202693,Markieff Morris,0.26566494356641396,-0.24051916130969142,0.6656736240027583,2,Neutral,619.875,605.5333333333333,-14.341666666666697
202694,Marcus Morris Sr.,0.34362348979090834,0.057489798546565156,0.4717987924628378,2,Neutral,575.175,649.2,74.02500000000009
202695,Kawhi Leonard,3.2229055885263707,1.003475278177734,-0.06074625914183317,0,Sleeper,713.8,1361.1333333333334,647.3333333333335
202696,Nikola Vucevic,1.5435177628251098,-0.0744874395452231,1.1010433025327566,2,Neutral,740.15,875.6999999999999,135.54999999999995
202697,Iman Shumpert,-1.477285803105781,0.2608430655340191,-0.16418908205169405,1,Bust,337.275,324.09999999999997,-13.175000000000011
202699,Tobias Harris,2.008814682989448,1.140356129794341,0.18183737014584692,2,Neutral,513.75,962.3000000000001,448.55000000000007
202702,Kenneth Faried,-1.064862745220156,-1.1550115585394727,1.2921456546648529,1,Bust,763.9,496.56666666666666,-267.3333333333333
202704,Reggie Jackson,0.35274400788706844,-0.14072331366116952,-1.4150778823292924,2,Neutral,499.77500000000003,656.8666666666668,157.09166666666675
202709,Cory Joseph,0.023625558586142997,1.1607740158318263,-1.0917524508825411,2,Neutral,229.12499999999997,549.3333333333334,320.20833333333337
202710,Jimmy Butler III,3.2031058560860837,0.9129738247533793,-0.9427064653655486,0,Sleeper,648.075,1287.7666666666667,639.6916666666666
202711,Bojan Bogdanovic,1.289238813404239,0.3136333688303154,-0.0986683963436968,2,Neutral,605.175,868.0,262.82500000000005
202714,Shelvin Mack,-1.5119428190412985,0.49737787417439144,-1.0013387662069766,1,Bust,244.17499999999998,342.2000000000001,98.02500000000012
202718,Chandler Parsons,-1.9088292615816098,-1.9517233907586946,0.33014798507511967,1,Bust,775.325,321.2,-454.12500000000006
202720,Jon Leuer,-1.459110960119749,1.368425023228559,0.03117989595360894,1,Bust,159.79999999999998,387.4000000000001,227.6000000000001
202722,Davis Bertans,-2.4101912936551515,-0.32034830466800573,0.005693910342283073,1,Bust,413.77500000000003,256.50000000000006,-157.27499999999998
202734,E'Twaun Moore,-0.503973868857977,1.1728370067786593,-0.7973048063781111,2,Neutral,227.4,518.5666666666667,291.16666666666674
202738,Isaiah Thomas,2.136533080032662,-0.7068787971924834,-1.4465763681534887,0,Sleeper,812.975,1071.5,258.525
203076,Anthony Davis,4.599488507952998,-0.21620394085390704,1.7971178537439696,0,Sleeper,1178.775,1624.5666666666668,445.79166666666674
203077,Michael Kidd-Gilchrist,-2.010448634070443,-0.7393239450939431,0.42693300303271137,1,Bust,541.5999999999999,300.59999999999997,-240.99999999999994
203078,Bradley Beal,4.002998068037876,1.0841711172215502,-1.3097318186399016,0,Sleeper,638.2750000000001,1366.8,728.5249999999999
203079,Dion Waiters,-1.6287997848159872,-0.8506162899118689,-0.4037707206819721,1,Bust,535.7,345.1000000000001,-190.59999999999997
203081,Damian Lillard,4.7280417304973925,-1.5719458556295083,-1.1081375458198564,0,Sleeper,1231.1000000000001,1534.0333333333335,302.9333333333334
203082,Terrence Ross,-0.8141081148499907,0.1971575088392166,-0.15226778984957456,1,Bust,440.67500000000007,511.90000000000003,71.22499999999997
203083,Andre Drummond,3.690935235157271,0.35303196378338464,3.4712733624597765,0,Sleeper,972.55,1228.5000000000002,255.95000000000027
203084,Harrison Barnes,1.9154488104292176,0.8577223796126701,0.27384847745672,2,Neutral,561.85,936.0333333333334,374.1833333333334
203085,Austin Rivers,-0.23904595637235693,0.690056817665311,-1.0093419151671563,2,Neutral,305.35,512.2,206.85000000000002
203086,Meyers Leonard,-2.50863977448585,0.47681777547336507,-0.06892717009612347,1,Bust,236.35,220.6666666666667,-15.68333333333328
203087,Jeremy Lamb,0.37438864925200266,1.5629819623263288,-0.2609359799679038,2,Neutral,276.25,719.1333333333333,442.8833333333333
203089,John Henson,-1.3781695107292968,0.08367390986399498,0.5132375088262493,1,Bust,444.85,411.6666666666667,-33.18333333333334
203090,Maurice Harkless,-1.0420883574898534,0.5036656258190978,0.14506760648853956,1,Bust,373.375,453.6666666666667,80.29166666666669
203092,Tyler Zeller,-0.21850683784760633,0.6750253771213357,0.7417936498175726,2,Neutral,430.37500000000006,571.9000000000001,141.52500000000003
203095,Evan Fournier,0.8196009749444008,0.6121118704942506,-0.8661199059090053,2,Neutral,436.62500000000006,732.5333333333333,295.90833333333325
203101,Miles Plumlee,-1.1585174693469114,0.7578213208084474,0.42995739019680695,1,Bust,301.125,377.5999999999999,76.47499999999991
203109,Jae Crowder,0.4345982319378045,0.5406964160250035,0.2117307430405981,2,Neutral,477.42499999999995,659.4000000000001,181.97500000000014
203110,Draymond Green,1.8367920623976304,-0.44825285894836314,-0.6229751482991552,2,Neutral,690.0,818.8666666666668,128.8666666666668
203112,Quincy Acy,-0.4728004173696478,1.3777084737983045,0.36639987450706973,2,Neutral,215.25,435.9000000000001,220.6500000000001
203114,Khris Middleton,1.300154479855465,-0.09485276076813828,-0.33997553000740166,2,Neutral,649.625,840.8333333333335,191.20833333333348
203115,Will Barton,0.28266809555352157,0.8625161363048448,-0.6282593301827765,2,Neutral,357.475,653.4,295.92499999999995
203118,Mike Scott,-1.4906385032124525,0.39365055644334523,0.18592389595190573,1,Bust,341.6,355.4333333333334,13.833333333333371
203124,Kyle O'Quinn,-1.410457545930748,0.840666301558607,0.17518126834390785,1,Bust,278.5,417.8333333333333,139.33333333333331
203145,Kent Bazemore,-0.18020091590082307,0.8865456652322179,-0.6237903133495608,2,Neutral,307.125,559.4000000000001,252.2750000000001
203200,Justin Holiday,-0.08739060745516748,0.8820605290466762,-0.1564183831395734,2,Neutral,351.5,571.6666666666667,220.16666666666674
203210,JaMychal Green,-1.3381959033741564,0.37931073575316077,0.6716814313191337,1,Bust,386.07499999999993,389.0666666666666,2.9916666666666742
203382,Aron Baynes,-1.7030411069545301,0.5223131143194876,0.30811329240029933,1,Bust,307.125,332.1333333333334,25.008333333333383
203457,Nerlens Noel,-1.328960513287629,-0.013976565158797652,0.7651270858576977,1,Bust,502.675,459.2666666666667,-43.4083333333333
203458,Alex Len,-0.6813405028877083,0.8530669616850184,0.6551781069497742,1,Bust,369.675,543.2666666666668,173.59166666666675
203459,Allen Crabbe,3.402441408465451,2.3205886159597844,0.06285247684777721,0,Sleeper,319.325,987.8000000000002,668.4750000000001
203463,Ben McLemore,-1.9317782554623897,-0.03451481485612344,-0.09053268995192247,1,Bust,382.85,306.7666666666667,-76.08333333333331
203468,CJ McCollum,2.4595460357242187,0.23437189315570486,-0.6728759648709841,0,Sleeper,675.5500000000002,1042.7333333333336,367.1833333333334
203469,Cody Zeller,-1.4683073270308054,-0.22967639788376176,0.5401870699466764,1,Bust,504.525,415.56666666666666,-88.95833333333331
203471,Dennis Schr?der,1.415109593353006,0.10791368093589683,-1.2026509261701024,2,Neutral,552.625,823.5666666666666,270.9416666666666
203473,Dewayne Dedmon,-1.0366716839731518,1.2256614466306957,0.5213155858428279,1,Bust,244.97500000000002,447.5666666666668,202.59166666666675
203476,Gorgui Dieng,-1.3164505833858917,-0.9086660408886377,0.8912006064928891,1,Bust,662.5749999999999,430.90000000000003,-231.6749999999999
203482,Kelly Olynyk,-0.15990545591295632,0.22084997544426493,0.22811326234188647,2,Neutral,492.27499999999986,587.2333333333333,94.95833333333348
203484,Kentavious Caldwell-Pope,0.08126058746651274,-0.2197308508432133,0.04936770630371118,2,Neutral,598.975,631.2666666666668,32.29166666666674
203486,Mason Plumlee,-0.4499829695506025,-0.7383318947311599,0.578887405074526,2,Neutral,671.275,547.1666666666666,-124.10833333333335
203487,Michael Carter-Williams,-2.6493488097271336,-1.257891887355389,-0.006779972710489943,1,Bust,563.5749999999999,210.26666666666665,-353.3083333333333
203488,Mike Muscala,-2.405637681284971,0.367205520099812,-0.07992375583116475,1,Bust,272.625,250.4666666666667,-22.158333333333303
203490,Otto Porter Jr.,-0.3229100249683762,0.1514043398692154,0.2738262283294088,2,Neutral,523.85,616.9666666666667,93.11666666666667
203493,Reggie Bullock Jr.,-1.4787834240760533,1.5586126979614772,-0.7658914091117353,1,Bust,83.425,384.8999999999999,301.4749999999999
203496,Robert Covington,-0.3685544312404847,-0.5316094094492196,0.8517078668308978,2,Neutral,659.4,548.1666666666666,-111.23333333333335
203497,Rudy Gobert,2.3774316911934648,0.9420308274294851,2.1168362712011928,0,Sleeper,722.4,1102.3333333333333,379.9333333333333
203500,Steven Adams,1.7274721990339537,1.2291350005638468,1.3146164038573929,2,Neutral,556.125,961.4000000000001,405.2750000000001
203501,Tim Hardaway Jr.,0.42618614630984514,0.39749039505931943,-0.40476702074138804,2,Neutral,484.375,698.0333333333333,213.6583333333333
203503,Tony Snell,-1.4179966059107196,0.47323660173294274,-0.4473810577141154,1,Bust,304.70000000000005,366.5,61.799999999999955
203504,Trey Burke,-2.0422646956139183,-0.5149135900345698,-0.6267175097626897,1,Bust,451.5000000000001,339.8,-111.7000000000001
203506,Victor Oladipo,0.4226844893693326,-1.1099149423975492,-0.2093448643449013,2,Neutral,797.4000000000001,747.9333333333334,-49.4666666666667
203507,Giannis Antetokounmpo,5.246467799941338,0.4590085380370911,0.7326209207387734,0,Sleeper,999.175,1660.5,661.325
203516,James Ennis III,-1.935838350811086,0.54966367801114,-0.023480353141109005,1,Bust,276.875,311.3666666666666,34.49166666666662
203521,Matthew Dellavedova,-2.5932582976608862,-0.4814434160650281,-0.777158683333158,1,Bust,355.62499999999994,174.96666666666667,-180.65833333333327
203524,Solomon Hill,-2.247008012627079,0.1494896903670153,-0.11154947763381025,1,Bust,304.67500000000007,221.9,-82.77500000000006
203526,Raul Neto,-1.657162365530358,0.9457432298678818,-0.9624641665841127,1,Bust,172.625,364.8,192.175
203552,Seth Curry,-0.5996740622187055,0.02251240171450788,-0.6319417994219975,2,Neutral,460.775,538.1,77.32500000000005
203897,Zach LaVine,2.1040899947556606,0.9374146306312123,-0.9849619061009055,2,Neutral,512.3499999999999,1041.1666666666667,528.8166666666668
203901,Elfrid Payton,-0.8292873007387572,-1.732080740468509,-0.42438949553982713,1,Bust,752.65,446.9666666666667,-305.6833333333333
203903,Jordan Clarkson,0.7845370446215865,-0.4439880267233788,-0.1831144356081542,2,Neutral,701.175,794.6666666666666,93.49166666666667
203914,Gary Harris,-1.363351545446863,-0.8170992879810497,-0.13665139899929596,1,Bust,574.825,389.4666666666667,-185.35833333333335
203915,Spencer Dinwiddie,1.9265723258047749,0.2961196696730189,-1.6825789119073553,2,Neutral,539.5250000000001,923.5,383.9749999999999
203918,Rodney Hood,-2.081373707510279,-0.698074495014225,-0.07071058835008831,1,Bust,499.6,285.70000000000005,-213.89999999999998
203922,Glenn Robinson III,-2.375966099316184,0.9488503879643102,-0.36946829567849804,1,Bust,153.475,262.3,108.82500000000002
203924,Jerami Grant,0.6136884813238785,0.9464624632465716,-0.02083518928340051,2,Neutral,436.1,761.9333333333333,325.83333333333326
203925,Joe Harris,-0.10710457703714503,0.5759183611554008,-0.25664664598214504,2,Neutral,417.34999999999997,611.5333333333333,194.18333333333334
203926,Doug McDermott,-1.0175139987795423,0.709660470082128,-0.32560027826912175,1,Bust,323.67499999999995,496.1666666666666,172.49166666666662
203932,Aaron Gordon,0.8786794070506609,0.0932770123039853,0.18488995620082596,2,Neutral,589.1,731.4666666666667,142.36666666666667
203933,T.J. Warren,-0.7649927622932116,-0.0699123568553669,0.04022477092886187,1,Bust,529.8,573.1666666666666,43.366666666666674
203935,Marcus Smart,0.11617215401116866,-0.04794203423999287,-1.0260899536829995,2,Neutral,490.67500000000007,613.6666666666667,122.99166666666667
203937,Kyle Anderson,-0.6157567861694971,0.7220287701245153,-0.2650099576600523,2,Neutral,336.92499999999995,523.5333333333334,186.60833333333346
203939,Dwight Powell,-1.1520369770947185,0.5104373973332436,0.23319659501310605,1,Bust,388.02500000000003,493.63333333333327,105.60833333333323
203943,Noah Vonleh,-2.4494244235482068,0.7103530437256771,0.0748855761725899,1,Bust,205.925,234.29999999999998,28.37499999999997
203944,Julius Randle,3.0807254323008713,-0.6093091697388294,0.7596589496315049,0,Sleeper,916.725,1062.5666666666666,145.84166666666658
203952,Andrew Wiggins,1.3104528950152834,-1.723725613650562,0.445200622058315,2,Neutral,1009.3499999999999,841.7333333333335,-167.61666666666645
203953,Jabari Parker,3.2275645520578364,1.6598354641311008,0.5556926819110657,0,Sleeper,507.275,1111.4000000000003,604.1250000000003
203954,Joel Embiid,4.139104641704872,0.38465687930387815,0.8332656354967003,0,Sleeper,965.9250000000001,1552.2333333333333,586.3083333333333
203967,Dario Saric,-1.8275099877668732,-1.4357129689512729,0.47722137872631665,1,Bust,692.7,343.6333333333334,-349.06666666666666
203991,Clint Capela,1.0039242187098154,-0.399927398183527,2.4726212831212675,2,Neutral,870.8,857.5,-13.299999999999955
203992,Bogdan Bogdanovi?,0.49555050683924673,-0.3312446359222334,-0.3993069156423064,2,Neutral,639.975,735.3000000000001,95.32500000000005
203994,Jusuf Nurki?,0.5124286079297743,0.7629119220951047,0.7375357158493402,2,Neutral,483.725,734.2999999999998,250.57499999999982
203999,Nikola Joki?,5.708985921067896,-0.7231956270158364,0.17888918977260287,0,Sleeper,1216.575,1709.4333333333332,492.8583333333331
204001,Kristaps Porzi??is,0.9966851185483813,-0.41107688229967176,0.8483529549830217,2,Neutral,800.6500000000001,902.5,101.84999999999991
204020,Tyler Johnson,-2.232110346729272,-0.5246165470115283,-0.2591065620517738,1,Bust,442.25,265.9333333333334,-176.3166666666666
204038,Langston Galloway,-1.730358457779915,0.09224202881954345,-0.275514673172523,1,Bust,374.075,355.36666666666673,-18.708333333333258
204060,Joe Ingles,1.0470627679851914,0.24503095648354944,-1.2905483964368332,2,Neutral,480.6,733.2666666666665,252.66666666666652
204456,T.J. McConnell,-0.8149916880655296,-0.6846285173927095,-1.038497905813364,1,Bust,541.6750000000001,495.3333333333333,-46.341666666666754
1626145,Tyus Jones,-0.7322934146997558,0.38854241107189735,-1.397064058360709,1,Bust,334.07500000000005,526.1666666666666,192.09166666666658
1626149,Montrezl Harrell,0.7964005436537732,0.4991112985838058,0.6084753713529235,2,Neutral,605.3,881.3666666666668,276.06666666666683
1626153,Delon Wright,-0.4484198343514045,0.6634080379997325,-0.7386229489476024,2,Neutral,342.9,563.4,220.5
1626156,D'Angelo Russell,0.4736644871680079,-1.197844624731674,-1.0668101494208055,2,Neutral,751.8000000000001,723.9666666666667,-27.83333333333337
1626157,Karl-Anthony Towns,2.058010203128361,-3.540204406769553,1.678809482252523,0,Sleeper,1527.5,1076.2,-451.29999999999995
1626158,Richaun Holmes,-0.5923304647343092,0.869263849302868,0.5925697477347163,2,Neutral,390.725,594.5333333333333,203.80833333333328
1626159,Justise Winslow,-0.5951477729370558,0.3021544946342974,0.18554904616413964,2,Neutral,393.6,423.7000000000001,30.10000000000008
1626161,Willie Cauley-Stein,0.7482144896290659,0.06881041121781113,1.3741826464137552,2,Neutral,667.9000000000001,731.0,63.09999999999991
1626162,Kelly Oubre Jr.,0.25722523170403383,0.742428266463519,0.265281334306257,2,Neutral,453.875,696.0333333333333,242.1583333333333
1626163,Frank Kaminsky,-2.735394126573608,-0.8670142407309233,0.1326434437224101,1,Bust,496.525,213.19999999999996,-283.32500000000005
1626164,Devin Booker,3.2321274488815543,-0.459022211205573,-0.9519766346951692,0,Sleeper,883.6,1247.0333333333335,363.4333333333335
1626166,Cameron Payne,-1.209380914769355,1.0146282055797173,-1.3327585437365732,1,Bust,163.625,424.20000000000005,260.57500000000005
1626167,Myles Turner,-0.7370080583341612,-0.9900446753482587,0.981523070618705,1,Bust,747.375,546.7666666666667,-200.60833333333335
1626168,Trey Lyles,-1.7091064595098677,0.23538430648347167,0.3604961941494036,1,Bust,381.1,364.56666666666666,-16.53333333333336
1626169,Stanley Johnson,-2.787565372697251,-0.07337412628356776,-0.19402102467296278,1,Bust,313.44999999999993,177.36666666666667,-136.08333333333326
1626171,Bobby Portis,0.11064161284501114,0.6876894863015387,0.8885399556936032,2,Neutral,478.5,666.3666666666668,187.8666666666668
1626172,Kevon Looney,0.0576220469931962,1.3118460952298276,0.7372874644828603,2,Neutral,327.975,618.2666666666667,290.29166666666663
1626179,Terry Rozier,1.952505512276896,1.2688664979305555,-1.119052174076768,2,Neutral,416.825,977.3333333333335,560.5083333333334
1626181,Norman Powell,-0.04709031550419439,1.2689713568728038,-0.5993844730711069,2,Neutral,301.42499999999995,692.7000000000002,391.2750000000002
1626192,Pat Connaughton,-1.081826012223796,1.2963149217030847,-0.03350718031437862,1,Bust,203.39999999999998,442.79999999999995,239.39999999999998
1626195,Willy Hernangomez,-2.032968548436597,0.45349110690456884,0.3691000179155247,1,Bust,325.19999999999993,347.56666666666666,22.36666666666673
1626196,Josh Richardson,-0.6655613741560852,-0.5499473311184851,-0.2088514074108018,1,Bust,578.9,506.29999999999995,-72.60000000000002
1626204,Larry Nance Jr.,-1.3819957516935373,-0.42476210016297383,0.4210461377100321,1,Bust,537.65,415.3333333333333,-122.31666666666666
1626220,Royce O'Neale,0.24158135367161215,0.5587203446464342,-0.20249160653753254,2,Neutral,401.97499999999997,558.7666666666667,156.79166666666669
1626224,Cedi Osman,-1.1348104415009992,-0.008758856430819788,-0.33625491184663814,1,Bust,433.725,444.36666666666673,10.641666666666708
1626246,Boban Marjanovic,-3.2972780415896263,0.14154621124115047,0.01752696097007538,1,Bust,261.0,147.43333333333334,-113.56666666666666
1627734,Domantas Sabonis,3.8977072345655572,0.786662180288925,0.3644199959565968,0,Sleeper,734.7500000000001,1284.3999999999999,549.6499999999997
1627736,Malik Beasley,-0.2961614215775507,1.0330033135459176,-0.3815357822073881,2,Neutral,302.17499999999995,576.9666666666666,274.79166666666663
1627739,Kris Dunn,-1.4452654123007107,-0.02738112985144586,-0.6278015169823133,1,Bust,387.25,385.3666666666666,-1.8833333333333826
1627741,Buddy Hield,1.725941502968045,-0.7325758673612814,0.030728116609801896,2,Neutral,820.1750000000001,882.7666666666668,62.5916666666667
1627742,Brandon Ingram,1.415580824972412,-0.2832221205931252,-0.6802437862570304,2,Neutral,694.2,910.6,216.39999999999998
1627745,Damian Jones,0.5954108869740256,2.6329816802655834,0.1941604053487668,2,Neutral,116.27499999999999,743.5999999999999,627.3249999999999
1627747,Caris LeVert,0.44900185528970593,0.20455962177582832,-0.848444363270821,2,Neutral,488.6,693.3000000000001,204.70000000000005
1627749,Dejounte Murray,3.93237698885086,1.197154069563451,-1.6771306124000718,0,Sleeper,551.6250000000001,1294.533333333333,742.908333333333
1627750,Jamal Murray,1.4557657530456358,-0.951374424383961,-0.9420736122783557,2,Neutral,819.15,931.5,112.35000000000002
1627751,Jakob Poeltl,1.1494967759276373,1.4529005007217997,0.7201978590033267,2,Neutral,421.925,858.8666666666668,436.9416666666668
1627752,Taurean Prince,-1.9256152608978079,-0.5313050000233563,-0.003953152351553554,1,Bust,486.725,320.9,-165.82500000000005
1627759,Jaylen Brown,2.369675693343542,0.7813520335345777,-0.22381010713188934,0,Sleeper,607.0250000000001,1082.0333333333333,475.0083333333332
1627763,Malcolm Brogdon,0.5124544571420675,-0.5014090370896686,-0.5923493964041805,2,Neutral,663.75,755.4,91.64999999999998
1627777,Georges Niang,-0.8614521043509018,1.3156715245384398,-0.36753833300657246,1,Bust,188.02499999999998,451.9666666666667,263.9416666666667
1627780,Gary Payton II,-1.8819042924727325,1.0138674983924565,-0.3577307083516853,1,Bust,194.875,373.8999999999999,179.02499999999992
1627783,Pascal Siakam,3.059053589792878,0.4621944596413076,-0.2924029143181565,0,Sleeper,703.3499999999999,1159.666666666667,456.31666666666706
1627788,Furkan Korkmaz,-0.18799994639649584,1.1145789413538312,-0.6133349226952791,2,Neutral,254.10000000000002,525.3,271.19999999999993
1627823,Juancho Hernangomez,-2.9098588970115973,0.4303027026187146,-0.05510547712945678,1,Bust,220.725,171.13333333333333,-49.59166666666667
1627826,Ivica Zubac,0.7183268755444612,1.6414778919868498,1.171832007171847,2,Neutral,365.85,764.2666666666668,398.41666666666674
1627827,Dorian Finney-Smith,-0.056939932597815275,0.9104405172926517,0.11574007322403364,2,Neutral,360.175,570.0666666666666,209.8916666666666
1627832,Fred VanVleet,2.098760095828579,0.6561594878519256,-1.702647332377757,2,Neutral,498.75,978.7666666666664,480.0166666666664
1627854,Bryn Forbes,-2.234864109626291,-0.06197494249349814,-0.29794354641925747,1,Bust,367.09999999999997,295.6,-71.49999999999994
1627863,Danuel House Jr.,-2.964698172712843,0.04057105496927248,-0.21523932433039578,1,Bust,282.575,162.33333333333337,-120.24166666666662
1627884,Derrick Jones Jr.,-1.8230101084295496,0.42871418929950766,0.031951009558277885,1,Bust,326.15000000000003,356.06666666666666,29.91666666666663
1627936,Alex Caruso,-0.8450721469411163,0.9965216654757366,-0.859187669790969,1,Bust,232.60000000000002,479.2666666666667,246.66666666666669
1628365,Markelle Fultz,3.79689129063211,2.432017701107978,-2.321997731260082,0,Sleeper,239.60000000000005,1191.5,951.9
1628366,Lonzo Ball,-2.1216873151045768,-1.162913189511633,-0.13899668707518906,1,Bust,576.95,283.40000000000003,-293.55
1628368,De'Aaron Fox,3.27227790229733,-0.5664179916944684,-1.1680369826143924,0,Sleeper,898.575,1259.5666666666668,360.9916666666668
1628369,Jayson Tatum,4.946294378102454,-0.0077495743300545275,0.18378048202632868,0,Sleeper,1023.175,1571.8333333333333,548.6583333333333
1628370,Malik Monk,0.8930879051402799,1.1567566750397793,-1.3779788305034115,2,Neutral,322.3,784.8666666666668,462.5666666666668
1628372,Dennis Smith Jr.,-1.7626668112749393,0.0017212776069153145,-0.814439495161957,1,Bust,340.225,329.1666666666667,-11.058333333333337
1628373,Frank Ntilikina,-1.862403285945218,0.6836489528450118,-0.6437005827608081,1,Bust,192.85,259.2,66.35
1628374,Lauri Markkanen,1.5542322615259292,0.7538170161951809,0.6051600243273072,2,Neutral,617.55,996.1999999999999,378.65
1628378,Donovan Mitchell,2.9251641649332036,-1.306425625291163,-0.6380792987594184,0,Sleeper,1058.825,1241.3666666666666,182.54166666666652
1628379,Luke Kennard,-1.1097645879879714,0.2960096599662857,-0.4338318660174512,1,Bust,380.65000000000003,465.6666666666667,85.01666666666665
1628381,John Collins,0.6336453382625713,-0.748474924093326,1.3101315484809788,2,Neutral,829.95,764.1333333333333,-65.81666666666672
1628382,Justin Jackson,-3.958686804414453,-0.3953563181888265,-0.19135763029725347,1,Bust,291.275,25.9,-265.375
1628384,OG Anunoby,0.10941876328264684,0.5620858991131115,-0.1130663854030648,2,Neutral,454.0,664.9000000000001,210.9000000000001
1628386,Jarrett Allen,2.074170298222146,0.3585532802621529,1.5343460972990222,2,Neutral,784.725,1071.0,286.275
1628389,Bam Adebayo,2.7535392970345547,-0.13134508101164644,1.0317573579614698,0,Sleeper,880.5,1138.3999999999999,257.89999999999986
1628392,Isaiah Hartenstein,0.3019645231675831,1.8491124623291348,0.5603477256080014,2,Neutral,242.82500000000005,671.3666666666667,428.54166666666663
1628398,Kyle Kuzma,2.0189162573547965,0.038693278310799654,0.20444014844046934,2,Neutral,692.6750000000002,919.3333333333334,226.6583333333332
1628401,Derrick White,2.0196534991799653,0.28471880891970525,-1.0297465732328155,2,Neutral,616.325,986.3333333333334,370.0083333333333
1628404,Josh Hart,1.3210641299787238,0.9838055870433711,0.08960932833300142,2,Neutral,436.42499999999995,766.0666666666666,329.64166666666665
1628415,Dillon Brooks,0.3315602880907756,-0.052749322270699825,-0.11120360976010867,2,Neutral,549.725,610.9,61.174999999999955
1628418,Thomas Bryant,-2.3166759140933464,-0.5136585828727717,0.39229723881647377,1,Bust,493.475,309.0,-184.47500000000002
1628420,Monte Morris,-1.9924573030532764,-1.4034257979329634,-0.2860712864620433,1,Bust,637.3,329.4,-307.9
1628436,Luke Kornet,-0.9524640086209953,1.5238579252071571,0.06730820645249232,1,Bust,209.525,541.3666666666667,331.8416666666667
1628449,Chris Boucher,-1.5250194203474772,0.053461874204273986,0.5882334770305758,1,Bust,467.1,443.0666666666666,-24.033333333333417
1628464,Daniel Theis,-2.261815423744621,-0.3929796374556076,0.3249823471272322,1,Bust,453.14999999999986,275.76666666666665,-177.3833333333332
1628467,Maxi Kleber,-2.2146572767776758,-0.303064644930007,0.254217724872021,1,Bust,422.17499999999995,246.5666666666667,-175.60833333333326
1628470,Torrey Craig,-1.1342469667554875,1.012973670973594,0.14464039534038384,1,Bust,251.05,408.8,157.75
1628960,Grayson Allen,0.19944884639399654,1.136849517418656,-0.6523946026010016,2,Neutral,321.12500000000006,676.5,355.37499999999994
1628963,Marvin Bagley III,-1.767988570323448,-0.2634022406906532,0.4548279931694143,1,Bust,501.275,412.59999999999997,-88.67500000000001
1628964,Mo Bamba,-2.6412859987414476,-0.26321376569585514,0.3455104253521384,1,Bust,402.15000000000003,227.79999999999998,-174.35000000000005
1628969,Mikal Bridges,3.072774072429831,0.08881552336896688,-0.6340418249356563,0,Sleeper,775.1,1169.9666666666667,394.8666666666667
1628970,Miles Bridges,2.2233485182438244,-0.09668243918806486,0.2587990187808068,0,Sleeper,768.125,1007.3999999999997,239.27499999999975
1628971,Bruce Brown,-0.41817029367496467,0.11443966728154574,-0.30445763295874284,2,Neutral,462.375,540.8000000000001,78.42500000000007
1628973,Jalen Brunson,3.853921270646379,0.8078078324115021,-2.188857007158848,0,Sleeper,647.675,1399.1333333333332,751.4583333333333
1628975,Jevon Carter,-2.107876906986676,0.661315342203648,-0.7243473461925103,1,Bust,198.725,281.59999999999997,82.87499999999997
1628976,Wendell Carter Jr.,-0.0906461003678127,0.16287408368454184,0.7648185857083498,2,Neutral,545.625,611.5333333333334,65.90833333333342
1628978,Donte DiVincenzo,0.534435703780732,0.9127896064807485,-0.7164029066579177,2,Neutral,377.075,718.6999999999999,341.62499999999994
1628983,Shai Gilgeous-Alexander,5.619381617256566,1.2005371295624785,-1.6396122804741737,0,Sleeper,846.625,1895.7333333333336,1049.1083333333336
1628988,Aaron Holiday,-2.2170725611726834,0.06160097574237265,-0.5447656684321446,1,Bust,319.5,276.3666666666667,-43.133333333333326
1628989,Kevin Huerter,-0.04444738277636505,-0.266496112936799,-0.32801458646215553,2,Neutral,577.325,625.6333333333333,48.30833333333328
1628991,Jaren Jackson Jr.,1.331456978294565,-0.2654232160850477,0.35268563232922207,2,Neutral,766.4000000000002,936.3000000000001,169.89999999999986
1628995,Kevin Knox II,-0.925714212318769,1.23409998866958,0.000826669362966269,1,Bust,225.22500000000002,457.10000000000014,231.8750000000001
1628998,Cody Martin,-0.1582109645125078,1.1297565092800117,-0.39426804009240257,2,Neutral,256.775,516.5999999999999,259.82499999999993
1629001,De'Anthony Melton,-0.9539332737507735,0.1729428125391461,-0.35721151490638925,1,Bust,414.725,479.56666666666666,64.84166666666664
1629003,Shake Milton,2.4362703061582383,1.6264887073525434,-1.4603248720128943,0,Sleeper,306.725,908.9,602.175
1629004,Svi Mykhailiuk,-3.012059543421104,0.20898939692969543,-0.4455747346892814,1,Bust,237.225,168.26666666666668,-68.95833333333331
1629006,Josh Okogie,-2.057861640583653,0.3935848727238962,-0.13625275834649286,1,Bust,303.675,325.1,21.42500000000001
1629011,Mitchell Robinson,-1.2471947471126639,-0.29180105540100953,1.3066953780288462,1,Bust,592.325,475.3666666666666,-116.95833333333343
1629012,Collin Sexton,1.1411218621573826,-0.793797286153749,-0.9648039310457829,2,Neutral,768.8250000000002,893.6,124.77499999999986
1629013,Landry Shamet,-2.6945383756292576,-0.4002324386212381,-0.2852890095364217,1,Bust,388.475,213.1,-175.37500000000003
1629014,Anfernee Simons,0.37574149023924835,-0.07816069899180647,-0.9766759742497303,2,Neutral,541.4250000000001,708.8333333333334,167.4083333333333
1629018,Gary Trent Jr.,-0.7390657440558867,-0.8468561441686293,-0.05004689156900252,1,Bust,651.4,515.0666666666667,-136.33333333333326
1629020,Jarred Vanderbilt,3.0286993710828947,2.828958248161536,1.0292068080504173,0,Sleeper,275.425,1023.5,748.075
1629021,Moritz Wagner,-1.234957544677523,1.0323396233972766,-0.0818376942665776,1,Bust,268.15,498.23333333333335,230.08333333333337
1629022,Lonnie Walker IV,2.050746733345339,1.9276492032487118,-0.7861360864584532,2,Neutral,306.975,949.8000000000002,642.8250000000002
1629023,P.J. Washington,0.2908602331922274,-0.20731867214905686,0.6903210485986696,2,Neutral,638.9749999999999,654.8666666666667,15.891666666666765
1629026,Kenrich Williams,-1.6590859087092393,0.5363596155277159,-0.08298127469693714,1,Bust,301.475,367.43333333333334,65.95833333333331
1629027,Trae Young,4.165170846434946,-3.091170707007321,-2.476518539702682,0,Sleeper,1345.6000000000001,1353.8000000000002,8.200000000000045
1629028,Deandre Ayton,0.6175447624678096,-0.846544481687836,1.615127112844378,2,Neutral,867.625,778.5666666666666,-89.0583333333334
1629029,Luka Don?i?,4.958602370820333,-1.8683611168040182,-0.5073509886678217,0,Sleeper,1340.8500000000001,1599.8999999999999,259.0499999999997
1629048,Goga Bitadze,-1.1814311551494643,1.4021842355735716,0.12173830272303653,1,Bust,205.29999999999998,485.9666666666667,280.66666666666674
1629057,Robert Williams III,-0.7741783900162222,0.7019608349288509,0.8200302802665217,1,Bust,418.07499999999993,560.6000000000001,142.5250000000002
1629060,Rui Hachimura,-0.16351678602415914,0.499736913284471,0.16854278112700025,2,Neutral,469.70000000000005,639.3666666666667,169.66666666666663
1629130,Duncan Robinson,-0.0291065328086924,0.06440599780724993,-0.5810836544416799,2,Neutral,498.25,616.6666666666666,118.41666666666663
1629162,Jordan McLaughlin,-3.273644342905168,0.022522307947675554,-0.5167563490093813,1,Bust,252.95000000000002,139.96666666666664,-112.98333333333338
1629234,Drew Eubanks,-1.43133174887932,1.083124975038782,0.2180700088882105,1,Bust,241.275,420.7666666666667,179.4916666666667
1629611,Terance Mann,-0.9317871415779538,-0.051457567433638794,-0.21027606020718134,1,Bust,460.20000000000005,459.86666666666673,-0.3333333333333144
1629628,RJ Barrett,1.0276324154763394,-0.642404128734425,-0.12223540668981642,2,Neutral,753.475,825.6333333333336,72.15833333333353
1629630,Ja Morant,3.977104938333663,-1.5367064813550695,-1.792454599802322,0,Sleeper,1066.075,1307.8,241.7249999999999
1629631,De'Andre Hunter,-0.5264351059867889,0.33803861526247586,-0.08308483290266043,2,Neutral,447.09999999999997,575.9,128.8
1629632,Coby White,1.7025618263832587,0.30009671503992835,-1.0494658953666307,2,Neutral,573.1750000000001,918.4666666666668,345.29166666666674
1629634,Brandon Clarke,-0.634086693719366,-0.21170317777194006,0.744645634705011,1,Bust,604.725,592.8,-11.925000000000068
1629636,Darius Garland,1.247146012687063,-1.3852351912857683,-1.3775745964240163,2,Neutral,845.425,869.6,24.175000000000068
1629637,Jaxson Hayes,-1.7122786369511935,0.17687143906769978,0.32518757515256547,1,Bust,410.925,403.5666666666666,-7.358333333333405
1629638,Nickeil Alexander-Walker,0.892084248684902,1.4286487498506286,-1.1091672734065818,2,Neutral,292.6,782.2666666666668,489.66666666666674
1629639,Tyler Herro,0.8966695515820052,-0.5874476165257431,-0.4885985098553373,2,Neutral,726.05,835.0333333333334,108.98333333333346
1629652,Luguentz Dort,-0.31483001678141254,0.3646442225863359,0.07845188021980973,2,Neutral,443.375,536.7333333333332,93.35833333333323
1629655,Daniel Gafford,-0.07103808832355844,0.6850223018244855,0.7390079455611379,2,Neutral,499.62500000000006,727.5333333333334,227.90833333333336
1629660,Ty Jerome,1.1765952100375023,2.0161223038594263,-1.7670180519098904,2,Neutral,211.95000000000005,947.3000000000002,735.3500000000001
1629661,Cameron Johnson,-0.08586870840109873,0.2540718102967923,-0.3235112714532681,2,Neutral,493.125,659.9333333333333,166.80833333333328
1629673,Jordan Poole,0.4103971274815534,-0.7694391850651431,-0.8387078280780432,2,Neutral,673.25,694.3666666666668,21.116666666666788
1629675,Naz Reid,1.1497502377026827,1.0258180736646414,0.3226627569977722,2,Neutral,469.7500000000001,831.3666666666668,361.6166666666667
1629680,Matisse Thybulle,-0.4383813363220642,0.9869818315344828,-0.4643247012529257,2,Neutral,314.59999999999997,575.4000000000001,260.8000000000001
1629684,Grant Williams,2.275281578361992,1.7393784672131523,-0.24412097556743453,2,Neutral,347.15,885.5999999999999,538.4499999999999
