player_id,player_name_fixed,year,salary,salary_cap,salary_cap_pct
201985,AJ Price,2013,947907.0,58679000.0,0.016154109647403672
201166,Aaron Brooks,2012,5750000.0,58044000.0,0.09906277996003032
203932,Aaron Gordon,2018,21590909.0,101869000.0,0.21194778588186788
201189,Aaron Gray,2011,2500000.0,58044000.0,0.043070773895665354
1628988,Aaron Holiday,2022,1968175.0,123655000.0,0.015916663297076545
243,Aaron McKie,2003,5000000.0,43840000.0,0.11405109489051095
1630174,Aaron Nesmith,2024,11000000.0,140588000.0,0.07824280877457536
1630598,Aaron Wiggins,2025,10102803.0,154647000.0,0.06532815379541795
1425,Aaron Williams,2003,2925000.0,43840000.0,0.0667198905109489
1502,Adonal Foyle,2003,4400000.0,43840000.0,0.10036496350364964
1559,Adrian Griffin,2004,870046.0,43870000.0,0.019832368361066787
1733,Al Harrington,2003,5692500.0,43840000.0,0.12984717153284672
201143,Al Horford,2012,12000000.0,58044000.0,0.20673971469919372
2744,Al Jefferson,2008,11000000.0,58680000.0,0.18745739604635311
202329,Al-Farouq Aminu,2014,981084.0,63065000.0,0.015556711329580591
101187,Alan Anderson,2016,1315448.0,94143000.0,0.013972871057858788
673,Alan Henderson,2004,8273125.0,43870000.0,0.18858274447230453
202692,Alec Burks,2015,9213484.0,70000000.0,0.1316212
1627936,Alex Caruso,2021,8600000.0,112414000.0,0.07650292668173003
203458,Alex Len,2017,4187599.0,99093000.0,0.042259281684881876
201582,Alexis Ajinca,2015,4539607.0,70000000.0,0.06485152857142858
275,Allan Houston,2003,15937500.0,43840000.0,0.36353786496350365
203459,Allen Crabbe,2018,19332500.0,101869000.0,0.18977804827769
947,Allen Iverson,2003,13500000.0,43840000.0,0.3079379562043796
202087,Alonzo Gee,2014,1063384.0,63065000.0,0.016861714104495364
297,Alonzo Mourning,2006,6725433.0,53135000.0,0.12657256045920767
1630578,Alperen Sengun,2025,33944954.0,154647000.0,0.21949959585378312
1541,Alvin Williams,2003,5500000.0,43840000.0,0.12545620437956204
2405,Amare Stoudemire,2007,13762775.0,55630000.0,0.24739843609563186
1629599,Amir Coffey,2024,3938271.0,140588000.0,0.02801285315958688
101161,Amir Johnson,2011,5500000.0,58044000.0,0.09475570257046378
2760,Anderson Varejao,2008,5784480.0,58680000.0,0.09857668711656442
101154,Andray Blatche,2009,3000000.0,57700000.0,0.05199306759098787
203083,Andre Drummond,2016,22116750.0,94143000.0,0.23492718523947612
2738,Andre Iguodala,2008,11300000.0,58680000.0,0.19256987048398091
1889,Andre Miller,2003,8000000.0,43840000.0,0.18248175182481752
203460,Andre Roberson,2017,9259260.0,99093000.0,0.09344010172262421
200745,Andrea Bargnani,2010,8500000.0,58044000.0,0.14644063124526221
1905,Andrei Kirilenko,2005,10983000.0,49500000.0,0.22187878787878787
2804,Andres Nocioni,2008,8000000.0,58680000.0,0.136332651670075
101106,Andrew Bogut,2009,10000000.0,57700000.0,0.1733102253032929
101115,Andrew Bynum,2009,12526998.0,57700000.0,0.21710568457538995
692,Andrew DeClercq,2003,2500000.0,43840000.0,0.057025547445255474
203094,Andrew Nicholson,2016,6088993.0,94143000.0,0.06467812795428232
203952,Andrew Wiggins,2018,25467250.0,101869000.0,0.25
2740,Andris Biedrins,2008,9000000.0,58680000.0,0.15337423312883436
358,Anfernee Hardaway,2004,14625000.0,43870000.0,0.33337132436744926
1629014,Anfernee Simons,2023,24107143.0,136021000.0,0.17723103785444894
1712,Antawn Jamison,2003,11326219.0,43840000.0,0.2583535355839416
1853,Anthony Carter,2004,807546.0,43870000.0,0.018407704581718715
203076,Anthony Davis,2016,22116750.0,94143000.0,0.23492718523947612
1630162,Anthony Edwards,2024,42176400.0,140588000.0,0.3
1630264,Anthony Gill,2024,2237691.0,140588000.0,0.015916657182689847
1533,Anthony Johnson,2004,2200000.0,43870000.0,0.0501481650330522
201627,Anthony Morrow,2012,4000000.0,58044000.0,0.06891323823306457
1515,Anthony Parker,2010,2855700.0,58044000.0,0.04919888360554062
324,Anthony Peeler,2003,1070000.0,43840000.0,0.024406934306569344
201576,Anthony Randolph,2012,1674641.0,58044000.0,0.028851233546964374
201229,Anthony Tolliver,2014,3000000.0,63065000.0,0.047569967493855544
952,Antoine Walker,2003,13500000.0,43840000.0,0.3079379562043796
101120,Antoine Wright,2009,2110550.0,57700000.0,0.03657798960138648
1498,Antonio Daniels,2003,2200000.0,43840000.0,0.05018248175182482
213,Antonio Davis,2003,12925000.0,43840000.0,0.2948220802919708
686,Antonio McDyess,2005,5393300.0,49500000.0,0.10895555555555556
203382,Aron Baynes,2017,4300000.0,99093000.0,0.0433935797685003
201167,Arron Afflalo,2011,7562500.0,58044000.0,0.1302890910343877
1506,Austin Croshere,2003,7610000.0,43840000.0,0.17358576642335766
201948,Austin Daye,2013,947907.0,58679000.0,0.016154109647403672
1630559,Austin Reaves,2025,13937574.0,154647000.0,0.09012508487070554
203085,Austin Rivers,2016,11000000.0,94143000.0,0.11684352527537895
202340,Avery Bradley,2014,7191011.0,63065000.0,0.11402538650598588
422,Avery Johnson,2003,5445600.0,43840000.0,0.12421532846715329
1630245,Ayo Dosunmu,2025,7518518.0,154647000.0,0.04861728969847459
1628389,Bam Adebayo,2021,28103500.0,112414000.0,0.25
1884,Baron Davis,2003,10960000.0,43840000.0,0.25
2732,Ben Gordon,2008,6404750.0,58680000.0,0.1091470688479891
203463,Ben McLemore,2017,5200000.0,99093000.0,0.0524759569293492
1627732,Ben Simmons,2022,35448672.0,123655000.0,0.28667398811208605
1112,Ben Wallace,2003,5500000.0,43840000.0,0.12545620437956204
2757,Beno Udrih,2008,5585000.0,58680000.0,0.09517723244717109
902,Bimbo Coles,2003,2120000.0,43840000.0,0.048357664233576646
202687,Bismack Biyombo,2015,2814000.0,70000000.0,0.0402
201933,Blake Griffin,2014,17632688.0,63065000.0,0.27959546499643223
448,Bo Outlaw,2003,6585000.0,43840000.0,0.15020529197080293
682,Bob Sura,2003,6266666.0,43840000.0,0.14294402372262774
1626246,Boban Marjanovic,2019,3500000.0,109140000.0,0.032068902327286056
1517,Bobby Jackson,2003,2925000.0,43840000.0,0.0667198905109489
1626171,Bobby Portis,2019,15000000.0,109140000.0,0.13743815283122596
2250,Bobby Simmons,2005,8000000.0,49500000.0,0.16161616161616163
203992,Bogdan Bogdanovic,2021,18000000.0,112414000.0,0.16012240468269076
202711,Bojan Bogdanovic,2018,10500000.0,101869000.0,0.10307355525233387
1630538,Bones Hyland,2025,2461463.0,154647000.0,0.015916655350572594
1719,Bonzi Wells,2003,7000000.0,43840000.0,0.15967153284671534
2564,Boris Diaw,2007,9000000.0,55630000.0,0.16178321049793276
2411,Bostjan Nachbar,2007,2500000.0,55630000.0,0.04493978069387022
1802,Brad Miller,2003,7000000.0,43840000.0,0.15967153284671534
203078,Bradley Beal,2016,22116750.0,94143000.0,0.23492718523947612
201148,Brandan Wright,2012,992680.0,58044000.0,0.017102198332299635
101138,Brandon Bass,2009,4000000.0,57700000.0,0.06932409012131716
1629634,Brandon Clarke,2024,12500000.0,140588000.0,0.08891228269838108
1627742,Brandon Ingram,2020,27285000.0,109140000.0,0.25
201943,Brandon Jennings,2013,7655503.0,58679000.0,0.13046410129688646
202688,Brandon Knight,2015,13500000.0,70000000.0,0.19285714285714287
200750,Brandon Roy,2010,13520500.0,58044000.0,0.2329353593825374
201575,Brandon Rush,2013,4000000.0,58679000.0,0.06816748751682884
2217,Brendan Haywood,2005,4000000.0,49500000.0,0.08080808080808081
699,Brent Barry,2003,5400000.0,43840000.0,0.12317518248175183
1510,Brevin Knight,2003,5000000.0,43840000.0,0.11405109489051095
2073,Brian Cardinal,2007,5850000.0,55630000.0,0.1051590868236563
2567,Brian Cook,2007,3500000.0,55630000.0,0.0629156929714183
258,Brian Grant,2003,12130648.0,43840000.0,0.27670273722627736
203148,Brian Roberts,2016,1050961.0,94143000.0,0.011163453469721593
2243,Brian Scalabrine,2005,2586207.0,49500000.0,0.05224660606060606
1730,Brian Skinner,2003,1500000.0,43840000.0,0.034215328467153285
201572,Brook Lopez,2014,15719000.0,63065000.0,0.24925077301197177
1477,Bruce Bowen,2003,3650000.0,43840000.0,0.083257299270073
1628971,Bruce Brown,2022,6479000.0,123655000.0,0.052395778577493834
1628981,Bruno Fernando,2023,2581522.0,136021000.0,0.01897884885422104
1627854,Bryn Forbes,2020,2337145.0,109140000.0,0.021414192779915703
935,Bryon Russell,2003,1070000.0,43840000.0,0.024406934306569344
1627741,Buddy Hield,2020,24931817.0,109140000.0,0.22843885834707714
203468,CJ McCollum,2017,23962573.0,99093000.0,0.24181902858930499
101139,CJ Miles,2009,3700000.0,57700000.0,0.06412478336221837
201228,CJ Watson,2011,3400000.0,58044000.0,0.058576252498104886
384,Calbert Cheaney,2004,1600000.0,43870000.0,0.03647139275131069
1628997,Caleb Martin,2024,9186594.0,140588000.0,0.06534408342106011
1916,Calvin Booth,2005,7255098.0,49500000.0,0.14656763636363637
1629629,Cam Reddish,2023,2165000.0,136021000.0,0.015916659927511193
1630560,Cam Thomas,2025,6898538.0,154647000.0,0.04460828855393251
1629661,Cameron Johnson,2023,25679348.0,136021000.0,0.1887895839613001
1626166,Cameron Payne,2020,1977011.0,109140000.0,0.018114449331134323
1627747,Caris LeVert,2020,16203704.0,109140000.0,0.1484671431189298
201171,Carl Landry,2011,8500000.0,58044000.0,0.14644063124526221
2306,Carlos Arroyo,2005,4000000.0,49500000.0,0.08080808080808081
2430,Carlos Boozer,2006,11260483.0,53135000.0,0.2119221417145008
2568,Carlos Delfino,2009,3500000.0,57700000.0,0.060658578856152515
2546,Carmelo Anthony,2007,13041250.0,55630000.0,0.23442836598957398
2406,Caron Butler,2006,7438000.0,53135000.0,0.1399830620118566
201858,Cartier Martin,2014,1145685.0,63065000.0,0.018166732736065963
1626224,Cedi Osman,2021,8133334.0,112414000.0,0.07235161100930489
202718,Chandler Parsons,2015,15361500.0,70000000.0,0.21945
101112,Channing Frye,2009,2000000.0,57700000.0,0.03466204506065858
2294,Charlie Bell,2009,3596000.0,57700000.0,0.06232235701906413
101111,Charlie Villanueva,2009,6500000.0,57700000.0,0.11265164644714037
369,Charlie Ward,2003,6030000.0,43840000.0,0.1375456204379562
201978,Chase Budinger,2013,5000000.0,58679000.0,0.08520935939603606
1497,Chauncey Billups,2004,5455200.0,43870000.0,0.1243492135855938
1629002,Chimezie Metu,2023,2697258.0,136021000.0,0.019829717470096528
2365,Chris Andersen,2005,3500000.0,49500000.0,0.0707070707070707
2547,Chris Bosh,2007,12455000.0,55630000.0,0.22388998741686142
1628449,Chris Boucher,2022,12690000.0,123655000.0,0.10262423678783712
2768,Chris Duhon,2008,5585000.0,58680000.0,0.09517723244717109
2549,Chris Kaman,2007,8600000.0,55630000.0,0.15459284558691352
2036,Chris Mihm,2004,3371393.0,43870000.0,0.07684962388876225
101108,Chris Paul,2009,13520500.0,57700000.0,0.23432409012131716
200809,Chris Quinn,2010,861978.0,58044000.0,0.014850423816415133
185,Chris Webber,2003,15937500.0,43840000.0,0.36353786496350365
2404,Chris Wilcox,2006,6250000.0,53135000.0,0.11762491766255764
363,Christian Laettner,2003,5625000.0,43840000.0,0.12830748175182483
1626174,Christian Wood,2022,14317459.0,123655000.0,0.11578552424083134
101236,Chuck Hayes,2010,1972500.0,58044000.0,0.03398284060367997
1088,Chucky Atkins,2003,3900000.0,43840000.0,0.08895985401459854
221,Clarence Weatherspoon,2003,5445600.0,43840000.0,0.12421532846715329
361,Clifford Robinson,2003,4700000.0,43840000.0,0.10720802919708029
203991,Clint Capela,2019,16896552.0,109140000.0,0.1548153930731171
1629632,Coby White,2023,11111111.0,136021000.0,0.08168673219576389
1628998,Cody Martin,2024,8120000.0,140588000.0,0.05775741884086835
203469,Cody Zeller,2017,12584270.0,99093000.0,0.12699454048217332
202332,Cole Aldrich,2015,1100602.0,70000000.0,0.015722885714285713
1630175,Cole Anthony,2024,12900000.0,140588000.0,0.09175747574472928
1629012,Collin Sexton,2023,17525000.0,136021000.0,0.1288403996441726
201147,Corey Brewer,2012,3243000.0,58044000.0,0.0558714078974571
1630557,Corey Kispert,2025,13975000.0,154647000.0,0.09036709409170562
1894,Corey Maggette,2003,7000000.0,43840000.0,0.15967153284671534
916,Corie Blount,2003,1680000.0,43840000.0,0.03832116788321168
722,Corliss Williamson,2003,5000000.0,43840000.0,0.11405109489051095
202709,Cory Joseph,2015,7000000.0,70000000.0,0.1
201584,Courtney Lee,2012,5000000.0,58044000.0,0.08614154779133071
200783,Craig Smith,2010,2300000.0,58044000.0,0.039625111984012126
1626245,Cristiano Felicio,2019,8156500.0,109140000.0,0.07473428623785963
1749,Cuttino Mobley,2003,5394125.0,43840000.0,0.12304117244525548
1626156,D'Angelo Russell,2019,27285000.0,109140000.0,0.25
201571,DJ Augustin,2012,3500000.0,58044000.0,0.0602990834539315
201161,Daequan Cook,2011,3341558.0,58044000.0,0.057569395630900695
2563,Dahntay Jones,2008,926678.0,58680000.0,0.015792058623040218
905,Dale Davis,2003,9061875.0,43840000.0,0.2067033531021898
1627745,Damian Jones,2022,2298385.0,123655000.0,0.01858707694796005
203081,Damian Lillard,2016,24328425.0,94143000.0,0.2584199037634237
2863,Damien Wilkins,2008,3100000.0,58680000.0,0.05282890252215405
1627814,Damion Lee,2022,2133278.0,123655000.0,0.017251853948485708
1800,Damon Jones,2003,751179.0,43840000.0,0.017134557481751824
757,Damon Stoudamire,2003,12375000.0,43840000.0,0.2822764598540146
2424,Dan Dickau,2007,3916706.0,55630000.0,0.07040636347294625
2429,Dan Gadzuric,2006,5252065.0,53135000.0,0.09884379410934413
1629655,Daniel Gafford,2023,12402000.0,136021000.0,0.09117709765403871
200789,Daniel Gibson,2010,4015334.0,58044000.0,0.06917741713183102
1628464,Daniel Theis,2021,8280351.0,112414000.0,0.07365942854092906
201568,Danilo Gallinari,2012,9439000.0,58044000.0,0.16261801392047412
1504,Danny Fortson,2005,6207670.0,49500000.0,0.12540747474747474
101122,Danny Granger,2009,9930500.0,57700000.0,0.172105719237435
201980,Danny Green,2015,10000000.0,70000000.0,0.14285714285714285
201967,Dante Cunningham,2013,2180000.0,58679000.0,0.03715128069667172
203957,Dante Exum,2023,3000000.0,136021000.0,0.022055417913410428
203967,Dario Saric,2020,9250000.0,109140000.0,0.084753527579256
1629636,Darius Garland,2023,34005250.0,136021000.0,0.25
2032,Darius Miles,2004,6750000.0,43870000.0,0.15386368816959198
2443,Darius Songaila,2007,3942000.0,55630000.0,0.07086104619809455
2545,Darko Milicic,2007,6500000.0,55630000.0,0.11684342980406255
353,Darrell Armstrong,2003,2475000.0,43840000.0,0.05645529197080292
201589,Darrell Arthur,2013,3231683.0,58679000.0,0.055073927640212
201954,Darren Collison,2013,1900000.0,58679000.0,0.032379556570493705
1032,Darvin Ham,2003,813679.0,43840000.0,0.018560196167883212
101135,David Lee,2009,7000000.0,57700000.0,0.12131715771230503
133,David Wesley,2003,3960000.0,43840000.0,0.09032846715328467
2561,David West,2007,10650000.0,55630000.0,0.1914434657558871
1630558,Davion Mitchell,2025,11600000.0,154647000.0,0.07500953785071808
202722,Davis Bertans,2020,15000000.0,109140000.0,0.13743815283122596
1630549,Day'Ron Sharpe,2025,6250000.0,154647000.0,0.040414621686809316
1628368,De'Aaron Fox,2021,28103500.0,112414000.0,0.25
1629631,De'Andre Hunter,2023,20089286.0,136021000.0,0.14769253277067512
1629001,De'Anthony Melton,2022,8250000.0,123655000.0,0.06671788443653714
1627761,DeAndre Bembry,2020,1737145.0,109140000.0,0.015916666666666666
201599,DeAndre Jordan,2012,10532977.0,58044000.0,0.18146538832609743
201971,DeJuan Blair,2013,941000.0,58679000.0,0.016036401438333986
201942,DeMar DeRozan,2013,9500000.0,58679000.0,0.1618977828524685
202326,DeMarcus Cousins,2014,13701250.0,63065000.0,0.2172560057083961
201960,DeMarre Carroll,2014,2500000.0,63065000.0,0.039641639578212956
2205,DeSagana Diop,2006,1998000.0,53135000.0,0.03760233367836643
2052,DeShawn Stevenson,2004,2500000.0,43870000.0,0.056986551173922956
1629731,Dean Wade,2024,6166667.0,140588000.0,0.04386339516886221
1629028,Deandre Ayton,2022,30913750.0,123655000.0,0.25
1627749,Dejounte Murray,2021,15428880.0,112414000.0,0.1372505203978152
1626153,Delon Wright,2019,9473684.0,109140000.0,0.08680304196444934
2753,Delonte West,2008,3850000.0,58680000.0,0.06561008861622358
1630166,Deni Avdija,2024,15625000.0,140588000.0,0.11114035337297636
1627756,Denzel Valentine,2021,1005633.0,112414000.0,0.00894579856601491
2035,DerMarr Johnson,2006,865063.0,53135000.0,0.016280474263668014
1507,Derek Anderson,2003,7794000.0,43840000.0,0.17778284671532846
965,Derek Fisher,2004,4903000.0,43870000.0,0.1117620241622977
101114,Deron Williams,2009,12323900.0,57700000.0,0.21358578856152513
934,Derrick Coleman,2003,4000000.0,43840000.0,0.09124087591240876
202324,Derrick Favors,2014,12950000.0,63065000.0,0.2053436930151431
201565,Derrick Rose,2014,18862876.0,63065000.0,0.2991021327202093
1628401,Derrick White,2022,17142857.0,123655000.0,0.13863456390764628
202682,Derrick Williams,2015,4400000.0,70000000.0,0.06285714285714286
1630217,Desmond Bane,2024,34005250.0,140588000.0,0.24187875209832987
2046,Desmond Mason,2004,6529630.0,43870000.0,0.148840437656713
1904,Devean George,2003,4546000.0,43840000.0,0.10369525547445256
1626164,Devin Booker,2019,27285000.0,109140000.0,0.25
2484,Devin Brown,2007,1200000.0,55630000.0,0.021571094733057704
2734,Devin Harris,2008,7800000.0,58680000.0,0.1329243353783231
1630170,Devin Vassell,2024,29347826.0,140588000.0,0.2087505761515919
1628984,Devonte Graham,2022,11550000.0,123655000.0,0.093405038211152
203473,Dewayne Dedmon,2017,6900000.0,99093000.0,0.06963155823317489
87,Dikembe Mutombo,2003,17714291.0,43840000.0,0.4040668567518248
1628415,Dillon Brooks,2022,11400000.0,123655000.0,0.09219198576685132
1901,Dion Glover,2003,1000000.0,43840000.0,0.02281021897810219
203079,Dion Waiters,2016,2898000.0,94143000.0,0.030782957840731654
1717,Dirk Nowitzki,2003,11326219.0,43840000.0,0.2583535355839416
1627734,Domantas Sabonis,2020,19800000.0,109140000.0,0.18141836173721826
201187,Dominic McGuire,2011,915852.0,58044000.0,0.015778581765557163
202388,Donald Sloan,2015,1015421.0,70000000.0,0.014506014285714285
1628378,Donovan Mitchell,2021,28103500.0,112414000.0,0.25
1628978,Donte DiVincenzo,2022,4500000.0,123655000.0,0.03639157332902026
923,Donyell Marshall,2003,4605196.0,43840000.0,0.1050455291970803
2748,Dorell Wright,2011,3823000.0,58044000.0,0.06586382744125147
1627827,Dorian Finney-Smith,2020,4000000.0,109140000.0,0.03665017408832692
57,Doug Christie,2003,6900000.0,43840000.0,0.1573905109489051
203926,Doug McDermott,2018,7333334.0,101869000.0,0.07198788640312559
203110,Draymond Green,2016,15330435.0,94143000.0,0.16284200630955037
1629234,Drew Eubanks,2022,1968175.0,123655000.0,0.015916663297076545
2400,Drew Gooden,2006,6645402.0,53135000.0,0.12506637809353532
1629130,Duncan Robinson,2023,18154000.0,136021000.0,0.13346468560001765
2730,Dwight Howard,2008,13758000.0,58680000.0,0.23445807770961144
203939,Dwight Powell,2018,9631250.0,101869000.0,0.09454544562133721
2548,Dwyane Wade,2007,13041250.0,55630000.0,0.23442836598957398
202734,E'Twaun Moore,2015,1015421.0,70000000.0,0.014506014285714285
1863,Earl Boykins,2004,2500000.0,43870000.0,0.056986551173922956
201947,Earl Clark,2013,4361518.0,58679000.0,0.07432843095485608
2248,Earl Watson,2005,5000000.0,49500000.0,0.10101010101010101
202334,Ed Davis,2014,981084.0,63065000.0,0.015556711329580591
2067,Eddie House,2004,1388327.0,43870000.0,0.03164638705265557
224,Eddie Jones,2003,12333750.0,43840000.0,0.28133553832116787
1944,Eddie Robinson,2003,6204000.0,43840000.0,0.14151459854014597
2201,Eddy Curry,2005,7390000.0,49500000.0,0.14929292929292928
2059,Eduardo Najera,2004,3809524.0,43870000.0,0.08683665374971507
202327,Ekpe Udoh,2014,981084.0,63065000.0,0.015556711329580591
922,Elden Campbell,2003,4000000.0,43840000.0,0.09124087591240876
203901,Elfrid Payton,2018,3000000.0,101869000.0,0.029449587214952538
1882,Elton Brand,2003,10960000.0,43840000.0,0.25
2731,Emeka Okafor,2008,9537500.0,58680000.0,0.1625340831629175
1626144,Emmanuel Mudiay,2019,1737145.0,109140000.0,0.015916666666666666
202339,Eric Bledsoe,2014,13000000.0,63065000.0,0.20613652580670735
201569,Eric Gordon,2013,14283844.0,58679000.0,0.24342343939058267
15,Eric Piatkowski,2003,2500000.0,43840000.0,0.057025547445255474
727,Eric Snow,2003,4500000.0,43840000.0,0.10264598540145986
677,Eric Williams,2003,5540000.0,43840000.0,0.12636861313868614
956,Erick Dampier,2003,7842000.0,43840000.0,0.17887773722627737
1065,Erick Strickland,2003,1500000.0,43840000.0,0.034215328467153285
101141,Ersan Ilyasova,2012,7900000.0,58044000.0,0.13610364551030252
911,Ervin Johnson,2003,4418156.0,43840000.0,0.10077910583941606
2041,Etan Thomas,2005,5393300.0,49500000.0,0.10895555555555556
203095,Evan Fournier,2016,17000000.0,94143000.0,0.18057635724376747
1630596,Evan Mobley,2025,46394100.0,154647000.0,0.3
202323,Evan Turner,2014,3278000.0,63065000.0,0.051978117814952825
101177,Fabricio Oberto,2009,3900000.0,57700000.0,0.06759098786828423
1922,Francisco Elson,2007,3000000.0,55630000.0,0.053927736832644256
101128,Francisco Garcia,2009,5800000.0,57700000.0,0.10051993067590988
1626163,Frank Kaminsky,2019,4767000.0,109140000.0,0.0436778449697636
1628373,Frank Ntilikina,2021,1789256.0,112414000.0,0.01591666518405181
1630532,Franz Wagner,2025,38661700.0,154647000.0,0.2499996766830265
697,Fred Hoiberg,2003,938679.0,43840000.0,0.021411473540145984
2410,Fred Jones,2007,3300000.0,55630000.0,0.059320510515908684
1627832,Fred VanVleet,2020,21250000.0,109140000.0,0.19470404984423675
1627788,Furkan Korkmaz,2022,5000000.0,123655000.0,0.04043508147668918
1629216,Gabe Vincent,2025,11500000.0,154647000.0,0.07436290390372914
202066,Garrett Temple,2014,981084.0,63065000.0,0.015556711329580591
1629726,Garrison Mathews,2024,2230253.0,140588000.0,0.015863750817993
203914,Gary Harris,2018,16517857.0,101869000.0,0.16214802344187143
202390,Gary Neal,2014,3250000.0,63065000.0,0.05153413145167684
56,Gary Payton,2003,4917000.0,43840000.0,0.11215784671532847
1627780,Gary Payton II,2023,8715000.0,136021000.0,0.0640709890384573
1629018,Gary Trent Jr,2023,18560000.0,136021000.0,0.13644951882429918
201588,George Hill,2012,8000000.0,58044000.0,0.13782647646612914
248,George Lynch,2003,2800000.0,43840000.0,0.06386861313868614
1627777,Georges Niang,2021,3300000.0,112414000.0,0.029355774191826643
101123,Gerald Green,2011,516999.0,58044000.0,0.008907018813314037
201945,Gerald Henderson,2013,6000000.0,58679000.0,0.10225123127524327
2222,Gerald Wallace,2005,5000000.0,49500000.0,0.10101010101010101
203507,Giannis Antetokounmpo,2017,22471911.0,99093000.0,0.2267759680300324
2240,Gilbert Arenas,2005,10243200.0,49500000.0,0.20693333333333333
201175,Glen Davis,2011,6300000.0,58044000.0,0.1085383502170767
299,Glenn Robinson,2003,10730000.0,43840000.0,0.24475364963503649
203922,Glenn Robinson III,2018,4075000.0,101869000.0,0.040002355966977196
1629048,Goga Bitadze,2023,2066585.0,136021000.0,0.015193131942861765
201609,Goran Dragic,2012,7500000.0,58044000.0,0.12921232168699606
1921,Gordan Giricek,2006,4000000.0,53135000.0,0.07527994730403689
202330,Gordon Hayward,2014,14746000.0,63065000.0,0.2338222468881313
203476,Gorgui Dieng,2017,14112360.0,99093000.0,0.1424153068329751
255,Grant Hill,2006,16901500.0,53135000.0,0.31808600733979486
1629684,Grant Williams,2023,12405000.0,136021000.0,0.09119915307195213
1628960,Grayson Allen,2022,8925000.0,123655000.0,0.07217662043589018
1761,Greg Buckner,2003,2640000.0,43840000.0,0.060218978102189784
202328,Greg Monroe,2014,5479933.0,63065000.0,0.0868934115595021
731,Greg Ostertag,2003,8666666.0,43840000.0,0.19768854927007298
202349,Greivis Vasquez,2014,6400000.0,63065000.0,0.10148259732022516
101124,Hakim Warrick,2009,3000000.0,57700000.0,0.05199306759098787
1628977,Hamidou Diallo,2022,5200000.0,123655000.0,0.04205248473575674
203084,Harrison Barnes,2016,22116750.0,94143000.0,0.23492718523947612
202355,Hassan Whiteside,2018,24434262.0,101869000.0,0.23985964326733353
201611,Henry Walker,2014,311634.0,63065000.0,0.004941473083326727
200756,Hilton Armstrong,2010,992680.0,58044000.0,0.017102198332299635
458,Howard Eisley,2003,5843750.0,43840000.0,0.13329721715328466
203546,Ian Clark,2017,1577230.0,99093000.0,0.01591666414378412
101133,Ian Mahinmi,2013,4000000.0,58679000.0,0.06816748751682884
101113,Ike Diogu,2010,608772.0,58044000.0,0.010488112466404796
202697,Iman Shumpert,2015,8988765.0,70000000.0,0.12841092857142858
1630193,Immanuel Quickley,2024,32500000.0,140588000.0,0.2311719350157908
1956,Ira Newble,2005,2950200.0,49500000.0,0.0596
1630171,Isaac Okoro,2024,10185186.0,140588000.0,0.07244705095740746
203477,Isaiah Canaan,2018,744671.0,101869000.0,0.007310084520315307
1628392,Isaiah Hartenstein,2023,9245121.0,136021000.0,0.06796833577168232
1630198,Isaiah Joe,2024,12991650.0,140588000.0,0.09240938060147381
1630191,Isaiah Stewart,2024,15000000.0,140588000.0,0.1066947392380573
202738,Isaiah Thomas,2015,6912869.0,70000000.0,0.09875527142857143
1627826,Ivica Zubac,2020,7000000.0,109140000.0,0.06413780465457211
201581,JJ Hickson,2012,4000000.0,58044000.0,0.06891323823306457
200755,JJ Redick,2010,7250000.0,58044000.0,0.12490524429742954
2747,JR Smith,2008,4985001.0,58680000.0,0.08495230061349693
1629630,Ja Morant,2024,36725670.0,140588000.0,0.26122905226619625
203960,JaKarr Sampson,2020,1882867.0,109140000.0,0.017251850833791462
203210,JaMychal Green,2018,8066667.0,101869000.0,0.07918667111682651
201580,JaVale McGee,2012,10000000.0,58044000.0,0.17228309558266142
203953,Jabari Parker,2018,20000000.0,101869000.0,0.1963305814330169
1521,Jacque Vaughn,2003,813679.0,43840000.0,0.018560196167883212
1630183,Jaden McDaniels,2024,22586207.0,140588000.0,0.1606552977494523
203109,Jae Crowder,2016,6286408.0,94143000.0,0.06677509745812221
1630256,Jae'Sean Tate,2024,7565217.0,140588000.0,0.053811257006287874
1626143,Jahlil Okafor,2019,1702486.0,109140000.0,0.015599102070734836
1627774,Jake Layman,2020,3761085.0,109140000.0,0.034461105002748765
2063,Jake Voskuhl,2005,1937500.0,49500000.0,0.039141414141414144
1627751,Jakob Poeltl,2020,8101852.0,109140000.0,0.0742335715594649
1628973,Jalen Brunson,2022,27733332.0,123655000.0,0.22427990780801424
1630224,Jalen Green,2025,33333333.0,154647000.0,0.21554464684086985
1630552,Jalen Johnson,2025,30000000.0,154647000.0,0.1939901840966847
147,Jalen Rose,2003,13279750.0,43840000.0,0.3029140054744526
1630188,Jalen Smith,2024,8571429.0,140588000.0,0.060968425470168154
1630591,Jalen Suggs,2025,35000000.0,154647000.0,0.22632188144613216
2048,Jamaal Magloire,2004,8533333.0,43870000.0,0.1945140870754502
2224,Jamaal Tinsley,2005,5400000.0,49500000.0,0.10909090909090909
2037,Jamal Crawford,2004,5760000.0,43870000.0,0.13129701390471848
1627750,Jamal Murray,2020,27285000.0,109140000.0,0.25
2749,Jameer Nelson,2008,7700000.0,58680000.0,0.13122017723244717
202341,James Anderson,2015,1015421.0,70000000.0,0.014506014285714285
201935,James Harden,2013,13668750.0,58679000.0,0.23294108624891358
201949,James Johnson,2013,507409.0,58679000.0,0.008647199168356653
2592,James Jones,2008,4010000.0,58680000.0,0.06833674164962508
1899,James Posey,2003,4917000.0,43840000.0,0.11215784671532847
2457,Jannero Pargo,2006,1000000.0,53135000.0,0.018819986826009223
201162,Jared Dudley,2011,4250000.0,58044000.0,0.07322031562263111
2407,Jared Jeffries,2007,5632200.0,55630000.0,0.10124393312960633
1628991,Jaren Jackson Jr,2023,27102202.0,136021000.0,0.19925013049455598
1629020,Jarred Vanderbilt,2024,10714286.0,140588000.0,0.07621053005946453
1628386,Jarrett Allen,2021,20000000.0,112414000.0,0.17791378298076752
101127,Jarrett Jack,2009,4500000.0,57700000.0,0.0779896013864818
2260,Jarron Collins,2005,1700000.0,49500000.0,0.03434343434343434
2553,Jarvis Hayes,2007,1200000.0,55630000.0,0.021571094733057704
2215,Jason Collins,2005,5500000.0,49500000.0,0.1111111111111111
2078,Jason Hart,2007,2300000.0,55630000.0,0.0413445982383606
2574,Jason Kapono,2007,5356000.0,55630000.0,0.09627898615854755
467,Jason Kidd,2003,13152000.0,43840000.0,0.3
101131,Jason Maxiell,2009,5000000.0,57700000.0,0.08665511265164645
2202,Jason Richardson,2005,8888888.0,49500000.0,0.17957349494949496
201160,Jason Smith,2012,2500000.0,58044000.0,0.043070773895665354
1891,Jason Terry,2003,8333333.0,43840000.0,0.19008515054744526
201574,Jason Thompson,2012,5250000.0,58044000.0,0.09044862518089725
1715,Jason Williams,2003,6187500.0,43840000.0,0.1411382299270073
1629750,Javonte Green,2024,2425403.0,140588000.0,0.017251849375480126
1629637,Jaxson Hayes,2023,2165000.0,136021000.0,0.015916659927511193
1627759,Jaylen Brown,2020,25035118.0,109140000.0,0.22938535825545173
1628369,Jayson Tatum,2021,28103500.0,112414000.0,0.25
1902,Jeff Foster,2004,4500000.0,43870000.0,0.10257579211306132
201145,Jeff Green,2012,8100000.0,58044000.0,0.13954930742195576
976,Jeff McInnis,2003,3300000.0,43840000.0,0.07527372262773722
201952,Jeff Teague,2013,8000000.0,58679000.0,0.13633497503365768
203924,Jerami Grant,2018,8333333.0,101869000.0,0.08180440565824736
1630526,Jeremiah Robinson-Earl,2025,749755.0,154647000.0,0.004848170349246995
202379,Jeremy Evans,2014,1795000.0,63065000.0,0.028462697217156902
203087,Jeremy Lamb,2016,7000000.0,94143000.0,0.0743549706297866
202391,Jeremy Lin,2014,14898938.0,63065000.0,0.2362473321176564
1630579,Jericho Sims,2025,2461463.0,154647000.0,0.015916655350572594
979,Jermaine O'Neal,2003,13152000.0,43840000.0,0.3
1744,Jerome James,2005,5000000.0,49500000.0,0.10101010101010101
966,Jerome Williams,2003,5987500.0,43840000.0,0.13657618613138686
711,Jerry Stackhouse,2003,6906250.0,43840000.0,0.15753307481751824
201573,Jerryd Bayless,2012,3100000.0,58044000.0,0.053407759630625044
1628975,Jevon Carter,2022,6025000.0,123655000.0,0.04872427317941046
754,Jim Jackson,2003,2200000.0,43840000.0,0.05018248175182482
201149,Joakim Noah,2011,12000000.0,58044000.0,0.20673971469919372
201975,Jodie Meeks,2013,1550000.0,58679000.0,0.02641490141277118
203925,Joe Harris,2019,7666667.0,109140000.0,0.07024617005680776
204060,Joe Ingles,2018,12545455.0,101869000.0,0.12315282372458745
2207,Joe Johnson,2005,12000000.0,49500000.0,0.24242424242424243
693,Joe Smith,2003,5445600.0,43840000.0,0.12421532846715329
201202,Joel Anthony,2011,3600000.0,58044000.0,0.062021914409758114
203954,Joel Embiid,2020,29542010.0,109140000.0,0.2706799523547737
2038,Joel Przybilla,2005,1560000.0,49500000.0,0.03151515151515152
101121,Joey Graham,2009,884881.0,57700000.0,0.015335892547660311
101130,Johan Petro,2009,884881.0,57700000.0,0.015335892547660311
1628381,John Collins,2021,23000000.0,112414000.0,0.20460085042788265
203089,John Henson,2016,12267606.0,94143000.0,0.13030821197539913
1629723,John Konchar,2024,6165000.0,140588000.0,0.04385153782684155
2422,John Salmons,2006,4400000.0,53135000.0,0.08280794203444057
202322,John Wall,2014,13701250.0,63065000.0,0.2172560057083961
468,Jon Barry,2003,3000000.0,43840000.0,0.06843065693430657
202720,Jon Leuer,2015,1035000.0,70000000.0,0.014785714285714286
201973,Jonas Jerebko,2014,4500000.0,63065000.0,0.07135495124078332
1886,Jonathan Bender,2003,5800000.0,43840000.0,0.1322992700729927
1628371,Jonathan Isaac,2024,27600000.0,140588000.0,0.19631832019802545
1630228,Jonathan Kuminga,2025,22500000.0,154647000.0,0.14549263807251353
203903,Jordan Clarkson,2018,12500000.0,101869000.0,0.12270661339563557
200770,Jordan Farmar,2010,3750000.0,58044000.0,0.06460616084349803
201941,Jordan Hill,2013,3500000.0,58679000.0,0.059646551577225246
1629162,Jordan McLaughlin,2023,2420000.0,136021000.0,0.01779137045015108
1629673,Jordan Poole,2023,27955357.0,136021000.0,0.2055223605178612
1630631,Jose Alvarado,2025,4500000.0,154647000.0,0.029098527614502705
101181,Jose Calderon,2009,8219009.0,57700000.0,0.1424438301559792
2735,Josh Childress,2010,6500000.0,58044000.0,0.11198401212872992
1630581,Josh Giddey,2025,25000000.0,154647000.0,0.16165848674723726
1630182,Josh Green,2024,12654321.0,140588000.0,0.09000996528864484
1628404,Josh Hart,2021,12000000.0,112414000.0,0.10674826978846051
2572,Josh Howard,2007,9000000.0,55630000.0,0.16178321049793276
1628367,Josh Jackson,2021,5005350.0,112414000.0,0.04452603768213924
201177,Josh McRoberts,2012,3135000.0,58044000.0,0.054010750465164355
1629006,Josh Okogie,2022,1968175.0,123655000.0,0.015916663297076545
2694,Josh Powell,2009,959111.0,57700000.0,0.016622374350086656
1626196,Josh Richardson,2019,10116576.0,109140000.0,0.09269356789444749
2746,Josh Smith,2008,10000000.0,58680000.0,0.17041581458759372
201950,Jrue Holiday,2013,11000000.0,58679000.0,0.18746059067127932
2413,Juan Dixon,2006,2550000.0,53135000.0,0.04799096640632351
203944,Julius Randle,2019,18000000.0,109140000.0,0.16492578339747113
1908,Jumaine Jones,2003,1500000.0,43840000.0,0.034215328467153285
203200,Justin Holiday,2018,4500000.0,101869000.0,0.044174380822428805
1628382,Justin Jackson,2022,1836090.0,123655000.0,0.014848489749706846
1626159,Justise Winslow,2021,3902439.0,112414000.0,0.03471488426708417
203994,Jusuf Nurkic,2018,11111111.0,101869000.0,0.1090725441498395
436,Juwan Howard,2003,4917000.0,43840000.0,0.11215784671532847
1630231,KJ Martin,2024,7975000.0,140588000.0,0.05672603636156713
2416,Kareem Rush,2007,854957.0,55630000.0,0.015368632033075678
252,Karl Malone,2003,1500000.0,43840000.0,0.034215328467153285
1626157,Karl-Anthony Towns,2019,27285000.0,109140000.0,0.25
202695,Kawhi Leonard,2015,16407500.0,70000000.0,0.23439285714285715
1628966,Keita Bates-Diop,2022,1878720.0,123655000.0,0.015193239254377098
2586,Keith Bogans,2007,2440000.0,55630000.0,0.04386122595721733
1496,Keith Van Horn,2003,13279750.0,43840000.0,0.3029140054744526
1629640,Keldon Johnson,2024,19000000.0,140588000.0,0.13514666970153924
203482,Kelly Olynyk,2017,12007169.0,99093000.0,0.12117070832450325
1509,Kelvin Cato,2003,7344000.0,43840000.0,0.1675182481751825
202689,Kemba Walker,2015,12000000.0,70000000.0,0.17142857142857143
383,Kendall Gill,2003,1070000.0,43840000.0,0.024406934306569344
2570,Kendrick Perkins,2008,4578880.0,58680000.0,0.07803135650988412
202702,Kenneth Faried,2015,11235955.0,70000000.0,0.16051364285714287
72,Kenny Anderson,2003,1070000.0,43840000.0,0.024406934306569344
1903,Kenny Thomas,2003,5500000.0,43840000.0,0.12545620437956204
1629026,Kenrich Williams,2022,2000000.0,123655000.0,0.01617403259067567
203145,Kent Bazemore,2016,15730337.0,94143000.0,0.16708982080452078
203484,Kentavious Caldwell-Pope,2017,17745894.0,99093000.0,0.1790832248493839
2030,Kenyon Martin,2004,9454546.0,43870000.0,0.21551278778208344
201142,Kevin Durant,2011,15506632.0,58044000.0,0.2671530563021156
708,Kevin Garnett,2003,28000000.0,43840000.0,0.6386861313868614
1628989,Kevin Huerter,2022,14508929.0,123655000.0,0.11733394525089968
201567,Kevin Love,2013,14693906.0,58679000.0,0.25041166345711413
2755,Kevin Martin,2008,8760335.0,58680000.0,0.14928996250852078
1563,Kevin Ollie,2003,2458500.0,43840000.0,0.056078923357664234
202338,Kevin Seraphin,2014,3898691.0,63065000.0,0.06182020137952906
788,Kevin Willis,2003,1070000.0,43840000.0,0.024406934306569344
1626172,Kevon Looney,2021,5178572.0,112414000.0,0.04606696674791396
2039,Keyon Dooling,2005,3100000.0,49500000.0,0.06262626262626263
203920,Khem Birch,2021,6350000.0,112414000.0,0.05648762609639369
203114,Khris Middleton,2016,15200000.0,94143000.0,0.1614565076532509
1630165,Killian Hayes,2025,751318.0,154647000.0,0.004858277237838432
2550,Kirk Hinrich,2007,11250000.0,55630000.0,0.20222901312241595
202691,Klay Thompson,2015,15501000.0,70000000.0,0.22144285714285714
977,Kobe Bryant,2003,13500000.0,43840000.0,0.3079379562043796
201585,Kosta Koufos,2012,3000000.0,58044000.0,0.05168492867479843
1627739,Kris Dunn,2022,1000001.0,123655000.0,0.008087024382354131
2743,Kris Humphries,2008,3200000.0,58680000.0,0.054533060668029994
703,Kurt Thomas,2003,5394125.0,43840000.0,0.12304117244525548
2198,Kwame Brown,2005,7500000.0,49500000.0,0.15151515151515152
203937,Kyle Anderson,2018,8641000.0,101869000.0,0.08482462770813495
2594,Kyle Korver,2007,4400000.0,55630000.0,0.07909401402121158
1628398,Kyle Kuzma,2021,13000000.0,112414000.0,0.11564395893749889
200768,Kyle Lowry,2011,5750000.0,58044000.0,0.09906277996003032
203124,Kyle O'Quinn,2016,3918750.0,94143000.0,0.04162550587935375
202713,Kyle Singler,2016,4837500.0,94143000.0,0.05138459577451324
202681,Kyrie Irving,2015,16407500.0,70000000.0,0.23439285714285715
200746,LaMarcus Aldridge,2010,11244000.0,58044000.0,0.1937151126731445
1630163,LaMelo Ball,2024,35147000.0,140588000.0,0.25
1885,Lamar Odom,2003,9963596.0,43840000.0,0.22727180656934307
441,Lamond Murray,2004,4875000.0,43870000.0,0.11112377478914975
202362,Lance Stephenson,2015,9000000.0,70000000.0,0.12857142857142856
202498,Lance Thomas,2016,6191000.0,94143000.0,0.06576166045271555
202361,Landry Fields,2014,8500000.0,63065000.0,0.13478157456592404
1629013,Landry Shamet,2022,9500000.0,123655000.0,0.07682665480570944
204038,Langston Galloway,2018,7000000.0,101869000.0,0.06871570350155592
1716,Larry Hughes,2003,5000600.0,43840000.0,0.11406478102189781
1626204,Larry Nance Jr,2019,12727273.0,109140000.0,0.1166141927799157
202336,Larry Sanders,2014,11000000.0,63065000.0,0.174423214144137
84,Latrell Sprewell,2003,13500000.0,43840000.0,0.3079379562043796
1628374,Lauri Markkanen,2021,15690909.0,112414000.0,0.13958144892984858
202730,Lavoy Allen,2015,3550000.0,70000000.0,0.05071428571428571
2544,LeBron James,2007,13041250.0,55630000.0,0.23442836598957398
2571,Leandro Barbosa,2007,5600000.0,55630000.0,0.10066510875426928
1924,Lee Nailon,2005,835810.0,49500000.0,0.016885050505050504
101132,Linas Kleiza,2010,4995000.0,58044000.0,0.08605540624353938
283,Lindsey Hunter,2003,3000000.0,43840000.0,0.06843065693430657
1630322,Lindy Waters III,2025,2461463.0,154647000.0,0.015916655350572594
1628366,Lonzo Ball,2021,18604651.0,112414000.0,0.16550119202234598
2254,Loren Woods,2005,780000.0,49500000.0,0.01575757575757576
953,Lorenzen Wright,2003,6600000.0,43840000.0,0.15054744525547445
201601,Luc Mbah a Moute,2012,4794192.0,58044000.0,0.08259582385776308
446,Lucious Harris,2003,2500000.0,43840000.0,0.057025547445255474
1629652,Luguentz Dort,2023,15277778.0,136021000.0,0.11231925952610258
2449,Luis Scola,2011,8591793.0,58044000.0,0.14802206946454413
1629029,Luka Doncic,2022,37096500.0,123655000.0,0.3
1630568,Luka Garza,2025,2461463.0,154647000.0,0.015916655350572594
202337,Luke Babbitt,2014,981084.0,63065000.0,0.015556711329580591
1628379,Luke Kennard,2021,13347727.0,112414000.0,0.11873723023822655
1628436,Luke Kornet,2023,2413304.0,136021000.0,0.017742142757368348
2557,Luke Ridnour,2007,6500000.0,55630000.0,0.11684342980406255
2575,Luke Walton,2007,4000000.0,55630000.0,0.07190364911019234
2736,Luol Deng,2008,9385000.0,58680000.0,0.15993524199045672
101129,Luther Head,2009,884881.0,57700000.0,0.015335892547660311
1627763,Malcolm Brogdon,2020,20700000.0,109140000.0,0.1896646509070918
2124,Malik Allen,2006,1803600.0,53135000.0,0.03394372823939023
1627736,Malik Beasley,2020,13425895.0,109140000.0,0.12301534726039949
1628370,Malik Monk,2021,1789256.0,112414000.0,0.01591666518405181
990,Malik Rose,2003,4916250.0,43840000.0,0.1121407390510949
1938,Manu Ginobili,2006,8254375.0,53135000.0,0.15534722875693988
201188,Marc Gasol,2012,13891359.0,58044000.0,0.2393246330370064
1531,Marc Jackson,2004,4225000.0,43870000.0,0.0963072714839298
101162,Marcin Gortat,2012,7258960.0,58044000.0,0.1250596099510716
201158,Marco Belinelli,2011,3377604.0,58044000.0,0.058190407277237954
2556,Marcus Banks,2007,3966207.0,55630000.0,0.07129618910659716
948,Marcus Camby,2003,7250000.0,43840000.0,0.16537408759124086
2033,Marcus Fizer,2004,735960.0,43870000.0,0.016775928880784136
203935,Marcus Smart,2018,11160716.0,101869000.0,0.10955949307443874
201977,Marcus Thornton,2013,8165000.0,58679000.0,0.1391468838937269
201596,Mario Chalmers,2012,4000000.0,58044000.0,0.06891323823306457
1626209,Mario Hezonja,2019,1737145.0,109140000.0,0.015916666666666666
1548,Mark Blount,2004,4903000.0,43870000.0,0.1117620241622977
349,Mark Jackson,2003,1500000.0,43840000.0,0.034215328467153285
2058,Mark Madsen,2004,745046.0,43870000.0,0.01698304080237064
202693,Markieff Morris,2015,8000000.0,70000000.0,0.11428571428571428
2060,Marko Jaric,2006,5525000.0,53135000.0,0.10398042721370095
2605,Marquis Daniels,2007,6373900.0,55630000.0,0.11457666726586374
201578,Marreese Speights,2012,4200000.0,58044000.0,0.0723589001447178
101110,Martell Webster,2010,4800000.0,58044000.0,0.08269588587967748
101107,Marvin Williams,2009,7500000.0,57700000.0,0.12998266897746968
203486,Mason Plumlee,2017,14041096.0,99093000.0,0.14169614402631872
1629680,Matisse Thybulle,2023,10500000.0,136021000.0,0.0771939626969365
2440,Matt Barnes,2008,926678.0,58680000.0,0.015792058623040218
2588,Matt Bonner,2008,2987000.0,58680000.0,0.050903203817314245
2679,Matt Carroll,2009,4700000.0,57700000.0,0.08145580589254767
1723,Matt Harpring,2004,4690000.0,43870000.0,0.10690677000227947
203521,Matthew Dellavedova,2017,9607500.0,99093000.0,0.096954376192062
2230,Maurice Evans,2008,2500000.0,58680000.0,0.04260395364689843
1508,Maurice Taylor,2004,8450000.0,43870000.0,0.1926145429678596
1629622,Max Strus,2024,15212068.0,140588000.0,0.10820317523543972
1628467,Maxi Kleber,2021,8750000.0,112414000.0,0.07783728005408579
2246,Mehmet Okur,2006,8250000.0,53135000.0,0.15526489131457608
2408,Melvin Ely,2006,3303813.0,53135000.0,0.062177717135598005
1897,Metta World Peace,2003,5473684.0,43840000.0,0.1248559306569343
203086,Meyers Leonard,2016,9213484.0,94143000.0,0.09786690460257268
201563,Michael Beasley,2012,5750000.0,58044000.0,0.09906277996003032
203487,Michael Carter-Williams,2017,2700000.0,99093000.0,0.027247131482546698
688,Michael Curry,2003,2800000.0,43840000.0,0.06386861313868614
1720,Michael Doleac,2003,1540000.0,43840000.0,0.03512773722627737
714,Michael Finley,2003,13281250.0,43840000.0,0.3029482208029197
203077,Michael Kidd-Gilchrist,2017,13000000.0,99093000.0,0.131189892323373
1709,Michael Olowokandi,2003,4917000.0,43840000.0,0.11215784671532847
2072,Michael Redd,2005,12000000.0,49500000.0,0.24242424242424243
1913,Michael Ruffin,2005,1670000.0,49500000.0,0.03373737373737374
2554,Mickael Pietrus,2007,3470770.0,55630000.0,0.062390257055545566
1628969,Mikal Bridges,2022,20100000.0,123655000.0,0.1625490275362905
1710,Mike Bibby,2003,9500000.0,43840000.0,0.2166970802919708
201144,Mike Conley,2011,6611571.0,58044000.0,0.11390619185445525
2399,Mike Dunleavy,2006,7438016.0,53135000.0,0.1399833631316458
2229,Mike James,2006,5215000.0,53135000.0,0.0981462312976381
2034,Mike Miller,2004,6000000.0,43870000.0,0.1367677228174151
203488,Mike Muscala,2018,5000000.0,101869000.0,0.049082645358254226
203118,Mike Scott,2017,1709538.0,99093000.0,0.01725185431867034
2366,Mike Wilks,2006,798112.0,53135000.0,0.015020457325679871
1630,Mikki Moore,2004,870046.0,43870000.0,0.019832368361066787
1628970,Miles Bridges,2023,7921300.0,136021000.0,0.05823586063916601
1630540,Miles McBride,2025,4333333.0,154647000.0,0.028020802214074634
203101,Miles Plumlee,2017,12400000.0,99093000.0,0.1251349742161404
1960,Milt Palacio,2003,688679.0,43840000.0,0.015708918795620436
203141,Mirza Teletovic,2016,10500000.0,94143000.0,0.1115324559446799
1629011,Mitchell Robinson,2022,17045454.0,123655000.0,0.1378468642594315
1628964,Mo Bamba,2022,10300000.0,123655000.0,0.0832962678419797
101145,Monta Ellis,2009,11000000.0,57700000.0,0.19064124783362218
1628420,Monte Morris,2022,9125000.0,123655000.0,0.07379402369495774
1626149,Montrezl Harrell,2019,6000000.0,109140000.0,0.05497526113249038
983,Moochie Norris,2004,3850000.0,43870000.0,0.08775928880784135
1629021,Moritz Wagner,2022,1878720.0,123655000.0,0.015193239254377098
2050,Morris Peterson,2004,4400000.0,43870000.0,0.1002963300661044
1630541,Moses Moody,2025,11574075.0,154647000.0,0.0748418979999612
1626167,Myles Turner,2019,18000000.0,109140000.0,0.16492578339747113
1630230,Naji Marshall,2024,8571429.0,140588000.0,0.060968425470168154
1629642,Nassir Little,2023,6250000.0,136021000.0,0.04594878731960506
101126,Nate Robinson,2009,4000000.0,57700000.0,0.06932409012131716
1629675,Naz Reid,2023,12950400.0,136021000.0,0.09520882804861014
1737,Nazr Mohammed,2003,5000000.0,43840000.0,0.11405109489051095
202357,Nemanja Bjelica,2019,6825000.0,109140000.0,0.06253435953820781
2420,Nenad Krstic,2008,4778548.0,58680000.0,0.08143401499659168
2403,Nene,2008,9680000.0,58680000.0,0.16496250852079072
203457,Nerlens Noel,2018,1757429.0,101869000.0,0.017251852869862274
2555,Nick Collison,2008,6350000.0,58680000.0,0.10821404226312202
1630208,Nick Richards,2025,5000000.0,154647000.0,0.03233169734944745
89,Nick Van Exel,2003,11956625.0,43840000.0,0.27273323448905107
201156,Nick Young,2011,3695857.0,58044000.0,0.06367336847908484
1629638,Nickeil Alexander-Walker,2023,4687500.0,136021000.0,0.0344615904897038
201587,Nicolas Batum,2012,11950000.0,58044000.0,0.2058782992212804
203917,Nik Stauskas,2018,2161886.0,101869000.0,0.02122221676859496
203999,Nikola Jokic,2019,27504630.0,109140000.0,0.2520123694337548
202703,Nikola Mirotic,2018,12500000.0,101869000.0,0.12270661339563557
201593,Nikola Pekovic,2014,12100000.0,63065000.0,0.1918655355585507
202696,Nikola Vucevic,2015,11250000.0,70000000.0,0.16071428571428573
203943,Noah Vonleh,2018,1621415.0,101869000.0,0.015916667484710757
1626181,Norman Powell,2019,10116576.0,109140000.0,0.09269356789444749
202708,Norris Cole,2015,3203780.0,70000000.0,0.04576828571428571
1628384,OG Anunoby,2021,16071429.0,112414000.0,0.14296643656484068
201564,OJ Mayo,2012,4020000.0,58044000.0,0.0692578044242299
1630167,Obi Toppin,2024,12975000.0,140588000.0,0.09229094944091956
201600,Omer Asik,2014,14898938.0,63065000.0,0.2362473321176564
201956,Omri Casspi,2013,947907.0,58679000.0,0.016154109647403672
1630168,Onyeka Okongwu,2024,14000000.0,140588000.0,0.09958175662218681
970,Othella Harrington,2003,2925000.0,43840000.0,0.0667198905109489
136,PJ Brown,2003,8000000.0,43840000.0,0.18248175182481752
200782,PJ Tucker,2016,5300000.0,94143000.0,0.056297334905409856
1629023,PJ Washington,2023,16847826.0,136021000.0,0.12386194778747399
1627783,Pascal Siakam,2020,30559200.0,109140000.0,0.28
1626192,Pat Connaughton,2019,1723050.0,109140000.0,0.015787520615722923
1727,Pat Garrity,2004,2937500.0,43870000.0,0.06695919762935947
201976,Patrick Beverley,2016,6000000.0,94143000.0,0.06373283196838851
202335,Patrick Patterson,2014,5831326.0,63065000.0,0.0924653294220249
1630172,Patrick Williams,2025,18000000.0,154647000.0,0.11639411045801082
2200,Pau Gasol,2005,10993000.0,49500000.0,0.22208080808080807
202331,Paul George,2015,16900000.0,70000000.0,0.24142857142857144
200794,Paul Millsap,2010,7600000.0,58044000.0,0.13093515264282268
1718,Paul Pierce,2003,11326219.0,43840000.0,0.2583535355839416
1630194,Paul Reed,2024,4015938.0,140588000.0,0.02856529718041369
1630202,Payton Pritchard,2024,6696429.0,140588000.0,0.04763158306541099
1630173,Precious Achiuwa,2024,6000000.0,140588000.0,0.04267789569522292
2056,Primoz Brezec,2006,2750000.0,53135000.0,0.05175496377152536
1629656,Quentin Grimes,2025,8741209.0,154647000.0,0.05652362477125324
2047,Quentin Richardson,2004,5800000.0,43870000.0,0.13220879872350125
203112,Quincy Acy,2016,2965505.0,94143000.0,0.03150000531106933
202347,Quincy Pondexter,2017,3853931.0,99093000.0,0.038892060993208404
2624,Quinton Ross,2008,854957.0,58680000.0,0.014569819359236538
1629628,RJ Barrett,2023,23883929.0,136021000.0,0.1755900118364076
1711,Raef LaFrentz,2004,9714538.0,43870000.0,0.22143920674720766
1747,Rafer Alston,2003,688679.0,43840000.0,0.015708918795620436
1952,Raja Bell,2005,4250000.0,49500000.0,0.08585858585858586
200765,Rajon Rondo,2010,9090911.0,58044000.0,0.15662102887464682
201196,Ramon Sessions,2012,5000000.0,58044000.0,0.08614154779133071
200751,Randy Foye,2010,4250000.0,58044000.0,0.07322031562263111
1740,Rashard Lewis,2003,7012987.0,43840000.0,0.15996776916058394
739,Rasheed Wallace,2003,17000000.0,43840000.0,0.38777372262773724
2446,Rasual Butler,2006,3000000.0,53135000.0,0.05645996047802766
203526,Raul Neto,2019,1737145.0,109140000.0,0.015916666666666666
951,Ray Allen,2003,13500000.0,43840000.0,0.3079379562043796
101109,Raymond Felton,2009,5501196.0,57700000.0,0.09534135181975736
2501,Reggie Evans,2006,4000000.0,53135000.0,0.07527994730403689
202704,Reggie Jackson,2015,13913044.0,70000000.0,0.19875777142857143
397,Reggie Miller,2003,5000000.0,43840000.0,0.11405109489051095
1888,Richard Hamilton,2003,6500000.0,43840000.0,0.14826642335766424
2210,Richard Jefferson,2005,10200000.0,49500000.0,0.20606060606060606
1626158,Richaun Holmes,2019,4767000.0,109140000.0,0.0436778449697636
1594,Rick Brunson,2004,932546.0,43870000.0,0.021257032140414862
296,Rick Fox,2003,4734797.0,43840000.0,0.10800175638686131
1729,Ricky Davis,2004,5455200.0,43870000.0,0.1243492135855938
201937,Ricky Rubio,2015,12700000.0,70000000.0,0.18142857142857144
203496,Robert Covington,2018,10464092.0,101869000.0,0.10272106332642904
109,Robert Horry,2003,4500000.0,43840000.0,0.10264598540145986
1714,Robert Traylor,2003,825000.0,43840000.0,0.018818430656934306
201577,Robin Lopez,2012,4899293.0,58044000.0,0.08440653642064641
393,Rod Strickland,2003,887317.0,43840000.0,0.0202398950729927
1934,Rodney Buford,2004,745046.0,43870000.0,0.01698304080237064
200760,Rodney Carney,2010,651872.0,58044000.0,0.011230652608366067
203918,Rodney Hood,2018,3472887.0,101869000.0,0.03409169619805829
203585,Rodney McGruder,2022,2298385.0,123655000.0,0.01858707694796005
915,Rodney Rogers,2003,3075600.0,43840000.0,0.0701551094890511
201155,Rodney Stuckey,2011,8500000.0,58044000.0,0.14644063124526221
1500,Ron Mercer,2003,6750000.0,43840000.0,0.1539689781021898
1626178,Rondae Hollis-Jefferson,2019,2500000.0,109140000.0,0.022906358805204325
200758,Ronnie Brewer,2010,4790000.0,58044000.0,0.08252360278409482
101179,Ronnie Price,2009,1250000.0,57700000.0,0.021663778162911613
101142,Ronny Turiaf,2010,4000000.0,58044000.0,0.06891323823306457
201579,Roy Hibbert,2012,13668750.0,58044000.0,0.23548945627455034
2767,Royal Ivey,2008,854957.0,58680000.0,0.014569819359236538
1626220,Royce O'Neale,2021,8800000.0,112414000.0,0.07828206451153771
1739,Ruben Patterson,2003,5445600.0,43840000.0,0.12421532846715329
200752,Rudy Gay,2010,13603750.0,58044000.0,0.23436961615326304
203497,Rudy Gobert,2017,21224719.0,99093000.0,0.214189892323373
1629060,Rui Hachimura,2023,15740741.0,136021000.0,0.115722873673918
201566,Russell Westbrook,2012,13668750.0,58044000.0,0.23548945627455034
201583,Ryan Anderson,2012,8700000.0,58044000.0,0.14988629315691546
1763,Ryan Bowen,2003,1250000.0,43840000.0,0.028512773722627737
101155,Ryan Gomes,2009,3867500.0,57700000.0,0.06702772963604853
200797,Ryan Hollins,2010,2333333.0,58044000.0,0.04019938322651782
1630180,Saddiq Bey,2025,6118644.0,154647000.0,0.03956522919940251
208,Sam Cassell,2003,5062500.0,43840000.0,0.11547673357664233
1630573,Sam Hauser,2025,10044644.0,154647000.0,0.06495207795818865
955,Samaki Walker,2003,1700000.0,43840000.0,0.038777372262773724
2223,Samuel Dalembert,2006,9464307.0,53135000.0,0.17811813305730687
1630572,Sandro Mamukelashvili,2025,2461463.0,154647000.0,0.015916655350572594
2756,Sasha Vujacic,2008,4524887.0,58680000.0,0.07711123040218132
1513,Scot Pollard,2003,5309563.0,43840000.0,0.1211122947080292
1909,Scott Padgett,2003,688679.0,43840000.0,0.015708918795620436
281,Scott Williams,2003,1070000.0,43840000.0,0.024406934306569344
1630567,Scottie Barnes,2025,38661700.0,154647000.0,0.2499996766830265
937,Scottie Pippen,2003,4917000.0,43840000.0,0.11215784671532847
1752,Sean Marks,2008,1141838.0,58680000.0,0.019458725289706883
399,Sean Rooks,2003,1070000.0,43840000.0,0.024406934306569344
2742,Sebastian Telfair,2008,2300000.0,58680000.0,0.039195637355146556
1628400,Semi Ojeleye,2021,1789256.0,112414000.0,0.01591666518405181
201586,Serge Ibaka,2013,12250000.0,58679000.0,0.20876293052028835
200771,Sergio Rodriguez,2016,6800000.0,94143000.0,0.07223054289750698
203552,Seth Curry,2020,7834449.0,109140000.0,0.07178347993402968
203498,Shabazz Muhammad,2017,1924755.0,99093000.0,0.019423723169144137
203894,Shabazz Napier,2018,1942422.0,101869000.0,0.01906784203241418
1628983,Shai Gilgeous-Alexander,2022,30913750.0,123655000.0,0.25
1629003,Shake Milton,2023,5552938.0,136021000.0,0.04082412274575249
1742,Shammond Williams,2003,751179.0,43840000.0,0.017134557481751824
1000,Shandon Anderson,2003,6700000.0,43840000.0,0.15282846715328466
2203,Shane Battier,2005,4903000.0,49500000.0,0.09905050505050506
200769,Shannon Brown,2010,2200000.0,58044000.0,0.03790228102818551
406,Shaquille O'Neal,2003,24749999.0,43840000.0,0.5645528968978102
949,Shareef Abdur-Rahim,2003,13500000.0,43840000.0,0.3079379562043796
2733,Shaun Livingston,2010,3500000.0,58044000.0,0.0602990834539315
762,Shawn Bradley,2003,3500000.0,43840000.0,0.07983576642335767
1890,Shawn Marion,2003,10960000.0,43840000.0,0.25
200761,Shawne Williams,2013,535770.0,58679000.0,0.009130523696722848
200749,Shelden Williams,2010,915852.0,58044000.0,0.015778581765557163
202714,Shelvin Mack,2015,2433333.0,70000000.0,0.0347619
203524,Solomon Hill,2018,12763467.0,101869000.0,0.1252929448605562
200780,Solomon Jones,2010,1500000.0,58044000.0,0.025842464337399215
2049,Speedy Claxton,2005,3600000.0,49500000.0,0.07272727272727272
203915,Spencer Dinwiddie,2019,10605600.0,109140000.0,0.09717427157778999
201150,Spencer Hawes,2011,4051024.0,58044000.0,0.06979229549996555
278,Stacey Augmon,2003,2400000.0,43840000.0,0.05474452554744526
1626169,Stanley Johnson,2019,3623000.0,109140000.0,0.03319589518050211
201939,Stephen Curry,2013,9887642.0,58679000.0,0.16850392815146817
101211,Stephen Graham,2010,992680.0,58044000.0,0.017102198332299635
1536,Stephen Jackson,2004,5100000.0,43870000.0,0.11625256439480283
950,Stephon Marbury,2003,13500000.0,43840000.0,0.3079379562043796
1628425,Sterling Brown,2021,3000000.0,112414000.0,0.026687067447115128
2581,Steve Blake,2007,4250000.0,55630000.0,0.07639762717957936
1883,Steve Francis,2003,10960000.0,43840000.0,0.25
959,Steve Nash,2003,5750000.0,43840000.0,0.1311587591240876
200779,Steve Novak,2010,734945.0,58044000.0,0.01266185996829991
203500,Steven Adams,2017,22471911.0,99093000.0,0.2267759680300324
2212,Steven Hunter,2005,2800000.0,49500000.0,0.05656565656565657
2031,Stromile Swift,2004,5993105.0,43870000.0,0.1366105539092774
2551,TJ Ford,2008,8000000.0,58680000.0,0.136332651670075
204456,TJ McConnell,2019,3500000.0,109140000.0,0.032068902327286056
203933,TJ Warren,2018,11750000.0,101869000.0,0.11534421659189743
201959,Taj Gibson,2013,7550000.0,58679000.0,0.12866613268801444
1627752,Taurean Prince,2020,12250000.0,109140000.0,0.11224115814550119
2419,Tayshaun Prince,2006,7851240.0,53135000.0,0.14776023336783664
1629611,Terance Mann,2023,10576923.0,136021000.0,0.07775948566765425
203082,Terrence Ross,2016,10000000.0,94143000.0,0.10622138661398085
1626179,Terry Rozier,2019,19894737.0,109140000.0,0.18228639362286972
200757,Thabo Sefolosha,2010,3250000.0,58044000.0,0.05599200606436496
201152,Thaddeus Young,2011,7478261.0,58044000.0,0.12883779546550891
203648,Thanasis Antetokounmpo,2025,2874436.0,154647000.0,0.01858707896047127
689,Theo Ratliff,2004,10937500.0,43870000.0,0.24931616138591292
1628418,Thomas Bryant,2023,2528233.0,136021000.0,0.01858707846582513
203080,Thomas Robinson,2016,1050961.0,94143000.0,0.011163453469721593
201168,Tiago Splitter,2014,9250000.0,63065000.0,0.14667406643938793
1495,Tim Duncan,2003,12676125.0,43840000.0,0.2891451870437956
203501,Tim Hardaway Jr,2017,16500000.0,99093000.0,0.1665102479488965
1501,Tim Thomas,2003,11825000.0,43840000.0,0.2697308394160584
202389,Timofey Mozgov,2014,4650000.0,63065000.0,0.0737334496154761
202699,Tobias Harris,2015,16000000.0,70000000.0,0.22857142857142856
339,Tom Gugliotta,2003,11670000.0,43840000.0,0.26619525547445255
203107,Tomas Satoransky,2020,10000000.0,109140000.0,0.0916254352208173
201962,Toney Douglas,2013,1600000.0,58679000.0,0.027266995006731538
389,Toni Kukoc,2003,9056250.0,43840000.0,0.20657504562043796
2754,Tony Allen,2008,2500000.0,58680000.0,0.04260395364689843
1499,Tony Battie,2003,4400000.0,43840000.0,0.10036496350364964
960,Tony Delk,2003,2925000.0,43840000.0,0.0667198905109489
763,Tony Massenburg,2004,1100000.0,43870000.0,0.0250740825165261
2225,Tony Parker,2005,8400000.0,49500000.0,0.1696969696969697
203503,Tony Snell,2017,9821429.0,99093000.0,0.09911324715166561
1628470,Torrey Craig,2021,4878049.0,112414000.0,0.0433936075577775
1503,Tracy McGrady,2003,13279750.0,43840000.0,0.3029140054744526
1629027,Trae Young,2022,37096500.0,123655000.0,0.3
696,Travis Best,2003,938679.0,43840000.0,0.021411473540145984
2566,Travis Outlaw,2008,4000000.0,58680000.0,0.0681663258350375
1630200,Tre Jones,2024,9104167.0,140588000.0,0.06475778160298176
1630570,Trendon Watford,2025,2461463.0,154647000.0,0.015916655350572594
2239,Trenton Hassell,2005,4350000.0,49500000.0,0.08787878787878788
2772,Trevor Ariza,2008,3100000.0,58680000.0,0.05282890252215405
202344,Trevor Booker,2014,5000000.0,63065000.0,0.07928327915642591
203504,Trey Burke,2017,784160.0,99093000.0,0.00791337430494586
1626168,Trey Lyles,2019,5500000.0,109140000.0,0.05039398937144952
202684,Tristan Thompson,2015,14260000.0,70000000.0,0.2037142857142857
203584,Troy Daniels,2018,3258539.0,101869000.0,0.03198754282460808
1607,Troy Hudson,2003,2100000.0,43840000.0,0.047901459854014596
2211,Troy Murphy,2005,7365079.0,49500000.0,0.14878947474747475
1629660,Ty Jerome,2024,2560975.0,140588000.0,0.01821617065467892
201951,Ty Lawson,2013,10786517.0,58679000.0,0.18382244073689055
201946,Tyler Hansbrough,2013,3183000.0,58679000.0,0.05424427819151656
1629639,Tyler Herro,2023,27000000.0,136021000.0,0.19849876122069388
204020,Tyler Johnson,2018,19245370.0,101869000.0,0.18892273409967703
203092,Tyler Zeller,2016,8000000.0,94143000.0,0.08497710929118468
201936,Tyreke Evans,2013,11796247.0,58679000.0,0.20103013002948245
1630169,Tyrese Haliburton,2024,42176400.0,140588000.0,0.3
1630178,Tyrese Maxey,2024,35147000.0,140588000.0,0.25
1731,Tyronn Lue,2004,1600000.0,43870000.0,0.03647139275131069
200748,Tyrus Thomas,2010,6611570.0,58044000.0,0.11390617462614568
2199,Tyson Chandler,2005,9000000.0,49500000.0,0.18181818181818182
1626145,Tyus Jones,2019,10116000.0,109140000.0,0.09268829026937878
2617,Udonis Haslem,2007,6050000.0,55630000.0,0.10875426927916591
203506,Victor Oladipo,2017,21000000.0,99093000.0,0.21192213375314098
452,Vin Baker,2003,13500000.0,43840000.0,0.3079379562043796
1713,Vince Carter,2003,11326219.0,43840000.0,0.2583535355839416
958,Vitaly Potapenko,2003,5715000.0,43840000.0,0.130360401459854
124,Vlade Divac,2003,12051510.0,43840000.0,0.27489758211678833
2209,Vladimir Radmanovic,2005,3166155.0,49500000.0,0.06396272727272727
1735,Vladimir Stepania,2003,751179.0,43840000.0,0.017134557481751824
702,Voshon Lenard,2003,1200000.0,43840000.0,0.02737226277372263
1887,Wally Szczerbiak,2003,8000000.0,43840000.0,0.18248175182481752
962,Walter McCarty,2003,1200000.0,43840000.0,0.02737226277372263
201961,Wayne Ellington,2013,2500000.0,58679000.0,0.04260467969801803
202325,Wesley Johnson,2014,981084.0,63065000.0,0.015556711329580591
202083,Wesley Matthews,2013,6875480.0,58679000.0,0.11717104926805161
445,Wesley Person,2003,7700000.0,43840000.0,0.17563868613138686
203115,Will Barton,2016,3533333.0,94143000.0,0.037531553062893686
101198,Will Bynum,2012,3500000.0,58044000.0,0.0602990834539315
1626161,Willie Cauley-Stein,2019,2177483.0,109140000.0,0.01995128275609309
2584,Willie Green,2008,3388000.0,58680000.0,0.05773687798227675
1626195,Willy Hernangomez,2020,1737145.0,109140000.0,0.015916666666666666
201163,Wilson Chandler,2012,5930415.0,58044000.0,0.1021710254289849
1630214,Xavier Tillman,2024,2237691.0,140588000.0,0.015916657182689847
2397,Yao Ming,2006,12455000.0,53135000.0,0.23440293591794487
201146,Yi Jianlian,2011,827197.0,58044000.0,0.014251205981669079
1628380,Zach Collins,2023,7700000.0,136021000.0,0.056608905977753435
203897,Zach LaVine,2018,19500000.0,101869000.0,0.1914223168971915
2216,Zach Randolph,2005,10666667.0,49500000.0,0.21548822222222222
2585,Zaza Pachulia,2007,4000000.0,55630000.0,0.07190364911019234
1630192,Zeke Nnaji,2024,8888889.0,140588000.0,0.0632265129314024
1442,Zeljko Rebraca,2005,3000000.0,49500000.0,0.06060606060606061
1630533,Ziaire Williams,2025,6250000.0,154647000.0,0.040414621686809316
1629627,Zion Williamson,2024,36725670.0,140588000.0,0.26122905226619625
980,Zydrunas Ilgauskas,2004,14625000.0,43870000.0,0.33337132436744926
